0,0.0000000000000000e+00,0.0000000000000000e+00
2.6574608003408378e-03,2.3120677841718384e+00,1.2790867656790564e-03
5.9423266180797926e-03,4.6241355683436769e+00,1.5725855896196843e-03
9.7741281464510683e-03,6.9362033525155153e+00,1.7393786138060179e-03
1.3983296441011081e-02,9.2482711366873538e+00,1.9004172031113330e-03
1.8578942700564538e-02,1.1560338920859191e+01,2.0800516235067509e-03
2.3628033025722590e-02,1.3872406705031031e+01,2.2941939134591416e-03
2.9220085903937907e-02,1.6184474489202870e+01,2.5503437294070869e-03
3.5455370257945151e-02,1.8496542273374708e+01,2.8507090465692657e-03
4.2436286432723611e-02,2.0808610057546545e+01,3.1953145769860504e-03
5.0261351251006704e-02,2.3120677841718383e+01,3.5811670555756722e-03
5.9027519019296593e-02,2.5432745625890224e+01,3.9987749373595616e-03
6.8772991184231885e-02,2.7744813410062061e+01,4.4640821711088852e-03
8.0026533685982670e-02,3.0056881194233899e+01,5.0864689598148355e-03
9.0491782846523830e-02,3.2368948978405740e+01,3.8770352516562662e-03
9.7841742730877590e-02,3.4681016762577578e+01,2.4971892300776274e-03
1.0338158360168910e-01,3.6993084546749415e+01,2.9783853803108315e-03
1.1455462549246902e-01,3.9305152330921253e+01,6.5055800055261875e-03
1.3071144948924299e-01,4.1617220115093090e+01,6.8652291600284909e-03
1.4629634402818845e-01,4.3929287899264928e+01,6.8299328122460867e-03
1.6299721943755144e-01,4.6241355683436765e+01,7.5558651034151603e-03
1.8109888592613654e-01,4.8553423467608603e+01,8.1043351746102055e-03
2.0045852567989433e-01,5.0865491251780448e+01,8.6449755047159210e-03
2.2109465464846617e-01,5.3177559035952285e+01,9.2062188455491745e-03
2.4303539060758939e-01,5.5489626820124123e+01,9.7749042512290107e-03
2.6630231202337745e-01,5.7801694604295960e+01,1.0353167561677895e-02
2.9091735588910450e-01,6.0113762388467798e+01,1.0941173367240792e-02
3.1690381834921938e-01,6.2425830172639635e+01,1.1539682914499444e-02
3.4428790302113765e-01,6.4737897956811480e+01,1.2150376351980824e-02
3.7309848383176641e-01,6.7049965740983311e+01,1.2773648486543138e-02
4.0336576045524819e-01,6.9362033525155155e+01,1.3410844247421644e-02
4.3512409389678341e-01,7.1674101309326986e+01,1.4063616332819967e-02
4.6841060228112141e-01,7.3986169093498830e+01,1.4732995653666314e-02
5.0326559323427622e-01,7.6298236877670661e+01,1.5420695817638996e-02
5.3973347455161913e-01,7.8610304661842505e+01,1.6128508392931173e-02
5.7786273628416518e-01,8.0922372446014350e+01,1.6858077130002092e-02
6.1770666321954459e-01,8.3234440230186181e+01,1.7612403397200882e-02
6.5932626079003076e-01,8.5546508014358025e+01,1.8394407809771640e-02
7.0278658054787679e-01,8.7858575798529856e+01,1.9204626056569474e-02
7.4815477911097594e-01,9.0170643582701700e+01,2.0045645253530642e-02
7.9550783311278350e-01,9.2482711366873531e+01,2.0922185325648712e-02
8.4493032949606772e-01,9.4794779151045375e+01,2.1835682821295388e-02
8.9650691576870800e-01,9.7106846935217206e+01,2.2785769120535093e-02
9.5032591657895837e-01,9.9418914719389051e+01,2.3776162012517754e-02
1.0064848048020330e+00,1.0173098250356090e+02,2.4810207758399372e-02
1.0650863289050840e+00,1.0404305028773273e+02,2.5889087636739805e-02
1.1262338506162195e+00,1.0635511807190457e+02,2.7012796140427175e-02
1.1900342611684054e+00,1.0866718585607640e+02,2.8184599690045609e-02
1.2566029334244795e+00,1.1097925364024825e+02,2.9407804446209385e-02
1.3260606778729476e+00,1.1329132142442008e+02,3.0683808970443094e-02
1.3985292610942019e+00,1.1560338920859192e+02,3.2012125124434521e-02
1.4741305678640144e+00,1.1791545699276375e+02,3.3394298104267306e-02
1.5529932178314827e+00,1.2022752477693560e+02,3.4833768965024547e-02
1.6352524451122936e+00,1.2253959256110744e+02,3.6332627769814829e-02
1.7210463236470614e+00,1.2485166034527927e+02,3.7891211228141319e-02
1.8105117374660336e+00,1.2716372812945112e+02,3.9508538980380425e-02
1.9037856571474006e+00,1.2947579591362296e+02,4.1186190767427799e-02
2.0010108341341777e+00,1.3178786369779479e+02,4.2926812358293764e-02
2.1023346989696923e+00,1.3409993148196662e+02,4.4731803131697445e-02
2.2079065178775590e+00,1.3641199926613845e+02,4.6601318327023300e-02
2.3178742360348439e+00,1.3872406705031031e+02,4.8534171676997584e-02
2.4323839515982084e+00,1.4103613483448214e+02,5.0530511271581924e-02
2.5515843476730837e+00,1.4334820261865397e+02,5.2591933885546061e-02
2.6756270594864713e+00,1.4566027040282583e+02,5.4719338124246564e-02
2.8046650187972157e+00,1.4797233818699766e+02,5.6912930444006360e-02
2.9388507809388580e+00,1.5028440597116949e+02,5.9172173265078287e-02
3.0783347723948085e+00,1.5259647375534132e+02,6.1495884705757620e-02
3.2232657888700964e+00,1.5490854153951318e+02,6.3884071619281446e-02
3.3737932737403815e+00,1.5722060932368501e+02,6.6336987087267874e-02
3.5300668168434779e+00,1.5953267710785684e+02,6.8854520815802900e-02
3.6922354054963820e+00,1.6184474489202870e+02,7.1436258129577102e-02
3.8604466936873711e+00,1.6415681267620053e+02,7.4081474216290299e-02
4.0348462149841797e+00,1.6646888046037236e+02,7.6789052748650111e-02
4.2155772147276576e+00,1.6878094824454419e+02,7.9558296770795955e-02
4.4027815951077924e+00,1.7109301602871605e+02,8.2388524370313743e-02
4.5965990224933631e+00,1.7340508381288788e+02,8.5278578801053939e-02
4.7971665588490433e+00,1.7571715159705971e+02,8.8227361186975273e-02
5.0046187479069637e+00,1.7802921938123154e+02,9.1233806739022594e-02
5.2190876935520478e+00,1.8034128716540340e+02,9.4296879511788667e-02
5.4407031303074831e+00,1.8265335494957523e+02,9.7415568420633480e-02
5.6695929237921092e+00,1.8496542273374706e+02,1.0058928382317278e-01
5.9058829968600604e+00,1.8727749051791892e+02,1.0381662292720772e-01
6.1496945294695635e+00,1.8958955830209075e+02,1.0709519880407559e-01
6.4011436520870433e+00,1.9190162608626258e+02,1.1042301865224369e-01
6.6603421906515790e+00,1.9421369387043441e+02,1.1379839316743157e-01
6.9273984216592419e+00,1.9652576165460627e+02,1.1721993937403319e-01
7.2024178923463849e+00,1.9883782943877810e+02,1.2068666847908549e-01
7.4855042843999389e+00,2.0114989722294993e+02,1.2419800808306380e-01
7.7767605313784820e+00,2.0346196500712179e+02,1.2775368906794426e-01
8.0762869351071469e+00,2.0577403279129362e+02,1.3135130939685968e-01
8.3841765981892493e+00,2.0808610057546545e+02,1.3498762183258606e-01
8.7005157287634631e+00,2.1039816835963728e+02,1.3865990738536116e-01
9.0253847809799801e+00,2.1271023614380914e+02,1.4236591428016876e-01
9.3588596870844647e+00,2.1502230392798097e+02,1.4610396702164863e-01
9.7010131751801971e+00,2.1733437171215280e+02,1.4987298084067646e-01
1.0051916122298007e+01,2.1964643949632463e+02,1.5367243867320912e-01
1.0411638993181121e+01,2.2195850728049649e+02,1.5750252984525304e-01
1.0780252670179115e+01,2.2427057506466832e+02,1.6136288873850457e-01
1.1157823519703239e+01,2.2658264284884015e+02,1.6525004779612296e-01
1.1544409169881446e+01,2.2889471063301201e+02,1.6916038893307572e-01
1.1940059543245527e+01,2.3120677841718384e+02,1.7309082940623455e-01
1.2344818245500058e+01,2.3351884620135567e+02,1.7703897157868553e-01
1.2758724014435922e+01,2.3583091398552750e+02,1.8100303567156129e-01
1.3181812198159243e+01,2.3814298176969936e+02,1.8498187350845452e-01
1.3614116290180270e+01,2.4045504955387119e+02,1.8897502443018066e-01
1.4055669511212871e+01,2.4276711733804302e+02,1.9298272641434799e-01
1.4506506444430890e+01,2.4507918512221488e+02,1.9700581894123648e-01
1.4966662174661632e+01,2.4739125290638671e+02,2.0104316107140185e-01
1.5436165242064657e+01,2.4970332069055854e+02,2.0509090555481713e-01
1.5915035705704437e+01,2.5201538847473037e+02,2.0914566606676921e-01
1.6403286382559752e+01,2.5432745625890223e+02,2.1320460231791394e-01
1.6900924141766065e+01,2.5663952404307406e+02,2.1726541920216036e-01
1.7407951232477455e+01,2.5895159182724592e+02,2.2132639712121005e-01
1.7924366669824689e+01,2.6126365961141772e+02,2.2538645218508968e-01
1.8450167639458133e+01,2.6357572739558958e+02,2.2944510014718311e-01
1.8985350917836307e+01,2.6588779517976144e+02,2.3350247024669279e-01
1.9529914321160085e+01,2.6819986296393324e+02,2.3755933225415582e-01
2.0083858104012297e+01,2.7051193074810510e+02,2.4161680182095679e-01
2.0647182420647503e+01,2.7282399853227690e+02,2.4567322246019607e-01
2.1219881140716257e+01,2.7513606631644876e+02,2.4972540480959360e-01
2.1801941117206351e+01,2.7744813410062062e+02,2.5377054289105949e-01
2.2393343232577507e+01,2.7976020188479242e+02,2.5780625317463368e-01
2.2994063426691518e+01,2.8207226966896428e+02,2.6183063705635234e-01
2.3604073738587743e+01,2.8438433745313614e+02,2.6584223936023754e-01
2.4223343356009572e+01,2.8669640523730794e+02,2.6984005462924188e-01
2.4851839677363444e+01,2.8900847302147980e+02,2.7382353464187403e-01
2.5489529390095910e+01,2.9132054080565166e+02,2.7779261034658909e-01
2.6136379564457759e+01,2.9363260858982346e+02,2.8174768383926363e-01
2.6792358721108396e+01,2.9594467637399532e+02,2.8568963329249542e-01
2.7457437923748635e+01,2.9825674415816712e+02,2.8961958411386135e-01
2.8131588985007944e+01,3.0056881194233898e+02,2.9353661978496604e-01
2.8814779274551629e+01,3.0288087972651084e+02,2.9743842160944745e-01
2.9506971323881992e+01,3.0519294751068264e+02,3.0132306728591196e-01
3.0208123488115586e+01,3.0750501529485450e+02,3.0518889574835839e-01
3.0918190593650188e+01,3.0981708307902636e+02,3.0903452090414341e-01
3.1637124579699098e+01,3.1212915086319816e+02,3.1285882855119240e-01
3.2364875145164135e+01,3.1444121864737002e+02,3.1666098546596189e-01
3.3101390403716394e+01,3.1675328643154188e+02,3.2044045178636438e-01
3.3846617536007102e+01,3.1906535421571368e+02,3.2419696635818696e-01
3.4600503440318292e+01,3.2137742199988554e+02,3.2793054643337882e-01
3.5362995381640054e+01,3.2368948978405740e+02,3.3164148968676699e-01
3.6134041640426531e+01,3.2600155756822920e+02,3.3533036781659575e-01
3.6913592187145866e+01,3.2831362535240106e+02,3.3899809027462524e-01
3.7701598957792100e+01,3.3062569313657286e+02,3.4264517438688813e-01
3.8498012954901135e+01,3.3293776092074472e+02,3.4627030829787486e-01
3.9302782076762981e+01,3.3524982870491658e+02,3.4987241764442345e-01
4.0115852011576152e+01,3.3756189648908838e+02,3.5345059386682820e-01
4.0937166504313453e+01,3.3987396427326024e+02,3.5700406662349948e-01
4.1766667667479865e+01,3.4218603205743210e+02,3.6053218873907156e-01
4.2604296279076678e+01,3.4449809984160390e+02,3.6403444968547305e-01
4.3449992079509158e+01,3.4681016762577576e+02,3.6751046562318379e-01
4.4303694064653612e+01,3.4912223540994762e+02,3.7095997807670500e-01
4.5165340776130705e+01,3.5143430319411942e+02,3.7438285278127381e-01
4.6034870588736858e+01,3.5374637097829128e+02,3.7777907839695501e-01
4.6912221994732896e+01,3.5605843876246308e+02,3.8114876627689398e-01
4.7797333885147140e+01,3.5837050654663494e+02,3.8449214964382605e-01
4.8690145831825411e+01,3.6068257433080680e+02,3.8780958761583051e-01
4.9590598337834429e+01,3.6299464211497860e+02,3.9110153191155916e-01
5.0498633200520473e+01,3.6530670989915046e+02,3.9436855450078667e-01
5.1414192448803483e+01,3.6761877768332232e+02,3.9761019040911805e-01
5.2337216546272337e+01,3.6993084546749412e+02,4.0082580826480552e-01
5.3267645203188735e+01,3.7224291325166598e+02,4.0401530794849805e-01
5.4205417874369125e+01,3.7455498103583784e+02,4.0717856119199780e-01
5.5150473780436826e+01,3.7686704882000964e+02,4.1031548812804886e-01
5.6102751984459012e+01,3.7917911660418150e+02,4.1342603409054135e-01
5.7062191457074995e+01,3.8149118438835336e+02,4.1651017327397000e-01
5.8028731139656529e+01,3.8380325217252516e+02,4.1956790642932873e-01
5.9002310005141403e+01,3.8611531995669702e+02,4.2259925999416126e-01
5.9982867116254340e+01,3.8842738774086882e+02,4.2560428501970549e-01
6.0970341681494844e+01,3.9073945552504068e+02,4.2858305610764447e-01
6.1964673108198284e+01,3.9305152330921254e+02,4.3153567082161359e-01
6.2965801054759339e+01,3.9536359109338434e+02,4.3446224588950955e-01
6.3973665477835866e+01,3.9767565887755620e+02,4.3736293188576880e-01
6.4988206672538468e+01,3.9998772666172806e+02,4.4023783702182939e-01
6.6009365397394276e+01,4.0229979444589986e+02,4.4308735511681263e-01
6.7037082389324382e+01,4.0461186223007172e+02,4.4591087093880688e-01
6.8071302200555806e+01,4.0692393001424358e+02,4.4871462698253950e-01
6.9112000661579032e+01,4.0923599779841538e+02,4.5151717596905527e-01
7.0159172789547853e+01,4.1154806558258724e+02,4.5431244351559030e-01
7.1212790311526646e+01,4.1386013336675904e+02,4.5709121271097075e-01
7.2272805658520227e+01,4.1617220115093090e+02,4.5984548228623368e-01
7.3339154277426701e+01,4.1848426893510276e+02,4.6256865840480543e-01
7.4411757854656173e+01,4.2079633671927456e+02,4.6525540852803005e-01
7.5490527229853967e+01,4.2310840450344642e+02,4.6790167553639606e-01
7.6575365298426362e+01,4.2542047228761828e+02,4.7050463456356084e-01
7.7666169833267901e+01,4.2773254007179008e+02,4.7306266832074328e-01
7.8762836243770096e+01,4.3004460785596194e+02,4.7557533882517333e-01
7.9865260272380524e+01,4.3235667564013380e+02,4.7804336595176267e-01
8.0973340633319737e+01,4.3466874342430560e+02,4.8046860109208467e-01
8.2086981595373530e+01,4.3698081120847746e+02,4.8285399878775337e-01
8.3206095517343627e+01,4.3929287899264926e+02,4.8520360478855196e-01
8.4330605316766665e+01,4.4160494677682112e+02,4.8752250127050445e-01
8.5460446977846146e+01,4.4391701456099298e+02,4.8981691411525929e-01
8.6595571635143344e+01,4.4622908234516478e+02,4.9209373515385124e-01
8.7735949216089750e+01,4.4854115012933664e+02,4.9436211098142735e-01
8.8881565371346611e+01,4.5085321791350850e+02,4.9662787512756523e-01
9.0032431030549702e+01,4.5316528569768030e+02,4.9887007179327725e-01
9.1188057237771943e+01,4.5547735348185216e+02,5.0070116404878462e-01
9.2347437974601576e+01,4.5778942126602402e+02,5.0214170644940737e-01
9.3509848683208048e+01,4.6010148905019582e+02,5.0334731725205017e-01
9.4674906732688811e+01,4.6241355683436768e+02,5.0445296591537669e-01
9.5842521784425969e+01,4.6472562461853954e+02,5.0557772969045800e-01
9.7012859024045412e+01,4.6703769240271134e+02,5.0682330736050574e-01
9.8186299133533424e+01,4.6934976018688320e+02,5.0827447084812860e-01
9.9363399016464186e+01,4.7166182797105500e+02,5.0999887288826073e-01
1.0054485219485093e+02,4.7397389575522686e+02,5.1204704824593250e-01
1.0173144921319778e+02,4.7628596353939872e+02,5.1445240376089885e-01
1.0292403810363938e+02,4.7859803132357052e+02,5.1723128791244477e-01
1.0412348509847790e+02,4.8091009910774238e+02,5.2038313538013625e-01
1.0533063577597449e+02,4.8322216689191424e+02,5.2389069982044845e-01
1.0654627684883499e+02,4.8553423467608604e+02,5.2772036824342905e-01
1.0777109875055103e+02,4.8784630246025790e+02,5.3182256503325220e-01
1.0900565930205951e+02,4.9015837024442976e+02,5.3613216727628554e-01
1.1025034811631305e+02,4.9247043802860156e+02,5.4056914243765419e-01
1.1150535352367348e+02,4.9478250581277342e+02,5.4503853878310338e-01
1.1277062550589795e+02,4.9709457359694522e+02,5.4943273115856073e-01
1.1404585910803846e+02,4.9940664138111708e+02,5.5362607176752476e-01
1.1533040525128627e+02,5.0171870916528894e+02,5.5749296271017101e-01
1.1662346000634977e+02,5.0403077694946074e+02,5.6085867151696078e-01
1.1792331506629355e+02,5.0634284473363260e+02,5.6383441891664887e-01
1.1923307189003432e+02,5.0865491251780446e+02,5.6982608021792203e-01
1.2056158527461683e+02,5.1096698030197626e+02,5.7983042256145012e-01
1.2191553705901228e+02,5.1327904808614812e+02,5.9149537398266716e-01
1.2329677822383726e+02,5.1559111587031998e+02,6.0318890171328121e-01
1.2470364939848383e+02,5.1790318365449184e+02,6.1345169749426276e-01
1.2613145729881262e+02,5.2021525143866359e+02,6.2113395195254384e-01
1.2757316123131903e+02,5.2252731922283544e+02,6.2534652934570545e-01
1.2901996003443404e+02,5.2483938700700730e+02,6.2545533634298067e-01
1.3046186876919054e+02,5.2715145479117916e+02,6.2106829329935920e-01
1.3188826778671302e+02,5.2946352257535102e+02,6.1202791948957014e-01
1.3328844048299908e+02,5.3177559035952288e+02,5.9840811178151654e-01
1.3465210879968549e+02,5.3408765814369463e+02,5.8051583021288877e-01
1.3596997797110291e+02,5.3639972592786648e+02,5.5889731376787921e-01
1.3723430086267302e+02,5.3871179371203834e+02,5.3434897914402057e-01
1.3843946939118075e+02,5.4102386149621020e+02,5.0792890969323423e-01
1.3958263891699173e+02,5.4333592928038206e+02,4.8097645472479655e-01
1.4066438492069921e+02,5.4564799706455381e+02,4.5510216794622238e-01
1.4168937232997396e+02,5.4796006484872566e+02,4.3225945860405091e-01
1.4266473703177223e+02,5.5027213263289752e+02,4.1104314654717200e-01
1.4358799579328911e+02,5.5258420041706938e+02,3.8717458320016362e-01
1.4445320236364017e+02,5.5489626820124124e+02,3.6088683061642257e-01
1.4525518455585080e+02,5.5720833598541310e+02,3.3253882929662382e-01
1.4598956013499114e+02,5.5952040376958485e+02,3.0245850148144626e-01
1.4665269876936338e+02,5.6183247155375670e+02,2.7096820549201084e-01
1.4724170165535591e+02,5.6414453933792856e+02,2.3837845787472389e-01
1.4775437613431987e+02,5.6645660712210042e+02,2.0498978856004157e-01
1.4818921241901842e+02,5.6876867490627228e+02,1.7109244953973501e-01
1.4854535995328908e+02,5.7108074269044403e+02,1.3696654144568043e-01
1.4882260392382216e+02,5.7339281047461589e+02,1.0288195420020685e-01
1.4902134155540347e+02,5.7570487825878774e+02,6.9098262259124965e-02
1.4914255809466448e+02,5.7801694604295960e+02,3.5864551520326415e-02
1.4918780232231461e+02,5.8032901382713146e+02,3.4191867334527615e-03
1.4918780232231461e+02,5.8264108161130332e+02,0.0000000000000000e+00
1.4918780232231461e+02,5.8495314939547507e+02,0.0000000000000000e+00
1.4918780232231461e+02,5.8726521717964692e+02,0.0000000000000000e+00
1.4918780232231461e+02,5.8957728496381878e+02,0.0000000000000000e+00
1.4918780232231461e+02,5.9188935274799064e+02,0.0000000000000000e+00
1.4918780232231461e+02,5.9420142053216250e+02,0.0000000000000000e+00
1.4918780232231461e+02,5.9651348831633425e+02,0.0000000000000000e+00
1.4918780232231461e+02,5.9882555610050611e+02,0.0000000000000000e+00
1.4918780232231461e+02,6.0113762388467796e+02,0.0000000000000000e+00
1.4918780232231461e+02,6.0344969166884982e+02,0.0000000000000000e+00
1.4918780232231461e+02,6.0576175945302168e+02,0.0000000000000000e+00
1.4918780232231461e+02,6.0807382723719354e+02,0.0000000000000000e+00
1.4918780232231461e+02,6.1038589502136529e+02,0.0000000000000000e+00
1.4918780232231461e+02,6.1269796280553714e+02,0.0000000000000000e+00
1.4918780232231461e+02,6.1501003058970900e+02,0.0000000000000000e+00
1.4918780232231461e+02,6.1732209837388086e+02,0.0000000000000000e+00
1.4918780232231461e+02,6.1963416615805272e+02,0.0000000000000000e+00
1.4918780232231461e+02,6.2194623394222447e+02,0.0000000000000000e+00
1.4918780232231461e+02,6.2425830172639633e+02,0.0000000000000000e+00
1.4918780232231461e+02,6.2657036951056818e+02,0.0000000000000000e+00
1.4918780232231461e+02,6.2888243729474004e+02,0.0000000000000000e+00
1.4918780232231461e+02,6.3119450507891190e+02,0.0000000000000000e+00
1.4918780232231461e+02,6.3350657286308376e+02,0.0000000000000000e+00
1.4918780232231461e+02,6.3581864064725551e+02,0.0000000000000000e+00
1.4918780232231461e+02,6.3813070843142737e+02,0.0000000000000000e+00
1.4918780232231461e+02,6.4044277621559922e+02,0.0000000000000000e+00
1.4918780232231461e+02,6.4275484399977108e+02,0.0000000000000000e+00
1.4918780232231461e+02,6.4506691178394294e+02,0.0000000000000000e+00
1.4918780232231461e+02,6.4737897956811480e+02,0.0000000000000000e+00
1.4918780232231461e+02,6.4969104735228655e+02,0.0000000000000000e+00
1.4918780232231461e+02,6.5200311513645840e+02,0.0000000000000000e+00
1.4918780232231461e+02,6.5431518292063026e+02,0.0000000000000000e+00
1.4918780232231461e+02,6.5662725070480212e+02,0.0000000000000000e+00
1.4918780232231461e+02,6.5893931848897398e+02,0.0000000000000000e+00
1.4918780232231461e+02,6.6125138627314573e+02,0.0000000000000000e+00
1.4918780232231461e+02,6.6356345405731759e+02,0.0000000000000000e+00
1.4918780232231461e+02,6.6587552184148944e+02,0.0000000000000000e+00
1.4918780232231461e+02,6.6818758962566130e+02,0.0000000000000000e+00
1.4918780232231461e+02,6.7049965740983316e+02,0.0000000000000000e+00
1.4918780232231461e+02,6.7281172519400502e+02,0.0000000000000000e+00
1.4918780232231461e+02,6.7512379297817677e+02,0.0000000000000000e+00
1.4918780232231461e+02,6.7743586076234863e+02,0.0000000000000000e+00
1.4918780232231461e+02,6.7974792854652048e+02,0.0000000000000000e+00
1.4918780232231461e+02,6.8205999633069234e+02,0.0000000000000000e+00
1.4918780232231461e+02,6.8437206411486420e+02,0.0000000000000000e+00
1.4918780232231461e+02,6.8668413189903595e+02,0.0000000000000000e+00
1.4918780232231461e+02,6.8899619968320781e+02,0.0000000000000000e+00
1.4918780232231461e+02,6.9130826746737966e+02,0.0000000000000000e+00
1.4918780232231461e+02,6.9362033525155152e+02,0.0000000000000000e+00
1.4918780232231461e+02,6.9593240303572338e+02,0.0000000000000000e+00
1.4918780232231461e+02,6.9824447081989524e+02,0.0000000000000000e+00
1.4951567635843230e+02,7.0055653860406699e+02,3.0041560122847244e-01
1.5021057717467940e+02,7.0286860638823885e+02,3.0070904832312095e-01
1.5090626038704525e+02,7.0518067417241070e+02,3.0108227284252109e-01
1.5160282801284308e+02,7.0749274195658256e+02,3.0145405994942820e-01
1.5230012715604940e+02,7.0980480974075442e+02,3.0170760926510098e-01
1.5299787966168205e+02,7.1211687752492617e+02,3.0185682446526130e-01
1.5369595202750637e+02,7.1442894530909803e+02,3.0199457105533867e-01
1.5439433863851912e+02,7.1674101309326988e+02,3.0212761949035638e-01
1.5509303392537001e+02,7.1905308087744174e+02,3.0226337952816351e-01
1.5579205163652790e+02,7.2136514866161360e+02,3.0240695880532087e-01
1.5649141271535478e+02,7.2367721644578546e+02,3.0256077603304021e-01
1.5719114187799289e+02,7.2598928422995721e+02,3.0272525375470849e-01
1.5789126193035821e+02,7.2830135201412907e+02,3.0289837044368539e-01
1.5859178862350976e+02,7.3061341979830092e+02,3.0307612186243205e-01
1.5929272559926054e+02,7.3292548758247278e+02,3.0325165516910602e-01
1.5999405820461948e+02,7.3523755536664464e+02,3.0341766141840765e-01
1.6069576258944167e+02,7.3754962315081639e+02,3.0357500095385603e-01
1.6139783018887871e+02,7.3986169093498825e+02,3.0373192720483644e-01
1.6210025905367485e+02,7.4217375871916011e+02,3.0388748208703475e-01
1.6280304630058140e+02,7.4448582650333196e+02,3.0404195935575729e-01
1.6350618941805135e+02,7.4679789428750382e+02,3.0419531307234138e-01
1.6420968582402520e+02,7.4910996207167568e+02,3.0434756874720392e-01
1.6491353299794318e+02,7.5142202985584743e+02,3.0449873741842737e-01
1.6561772843741304e+02,7.5373409764001929e+02,3.0464882976180263e-01
1.6632226966571420e+02,7.5604616542419114e+02,3.0479785529917081e-01
1.6702715422537338e+02,7.5835823320836300e+02,3.0494582183310115e-01
1.6773237967522923e+02,7.6067030099253486e+02,3.0509273516825886e-01
1.6843794358360449e+02,7.6298236877670672e+02,3.0523859734799430e-01
1.6914384352667344e+02,7.6529443656087847e+02,3.0538341862144591e-01
1.6985007712758355e+02,7.6760650434505033e+02,3.0552722391993825e-01
1.7055664206233129e+02,7.6991857212922218e+02,3.0567003427844952e-01
1.7126353605196914e+02,7.7223063991339404e+02,3.0581186766946189e-01
1.7197075685521222e+02,7.7454270769756590e+02,3.0595273874605766e-01
1.7267830226081603e+02,7.7685477548173765e+02,3.0609265888070070e-01
1.7338617008009874e+02,7.7916684326590951e+02,3.0623163621088167e-01
1.7409435813910855e+02,7.8147891105008136e+02,3.0636967532386450e-01
1.7480286427162787e+02,7.8379097883425322e+02,3.0650677845366658e-01
1.7551168631018689e+02,7.8610304661842508e+02,3.0664294115568680e-01
1.7622082208155334e+02,7.8841511440259694e+02,3.0677816798520041e-01
1.7693026944211098e+02,7.9072718218676869e+02,3.0691247914427322e-01
1.7764002629937869e+02,7.9303924997094055e+02,3.0704589046227682e-01
1.7835009057149702e+02,7.9535131775511240e+02,3.0717840197216617e-01
1.7906046018416868e+02,7.9766338553928426e+02,3.0731001899378896e-01
1.7977113307551687e+02,7.9997545332345612e+02,3.0744074711404323e-01
1.8048210719849055e+02,8.0228752110762787e+02,3.0757059358373340e-01
1.8119338052435219e+02,8.0459958889179973e+02,3.0769956698613043e-01
1.8190495104574379e+02,8.0691165667597159e+02,3.0782767727563964e-01
1.8261681678003728e+02,8.0922372446014344e+02,3.0795493595043411e-01
1.8332897577231867e+02,8.1153579224431530e+02,3.0808135540428339e-01
1.8404142609896616e+02,8.1384786002848716e+02,3.0820695104767992e-01
1.8475416586875372e+02,8.1615992781265891e+02,3.0833173143069814e-01
1.8546719319830740e+02,8.1847199559683077e+02,3.0845569882711743e-01
1.8618050621534979e+02,8.2078406338100262e+02,3.0857886048437422e-01
1.8689410306964487e+02,8.2309613116517448e+02,3.0870122709295345e-01
1.8760798193365713e+02,8.2540819894934634e+02,3.0882280776921789e-01
1.8832214100056086e+02,8.2772026673351809e+02,3.0894361135966619e-01
1.8903657848330550e+02,8.3003233451768995e+02,3.0906364612233972e-01
1.8975129261329226e+02,8.3234440230186181e+02,3.0918291978967716e-01
1.9046628163918083e+02,8.3465647008603366e+02,3.0930143956632605e-01
1.9118154382564902e+02,8.3696853787020552e+02,3.0941921210187218e-01
1.9189707745217225e+02,8.3928060565437738e+02,3.0953624352071074e-01
1.9261288081185916e+02,8.4159267343854913e+02,3.0965253931492498e-01
1.9332895221014783e+02,8.4390474122272099e+02,3.0976810528369469e-01
1.9404528996869755e+02,8.4621680900689284e+02,3.0988294939776040e-01
1.9476189242877547e+02,8.4852887679106470e+02,3.0999708042520524e-01
1.9547875795111696e+02,8.5084094457523656e+02,3.1011050645713567e-01
1.9619588491475798e+02,8.5315301235940831e+02,3.1022323528716811e-01
1.9691327171631272e+02,8.5546508014358017e+02,3.1033527433542929e-01
1.9763091676910472e+02,8.5777714792775203e+02,3.1044663065881650e-01
1.9834881850234234e+02,8.6008921571192388e+02,3.1055731093854888e-01
1.9906697536029358e+02,8.6240128349609574e+02,3.1066732143960962e-01
1.9978538580145221e+02,8.6471335128026760e+02,3.1077666812952032e-01
2.0050404829766978e+02,8.6702541906443935e+02,3.1088535663425887e-01
2.0122296133340441e+02,8.6933748684861121e+02,3.1099339221739797e-01
2.0194212340463827e+02,8.7164955463278307e+02,3.1110077982668827e-01
2.0266153302052953e+02,8.7396162241695492e+02,3.1120752597064438e-01
2.0338118870609415e+02,8.7627369020112678e+02,3.1131363776626131e-01
2.0410108900253246e+02,8.7858575798529853e+02,3.1141912199483102e-01
2.0482123246632776e+02,8.8089782576947039e+02,3.1152398516901769e-01
2.0554161766879656e+02,8.8320989355364225e+02,3.1162823351279201e-01
2.0626224319553327e+02,8.8552196133781410e+02,3.1173187306863781e-01
2.0698310764585196e+02,8.8783402912198596e+02,3.1183490967102045e-01
2.0770420963224188e+02,8.9014609690615782e+02,3.1193734891735403e-01
2.0842554777983432e+02,8.9245816469032957e+02,3.1203919617270515e-01
2.0914712072583600e+02,8.9477023247450143e+02,3.1214045654836298e-01
2.0986892711906364e+02,8.9708230025867329e+02,3.1224113500121575e-01
2.1059096561924275e+02,8.9939436804284514e+02,3.1234123595757524e-01
2.1131323489733163e+02,9.0170643582701700e+02,3.1244076531271503e-01
2.1203573363911846e+02,9.0401850361118886e+02,3.1253972913454220e-01
2.1275846054313277e+02,9.0633057139536061e+02,3.1263813246539485e-01
2.1348141431880373e+02,9.0864263917953247e+02,3.1273597989245161e-01
2.1420459368641281e+02,9.1095470696370433e+02,3.1283327620840851e-01
2.1492799737730923e+02,9.1326677474787618e+02,3.1293002621929134e-01
2.1565162413398980e+02,9.1557884253204804e+02,3.1302623479378155e-01
2.1637547271023820e+02,9.1789091031621979e+02,3.1312190685575558e-01
2.1709954187124561e+02,9.2020297810039165e+02,3.1321704737942468e-01
2.1782383039375043e+02,9.2251504588456351e+02,3.1331166133205102e-01
2.1854833706619357e+02,9.2482711366873536e+02,3.1340575375617163e-01
2.1927306068876447e+02,9.2713918145290722e+02,3.1349932981555639e-01
2.1999800007380694e+02,9.2945124923707908e+02,3.1359239472334366e-01
2.2072315404459943e+02,9.3176331702125083e+02,3.1368495279519948e-01
2.2144852143381081e+02,9.3407538480542269e+02,3.1377700794530483e-01
2.2217410108391977e+02,9.3638745258959455e+02,3.1386856492395054e-01
2.2289989184854468e+02,9.3869952037376640e+02,3.1395962844092651e-01
2.2362589259193169e+02,9.4101158815793826e+02,3.1405020298818442e-01
2.2435210218878467e+02,9.4332365594211001e+02,3.1414029300796642e-01
2.2507851952398900e+02,9.4563572372628187e+02,3.1422990286364438e-01
2.2580514349235983e+02,9.4794779151045373e+02,3.1431903681482254e-01
2.2653197299839889e+02,9.5025985929462558e+02,3.1440769901313104e-01
2.2725900695604875e+02,9.5257192707879744e+02,3.1449589350310703e-01
2.2798624428845210e+02,9.5488399486296930e+02,3.1458362422633002e-01
2.2871368392770569e+02,9.5719606264714105e+02,3.1467089500074508e-01
2.2944132481462907e+02,9.5950813043131291e+02,3.1475770950893889e-01
2.3016916589917062e+02,9.6182019821548477e+02,3.1484407228138878e-01
2.3089720614351452e+02,9.6413226599965662e+02,3.1492998850889364e-01
2.3162544451849936e+02,9.6644433378382848e+02,3.1501546096524180e-01
2.3235388000144189e+02,9.6875640156800023e+02,3.1510049256884543e-01
2.3308251157655855e+02,9.7106846935217209e+02,3.1518508639149445e-01
2.3381133823531758e+02,9.7338053713634395e+02,3.1526924567251058e-01
2.3454035897682607e+02,9.7569260492051581e+02,3.1535297378611915e-01
2.3526957280822924e+02,9.7800467270468766e+02,3.1543627423052101e-01
2.3599897874508488e+02,9.8031674048885952e+02,3.1551915073060854e-01
2.3672857581173812e+02,9.8262880827303127e+02,3.1560160718331076e-01
2.3745836304170791e+02,9.8494087605720313e+02,3.1568364765736590e-01
2.3818833947807366e+02,9.8725294384137499e+02,3.1576527639265350e-01
2.3891850417386857e+02,9.8956501162554684e+02,3.1584649780714358e-01
2.3964885619245959e+02,9.9187707940971870e+02,3.1592731645427818e-01
2.4037939460711235e+02,9.9418914719389045e+02,3.1600773583416242e-01
2.4111011849764662e+02,9.9650121497806231e+02,3.1608775839693237e-01
2.4184102694927785e+02,9.9881328276223417e+02,3.1616738646248166e-01
2.4257211905284726e+02,1.0011253505464060e+03,3.1624662258242608e-01
2.4330339390523102e+02,1.0034374183305779e+03,3.1632546944879891e-01
2.4403485060967623e+02,1.0057494861147497e+03,3.1640392991637611e-01
2.4476648827616896e+02,1.0080615538989215e+03,3.1648200699552831e-01
2.4549830602181018e+02,1.0103736216830933e+03,3.1655970378413656e-01
2.4623030297119541e+02,1.0126856894672652e+03,3.1663702357967338e-01
2.4696247825675999e+02,1.0149977572514371e+03,3.1671396986611455e-01
2.4769483101916273e+02,1.0173098250356089e+03,3.1679054629681502e-01
2.4842736040760272e+02,1.0196218928197807e+03,3.1686675665380903e-01
2.4916006558032245e+02,1.0219339606039525e+03,3.1694260504298200e-01
2.4989294570463284e+02,1.0242460283881244e+03,3.1701809504791356e-01
2.5062599995511965e+02,1.0265580961722962e+03,3.1709322916600513e-01
2.5135922751125071e+02,1.0288701639564681e+03,3.1716800943863177e-01
2.5209262755774341e+02,1.0311822317406400e+03,3.1724243827046905e-01
2.5282619928483507e+02,1.0334942995248118e+03,3.1731651806907735e-01
2.5355994188840882e+02,1.0358063673089837e+03,3.1739025134217513e-01
2.5429385457020027e+02,1.0381184350931555e+03,3.1746364067640798e-01
2.5502793653797394e+02,1.0404305028773272e+03,3.1753668872612195e-01
2.5576218700573065e+02,1.0427425706614990e+03,3.1760939816452094e-01
2.5649660519389460e+02,1.0450546384456709e+03,3.1768177180646262e-01
2.5723119032948830e+02,1.0473667062298427e+03,3.1775381256090895e-01
2.5796594164630818e+02,1.0496787740140146e+03,3.1782552341633163e-01
2.5870085838515257e+02,1.0519908417981865e+03,3.1789690747950772e-01
2.5943593979393501e+02,1.0543029095823583e+03,3.1796796781860337e-01
2.6017118512808969e+02,1.0566149773665302e+03,3.1803870807598855e-01
2.6090659365161611e+02,1.0589270451507020e+03,3.1810913127277729e-01
2.6164216463342285e+02,1.0612391129348739e+03,3.1817923898262279e-01
2.6237789734542497e+02,1.0635511807190458e+03,3.1824903238609181e-01
2.6311379106266605e+02,1.0658632485032174e+03,3.1831851302281677e-01
2.6384984506394187e+02,1.0681753162873893e+03,3.1838768261405903e-01
2.6458605863221516e+02,1.0704873840715611e+03,3.1845654308966687e-01
2.6532243105512407e+02,1.0727994518557330e+03,3.1852509652627248e-01
2.6605896162547094e+02,1.0751115196399048e+03,3.1859334524089888e-01
2.6679564964168821e+02,1.0774235874240767e+03,3.1866129178231972e-01
2.6753249440831485e+02,1.0797356552082485e+03,3.1872893891384990e-01
2.6826949523648454e+02,1.0820477229924204e+03,3.1879628962148843e-01
2.6900665144439654e+02,1.0843597907765923e+03,3.1886334708779884e-01
2.6974396235781938e+02,1.0866718585607641e+03,3.1893011470141630e-01
2.7048142731066747e+02,1.0889839263449360e+03,3.1899659588196982e-01
2.7121904564438978e+02,1.0912959941291076e+03,3.1906279341136212e-01
2.7195681670435431e+02,1.0936080619132795e+03,3.1912870827905238e-01
2.7269473983824730e+02,1.0959201296974513e+03,3.1919434156129967e-01
2.7343281439641970e+02,1.0982321974816232e+03,3.1925969451877734e-01
2.7417103973230138e+02,1.1005442652657950e+03,3.1932476857576830e-01
2.7490941520281996e+02,1.1028563330499669e+03,3.1938956528799167e-01
2.7564794016880870e+02,1.1051684008341388e+03,3.1945408642897632e-01
2.7638661399540291e+02,1.1074804686183106e+03,3.1951833395812912e-01
2.7712543605244628e+02,1.1097925364024825e+03,3.1958231001880222e-01
2.7786440571489891e+02,1.1121046041866543e+03,3.1964601693937311e-01
2.7860352236324792e+02,1.1144166719708262e+03,3.1970945721644739e-01
2.7934278538394619e+02,1.1167287397549978e+03,3.1977263344441553e-01
2.8008219416984048e+02,1.1190408075391697e+03,3.1983554846358686e-01
2.8082174812054302e+02,1.1213528753233416e+03,3.1989820531296687e-01
2.8156144664287768e+02,1.1236649431075134e+03,3.1996060713466079e-01
2.8230128914916202e+02,1.1259770108916853e+03,3.2002275544348890e-01
2.8304127505438049e+02,1.1282890786758571e+03,3.2008465117795026e-01
2.8378140377559350e+02,1.1306011464600290e+03,3.2014629528877947e-01
2.8452167473239103e+02,1.1329132142442008e+03,3.2020768894007290e-01
2.8526208734720024e+02,1.1352252820283727e+03,3.2026883342838630e-01
2.8600264104560250e+02,1.1375373498125446e+03,3.2032973020561428e-01
2.8674333525666805e+02,1.1398494175967164e+03,3.2039038087157223e-01
2.8748416941328219e+02,1.1421614853808881e+03,3.2045078716532771e-01
2.8822514295249891e+02,1.1444735531650599e+03,3.2051095090506010e-01
2.8896625531588444e+02,1.1467856209492318e+03,3.2057087410217378e-01
2.8970750594983036e+02,1.1490976887334036e+03,3.2063055893181058e-01
2.9044889430589541e+02,1.1514097565175755e+03,3.2069000772681022e-01
2.9119041984111732e+02,1.1537218243017473e+03,3.2074922294717112e-01
2.9193208201838155e+02,1.1560338920859192e+03,3.2080820726338288e-01
2.9267388030680377e+02,1.1583459598700911e+03,3.2086696316740415e-01
2.9341581418084741e+02,1.1606580276542629e+03,3.2092549251659364e-01
2.9415788311732530e+02,1.1629700954384348e+03,3.2098379584681425e-01
2.9490008659446937e+02,1.1652821632226066e+03,3.2104187387270144e-01
2.9564242409231144e+02,1.1675942310067783e+03,3.2109972745843152e-01
2.9638489509301547e+02,1.1699062987909501e+03,3.2115735760659447e-01
2.9712749908125193e+02,1.1722183665751220e+03,3.2121476543909466e-01
2.9787023554454777e+02,1.1745304343592938e+03,3.2127195226651395e-01
2.9861310397363047e+02,1.1768425021434657e+03,3.2132891956156584e-01
2.9935610386277813e+02,1.1791545699276376e+03,3.2138566895723386e-01
3.0009923471017180e+02,1.1814666377118094e+03,3.2144220224935793e-01
3.0084249601826150e+02,1.1837787054959813e+03,3.2149852132678802e-01
3.0158588729415260e+02,1.1860907732801531e+03,3.2155462823487824e-01
3.0232940804995667e+02,1.1884028410643250e+03,3.2161052522606326e-01
3.0307305780309059e+02,1.1907149088484969e+03,3.2166621469440315e-01
3.0381683607676086e+02,1.1930269766326685e+03,3.2172169930863959e-01
3.0456074239928722e+02,1.1953390444168404e+03,3.2177698055699011e-01
3.0530477630139899e+02,1.1976511122010122e+03,3.2183205910739332e-01
3.0604893731492632e+02,1.1999631799851841e+03,3.2188693541495184e-01
3.0679322497309289e+02,1.2022752477693559e+03,3.2194161018824730e-01
3.0753763881085968e+02,1.2045873155535278e+03,3.2199608423810844e-01
3.0828217836519173e+02,1.2068993833376996e+03,3.2205035852105368e-01
3.0902684317537683e+02,1.2092114511218715e+03,3.2210443410521350e-01
3.0977163278334956e+02,1.2115235189060434e+03,3.2215831215948754e-01
3.1051654673399185e+02,1.2138355866902152e+03,3.2221199402809475e-01
3.1126158457543011e+02,1.2161476544743871e+03,3.2226548119646736e-01
3.1200674585933774e+02,1.2184597222585587e+03,3.2231877529017083e-01
3.1275203014124440e+02,1.2207717900427306e+03,3.2237187807405121e-01
3.1349743698086627e+02,1.2230838578269024e+03,3.2242479135453550e-01
3.1424296594241315e+02,1.2253959256110743e+03,3.2247751713751427e-01
3.1498861659498965e+02,1.2277079933952461e+03,3.2253005760846065e-01
3.1573438851245965e+02,1.2300200611794180e+03,3.2258241471411964e-01
3.1648028127170744e+02,1.2323321289635899e+03,3.2263458899629427e-01
3.1722629445058482e+02,1.2346441967477617e+03,3.2268658105370207e-01
3.1797242762870070e+02,1.2369562645319336e+03,3.2273839166957430e-01
3.1871868038753513e+02,1.2392683323161054e+03,3.2279002167787496e-01
3.1946505231057074e+02,1.2415804001002773e+03,3.2284147199321467e-01
3.2021154298344356e+02,1.2438924678844489e+03,3.2289274359227704e-01
3.2095815199408071e+02,1.2462045356686208e+03,3.2294383750853228e-01
3.2170487893286463e+02,1.2485166034527927e+03,3.2299475479116779e-01
3.2245172339278076e+02,1.2508286712369645e+03,3.2304549659359338e-01
3.2319868496954609e+02,1.2531407390211364e+03,3.2309606414399639e-01
3.2394576326175570e+02,1.2554528068053082e+03,3.2314645874033943e-01
3.2469295787102101e+02,1.2577648745894801e+03,3.2319668173771277e-01
3.2544026840213201e+02,1.2600769423736519e+03,3.2324673451492458e-01
3.2618769446326883e+02,1.2623890101578238e+03,3.2329661851007074e-01
3.2693523566591756e+02,1.2647010779419957e+03,3.2334633524081369e-01
3.2768289162573723e+02,1.2670131457261675e+03,3.2339588677557174e-01
3.2843066196244774e+02,1.2693252135103394e+03,3.2344527450027272e-01
3.2917854629793590e+02,1.2716372812945110e+03,3.2349449869693103e-01
3.2992654425395801e+02,1.2739493490786829e+03,3.2354355932470469e-01
3.3067465545265634e+02,1.2762614168628547e+03,3.2359245666570757e-01
3.3142287951691947e+02,1.2785734846470266e+03,3.2364119109165301e-01
3.3217121607066434e+02,1.2808855524311984e+03,3.2368976314573672e-01
3.3291966473919587e+02,1.2831976202153703e+03,3.2373817350850231e-01
3.3366822514955714e+02,1.2855096879995422e+03,3.2378642296897908e-01
3.3441689693087272e+02,1.2878217557837140e+03,3.2383451249806683e-01
3.3516567971467674e+02,1.2901338235678859e+03,3.2388244322601167e-01
3.3591457313524654e+02,1.2924458913520577e+03,3.2393021643983388e-01
3.3666357682994277e+02,1.2947579591362296e+03,3.2397783356988441e-01
3.3741269043958812e+02,1.2970700269204012e+03,3.2402529610874353e-01
3.3816191360878349e+02,1.2993820947045731e+03,3.2407260577402042e-01
3.3891124598635633e+02,1.3016941624887450e+03,3.2411976449668600e-01
3.3966068722533322e+02,1.3040062302729168e+03,3.2416677401695893e-01
3.4041023698103157e+02,1.3063182980570887e+03,3.2421363419378224e-01
3.4115989490787223e+02,1.3086303658412605e+03,3.2426034510228874e-01
3.4190966066178925e+02,1.3109424336254324e+03,3.2430690758847902e-01
3.4265953390048776e+02,1.3132545014096042e+03,3.2435332239073489e-01
3.4340951428340122e+02,1.3155665691937761e+03,3.2439959029424870e-01
3.4415960147175304e+02,1.3178786369779480e+03,3.2444571208230855e-01
3.4490979512857484e+02,1.3201907047621198e+03,3.2449168850624233e-01
3.4566009491873621e+02,1.3225027725462915e+03,3.2453752036198580e-01
3.4641050050894756e+02,1.3248148403304633e+03,3.2458320846438937e-01
3.4716101156778001e+02,1.3271269081146352e+03,3.2462875363913213e-01
3.4791162776568603e+02,1.3294389758988070e+03,3.2467415671546007e-01
3.4866234877503706e+02,1.3317510436829789e+03,3.2471941849108532e-01
3.4941317427015662e+02,1.3340631114671507e+03,3.2476453980734732e-01
3.5016410392729682e+02,1.3363751792513226e+03,3.2480952151948372e-01
3.5091513742473296e+02,1.3386872470354945e+03,3.2485436455350225e-01
3.5166627444267027e+02,1.3409993148196663e+03,3.2489906962968007e-01
3.5241751466396926e+02,1.3433113826038382e+03,3.2494363899755285e-01
3.5316885777909840e+02,1.3456234503880100e+03,3.2498807543659325e-01
3.5392030347982904e+02,1.3479355181721817e+03,3.2503237814462693e-01
3.5467185145581129e+02,1.3502475859563535e+03,3.2507654609158010e-01
3.5542350139465083e+02,1.3525596537405254e+03,3.2512057861414689e-01
3.5617525298269902e+02,1.3548717215246973e+03,3.2516447528469428e-01
3.5692710590550359e+02,1.3571837893088691e+03,3.2520823591586634e-01
3.5767905984893719e+02,1.3594958570930410e+03,3.2525186079263335e-01
3.5843111449849107e+02,1.3618079248772128e+03,3.2529534929552995e-01
3.5918326954157487e+02,1.3641199926613847e+03,3.2533870487930017e-01
3.5993552467089103e+02,1.3664320604455565e+03,3.2538192367294982e-01
3.6068787955888990e+02,1.3687441282297284e+03,3.2542500627828019e-01
3.6144033395559103e+02,1.3710561960139003e+03,3.2546799566405582e-01
3.6219288746034636e+02,1.3733682637980719e+03,3.2551070349531130e-01
3.6294553976729316e+02,1.3756803315822438e+03,3.2555363359574585e-01
3.6369829139665052e+02,1.3779923993664156e+03,3.2559605127551094e-01
3.6445113843604190e+02,1.3803044671505875e+03,3.2563738814059207e-01
3.6520409050351913e+02,1.3826165349347593e+03,3.2568646568782356e-01
3.6595713236780722e+02,1.3849286027189312e+03,3.2570766698911768e-01
