0.0000000000000000e+00,0.0000000000000000e+00,0.0000000000000000e+00,1.0911769115821222e-03
5.4878801364425210e-04,5.0167223114741977e-01,0.0000000000000000e+00,1.0993985615894597e-03
1.1058251742942925e-03,1.0033444622948395e+00,0.0000000000000000e+00,1.1240635116114724e-03
1.6793606289559103e-03,1.5050166934422593e+00,0.0000000000000000e+00,1.1651717616481603e-03
2.2776435246348930e-03,2.0066889245896791e+00,0.0000000000000000e+00,1.2227233116995232e-03
2.9088127902793023e-03,2.5083611557370986e+00,0.0000000000000000e+00,1.2950336720115470e-03
3.5764932926545213e-03,3.0100333868845186e+00,0.0000000000000000e+00,1.3658589826039877e-03
4.2783097370193129e-03,3.5117056180319381e+00,0.0000000000000000e+00,1.4311222966958243e-03
5.0114718241795857e-03,4.0133778491793581e+00,0.0000000000000000e+00,1.4908236142870560e-03
5.7731892549412441e-03,4.5150500803267777e+00,0.0000000000000000e+00,1.5449629353776835e-03
6.5607332441813809e-03,5.0167223114741972e+00,0.0000000000000000e+00,1.5940103273267667e-03
7.3718559891468496e-03,5.5183945426216177e+00,0.0000000000000000e+00,1.6389946085491884e-03
8.2045360275214592e-03,6.0200667737690372e+00,0.0000000000000000e+00,1.6799520720385866e-03
9.0567532166686560e-03,6.5217390049164568e+00,0.0000000000000000e+00,1.7168827177949605e-03
9.9264896006427752e-03,7.0234112360638763e+00,0.0000000000000000e+00,1.7498617692083638e-03
1.0812391764652977e-02,7.5250834672112967e+00,0.0000000000000000e+00,1.7820935645342087e-03
1.1714702479051970e-02,8.0267556983587163e+00,0.0000000000000000e+00,1.8152771913506798e-03
1.2633899251267339e-02,8.5284279295061367e+00,0.0000000000000000e+00,1.8494126496577772e-03
1.3570459588726652e-02,9.0301001606535554e+00,0.0000000000000000e+00,1.8844999394555008e-03
1.4524866745523026e-02,9.5317723918009758e+00,0.0000000000000000e+00,1.9205998717500197e-03
1.5497703070020649e-02,1.0033444622948394e+01,0.0000000000000000e+00,1.9579964617740617e-03
1.6489634507364879e-02,1.0535116854095815e+01,0.0000000000000000e+00,1.9967257230969360e-03
1.7501329621739579e-02,1.1036789085243235e+01,0.0000000000000000e+00,2.0367876557186391e-03
1.8533456977328618e-02,1.1538461316390654e+01,0.0000000000000000e+00,2.0781822596391726e-03
1.9586726576476317e-02,1.2040133547538074e+01,0.0000000000000000e+00,2.1211686342198499e-03
2.0662037368931126e-02,1.2541805778685493e+01,0.0000000000000000e+00,2.1660536750295958e-03
2.1760342129143725e-02,1.3043478009832914e+01,0.0000000000000000e+00,2.2128379207785095e-03
2.2882593635493352e-02,1.3545150240980334e+01,0.0000000000000000e+00,2.2615213714665908e-03
2.4029745047280705e-02,1.4046822472127753e+01,0.0000000000000000e+00,2.3121105790496616e-03
2.5202770186574876e-02,1.4548494703275173e+01,0.0000000000000000e+00,2.3646843354405700e-03
2.6402673701886134e-02,1.5050166934422593e+01,0.0000000000000000e+00,2.4192657068334480e-03
2.7630462757911801e-02,1.5551839165570012e+01,0.0000000000000000e+00,2.4758546932282938e-03
2.8887144519349206e-02,1.6053511396717433e+01,0.0000000000000000e+00,2.5344512946251074e-03
3.0173736720165070e-02,1.6555183627864853e+01,0.0000000000000000e+00,2.5951410438713844e-03
3.1491352558567783e-02,1.7056855859012273e+01,0.0000000000000000e+00,2.6581410159487937e-03
3.2841155898498613e-02,1.7558528090159690e+01,0.0000000000000000e+00,2.7234618857665243e-03
3.4224311069905228e-02,1.8060200321307111e+01,0.0000000000000000e+00,2.7911036533245781e-03
3.5641982199410269e-02,1.8561872552454531e+01,0.0000000000000000e+00,2.8610569818340072e-03
3.7095201303302697e-02,1.9063544783601952e+01,0.0000000000000000e+00,2.9326465851260246e-03
3.8584640884981848e-02,1.9565217014749372e+01,0.0000000000000000e+00,3.0054559560562071e-03
4.0110912868000240e-02,2.0066889245896789e+01,0.0000000000000000e+00,3.0794850946245546e-03
4.1674629175910402e-02,2.0568561477044209e+01,0.0000000000000000e+00,3.1547340008310637e-03
4.3276444622591954e-02,2.1070233708191630e+01,0.0000000000000000e+00,3.2316944917612396e-03
4.4917907601640342e-02,2.1571905939339050e+01,0.0000000000000000e+00,3.3130774653175252e-03
4.6601411334496148e-02,2.2073578170486471e+01,0.0000000000000000e+00,3.3992969668325060e-03
4.8329382172931389e-02,2.2575250401633888e+01,0.0000000000000000e+00,3.4903529963061890e-03
5.0104246468718167e-02,2.3076922632781308e+01,0.0000000000000000e+00,3.5862455537385672e-03
5.1927568535148086e-02,2.3578594863928728e+01,0.0000000000000000e+00,3.6813270756720987e-03
5.3796428114131989e-02,2.4080267095076149e+01,0.0000000000000000e+00,3.7677398747928033e-03
5.5706451231965735e-02,2.4581939326223569e+01,0.0000000000000000e+00,3.8454323870451210e-03
5.7653263162879761e-02,2.5083611557370986e+01,0.0000000000000000e+00,3.9144046124290517e-03
5.9632591264817195e-02,2.5585283788518407e+01,0.0000000000000000e+00,3.9766642527056355e-03
6.1647807849094530e-02,2.6086956019665827e+01,0.0000000000000000e+00,4.0631180112605803e-03
6.3715102896563361e-02,2.6588628250813247e+01,0.0000000000000000e+00,4.1842837299582575e-03
6.5851890433715976e-02,2.7090300481960668e+01,0.0000000000000000e+00,4.3401614087986672e-03
6.8075584487044719e-02,2.7591972713108088e+01,0.0000000000000000e+00,4.5307510477818023e-03
7.0400781469105098e-02,2.8093644944255505e+01,0.0000000000000000e+00,4.7318207728320946e-03
7.2812510386443346e-02,2.8595317175402926e+01,0.0000000000000000e+00,4.8720179488239423e-03
7.5278136427052028e-02,2.9096989406550346e+01,0.0000000000000000e+00,4.9466906417390127e-03
7.7764787777311259e-02,2.9598661637697766e+01,0.0000000000000000e+00,4.9558388515772989e-03
8.0239593294468267e-02,3.0100333868845187e+01,0.0000000000000000e+00,4.8995088954294219e-03
8.2671003722756681e-02,3.0602006099992604e+01,0.0000000000000000e+00,4.7848513648844487e-03
8.5031554939229370e-02,3.1103678331140024e+01,0.0000000000000000e+00,4.6170168322204261e-03
8.7294569518587523e-02,3.1605350562287445e+01,0.0000000000000000e+00,4.3960052974373678e-03
8.9433370035532353e-02,3.2107022793434865e+01,0.0000000000000000e+00,4.1218167605352671e-03
9.1421708918205002e-02,3.2608695024582282e+01,0.0000000000000000e+00,3.7998300811054597e-03
9.3244332411150460e-02,3.3110367255729706e+01,0.0000000000000000e+00,3.4653502102868286e-03
9.4897633302768847e-02,3.3612039486877123e+01,0.0000000000000000e+00,3.1247972974898577e-03
9.6378564916541093e-02,3.4113711718024547e+01,0.0000000000000000e+00,2.7781713427145471e-03
9.7684080575948004e-02,3.4615383949171964e+01,0.0000000000000000e+00,2.4254723459608968e-03
9.8824474944419760e-02,3.5117056180319381e+01,0.0000000000000000e+00,2.1584902193773486e-03
9.9889364862040003e-02,3.5618728411466805e+01,0.0000000000000000e+00,2.1263595075767874e-03
1.0099756655601895e-01,3.6120400642614221e+01,0.0000000000000000e+00,2.3311598377839457e-03
1.0226794175082871e-01,3.6622072873761645e+01,0.0000000000000000e+00,2.7728912099988234e-03
1.0381895453685507e-01,3.7123745104909062e+01,0.0000000000000000e+00,3.4424238433936882e-03
1.0572558957938651e-01,3.7625417336056479e+01,0.0000000000000000e+00,4.1533199840022225e-03
1.0798077247904425e-01,3.8127089567203903e+01,0.0000000000000000e+00,4.8319679938804358e-03
1.1056832524413440e-01,3.8628761798351320e+01,0.0000000000000000e+00,5.4783678730283072e-03
1.1347206988296324e-01,3.9130434029498744e+01,0.0000000000000000e+00,6.0925196214458507e-03
1.1667224003876117e-01,3.9632106260646161e+01,0.0000000000000000e+00,6.6414978198361327e-03
1.2010500936498662e-01,4.0133778491793578e+01,0.0000000000000000e+00,7.0125957214503126e-03
1.2367697095959435e-01,4.0635450722941002e+01,0.0000000000000000e+00,7.1964110071331064e-03
1.2729417033479479e-01,4.1137122954088419e+01,0.0000000000000000e+00,7.1929436768845140e-03
1.3086265493069882e-01,4.1638795185235843e+01,0.0000000000000000e+00,7.0024618040166672e-03
1.3431596550102201e-01,4.2140467416383260e+01,0.0000000000000000e+00,6.7818362782659306e-03
1.3768432967087391e-01,4.2642139647530676e+01,0.0000000000000000e+00,6.6638088142867494e-03
1.4101921803881495e-01,4.3143811878678100e+01,0.0000000000000000e+00,6.6483794120791098e-03
1.4437210120340530e-01,4.3645484109825517e+01,0.0000000000000000e+00,6.7355480716430119e-03
1.4779363148591504e-01,4.4147156340972941e+01,0.0000000000000000e+00,6.9140472966310873e-03
1.5130825729781375e-01,4.4648828572120358e+01,0.0000000000000000e+00,7.0947802595888454e-03
1.5490931627475396e-01,4.5150500803267775e+01,0.0000000000000000e+00,7.2586275212284251e-03
1.5858833732928096e-01,4.5652173034415199e+01,0.0000000000000000e+00,7.4055890815498543e-03
1.6233684937393988e-01,4.6153845265562616e+01,0.0000000000000000e+00,7.5356649405531190e-03
1.6614716358194143e-01,4.6655517496710040e+01,0.0000000000000000e+00,7.6545214390763561e-03
1.7001692055130821e-01,4.7157189727857457e+01,0.0000000000000000e+00,7.7728669788655197e-03
1.7394598348068685e-01,4.7658861959004874e+01,0.0000000000000000e+00,7.8909545375408369e-03
1.7793422294811648e-01,4.8160534190152298e+01,0.0000000000000000e+00,8.0087841151023353e-03
1.8198151015101149e-01,4.8662206421299715e+01,0.0000000000000000e+00,8.1263727925941359e-03
1.8608782326358439e-01,4.9163878652447139e+01,0.0000000000000000e+00,8.2442072253365445e-03
1.9025336817181798e-01,4.9665550883594555e+01,0.0000000000000000e+00,8.3625102225065168e-03
1.9447837994147418e-01,5.0167223114741972e+01,0.0000000000000000e+00,8.4812817841040528e-03
1.9876309363831485e-01,5.0668895345889396e+01,0.0000000000000000e+00,8.6005219101291525e-03
2.0310774766349468e-01,5.1170567577036813e+01,0.0000000000000000e+00,8.7202633995185908e-03
2.0751262875542112e-01,5.1672239808184237e+01,0.0000000000000000e+00,8.8406372162365410e-03
2.1197806007558556e-01,5.2173912039331654e+01,0.0000000000000000e+00,8.9616569807403623e-03
2.1650436567805512e-01,5.2675584270479071e+01,0.0000000000000000e+00,9.0833226930300687e-03
2.2109186961689672e-01,5.3177256501626495e+01,0.0000000000000000e+00,9.2056343531056739e-03
2.2574087399963891e-01,5.3678928732773912e+01,0.0000000000000000e+00,9.3284606414734683e-03
2.3045159298869505e-01,5.4180600963921336e+01,0.0000000000000000e+00,9.4516699216310451e-03
2.3522421872038668e-01,5.4682273195068753e+01,0.0000000000000000e+00,9.5752621935305676e-03
2.4005894333103567e-01,5.5183945426216177e+01,0.0000000000000000e+00,9.6992374571720497e-03
2.4495595933331099e-01,5.5685617657363593e+01,0.0000000000000000e+00,9.8236014732454857e-03
2.4991547470984904e-01,5.6187289888511010e+01,0.0000000000000000e+00,9.9484099549034394e-03
2.5493771803891357e-01,5.6688962119658434e+01,0.0000000000000000e+00,1.0073676915463986e-02
2.6002291932663857e-01,5.7190634350805851e+01,0.0000000000000000e+00,1.0199402354927126e-02
2.6517130857915805e-01,5.7692306581953275e+01,0.0000000000000000e+00,1.0325586273292858e-02
2.7038311599494352e-01,5.8193978813100692e+01,0.0000000000000000e+00,1.0452230141466498e-02
2.7565857327931864e-01,5.8695651044248109e+01,0.0000000000000000e+00,1.0579337185367563e-02
2.8099791284789133e-01,5.9197323275395533e+01,0.0000000000000000e+00,1.0706907519368800e-02
2.8640136712043973e-01,5.9698995506542950e+01,0.0000000000000000e+00,1.0834941143470181e-02
2.9186916854774420e-01,6.0200667737690374e+01,0.0000000000000000e+00,1.0963439127873315e-02
2.9740155908737886e-01,6.0702339968837791e+01,0.0000000000000000e+00,1.1092447350501106e-02
3.0299880357070830e-01,6.1204012199985208e+01,0.0000000000000000e+00,1.1221990188379549e-02
3.0866117019935835e-01,6.1705684431132632e+01,0.0000000000000000e+00,1.1352067641508617e-02
3.1438892717495431e-01,6.2207356662280048e+01,0.0000000000000000e+00,1.1482679709888310e-02
3.2018234367852544e-01,6.2709028893427472e+01,0.0000000000000000e+00,1.1613836768601921e-02
3.2604170582235725e-01,6.3210701124574889e+01,0.0000000000000000e+00,1.1745587382712086e-02
3.3196731402465951e-01,6.3712373355722306e+01,0.0000000000000000e+00,1.1877937726786997e-02
3.3795946915330177e-01,6.4214045586869730e+01,0.0000000000000000e+00,1.2010887800826653e-02
3.4401847207615344e-01,6.4715717818017154e+01,0.0000000000000000e+00,1.2144437604831054e-02
3.5014462325711554e-01,6.5217390049164564e+01,0.0000000000000000e+00,1.2278584611322974e-02
3.5633822131474990e-01,6.5719062280311988e+01,0.0000000000000000e+00,1.2413325819757182e-02
3.6259956434099755e-01,6.6220734511459412e+01,0.0000000000000000e+00,1.2548661224725449e-02
3.6892895042775914e-01,6.6722406742606822e+01,0.0000000000000000e+00,1.2684590826227776e-02
3.7532667808287756e-01,6.7224078973754246e+01,0.0000000000000000e+00,1.2821121791007306e-02
3.8179306847042871e-01,6.7725751204901670e+01,0.0000000000000000e+00,1.2958340582090500e-02
3.8832847660923042e-01,6.8227423436049094e+01,0.0000000000000000e+00,1.3096272564622369e-02
3.9493326028762810e-01,6.8729095667196503e+01,0.0000000000000000e+00,1.3234917738602942e-02
4.0160777729396713e-01,6.9230767898343927e+01,0.0000000000000000e+00,1.3374276104032218e-02
4.0835238669455964e-01,6.9732440129491351e+01,0.0000000000000000e+00,1.3514358011428196e-02
4.1516745912210606e-01,7.0234112360638761e+01,0.0000000000000000e+00,1.3655189783369964e-02
4.2205337135806842e-01,7.0735784591786185e+01,0.0000000000000000e+00,1.3796772719747746e-02
4.2901050024078508e-01,7.1237456822933609e+01,0.0000000000000000e+00,1.3939106820561542e-02
4.3603922262060751e-01,7.1739129054081019e+01,0.0000000000000000e+00,1.4082192640019781e-02
4.4313992325069551e-01,7.2240801285228443e+01,0.0000000000000000e+00,1.4226070605810687e-02
4.5031300842770006e-01,7.2742473516375867e+01,0.0000000000000000e+00,1.4370765705947891e-02
4.5755888808523193e-01,7.3244145747523291e+01,0.0000000000000000e+00,1.4516277940431394e-02
4.6487797215690141e-01,7.3745817978670701e+01,0.0000000000000000e+00,1.4662607309261166e-02
4.7227067161428143e-01,7.4247490209818125e+01,0.0000000000000000e+00,1.4809765728370894e-02
4.7973741911278733e-01,7.4749162440965549e+01,0.0000000000000000e+00,1.4957819032850733e-02
4.8727866784094120e-01,7.5250834672112958e+01,0.0000000000000000e+00,1.5106777302951679e-02
4.9489487179486591e-01,7.5752506903260382e+01,0.0000000000000000e+00,1.5256640538673788e-02
5.0258648497068337e-01,7.6254179134407806e+01,0.0000000000000000e+00,1.5407408740017031e-02
5.1035396667314537e-01,7.6755851365555216e+01,0.0000000000000000e+00,1.5559116708958209e-02
5.1819780387468861e-01,7.7257523596702640e+01,0.0000000000000000e+00,1.5711812972580202e-02
5.2611849253240650e-01,7.7759195827850064e+01,0.0000000000000000e+00,1.5865497853471494e-02
5.3411652860813041e-01,7.8260868058997488e+01,0.0000000000000000e+00,1.6020171351632112e-02
5.4219240824200998e-01,7.8762540290144898e+01,0.0000000000000000e+00,1.6175836981061426e-02
5.5034664099272113e-01,7.9264212521292322e+01,0.0000000000000000e+00,1.6332549033666877e-02
5.5857975895327505e-01,7.9765884752439746e+01,0.0000000000000000e+00,1.6490326023687191e-02
5.6689229637320038e-01,8.0267556983587156e+01,0.0000000000000000e+00,1.6649167951122340e-02
5.7528478750202661e-01,8.0769229214734580e+01,0.0000000000000000e+00,1.6809074815972380e-02
5.8375777210897772e-01,8.1270901445882004e+01,0.0000000000000000e+00,1.6970094129595437e-02
5.9231184800866543e-01,8.1772573677029413e+01,0.0000000000000000e+00,1.7132366082169115e-02
6.0094764774888221e-01,8.2274245908176837e+01,0.0000000000000000e+00,1.7295899846774265e-02
6.0966580434568507e-01,8.2775918139324261e+01,0.0000000000000000e+00,1.7460695423410777e-02
6.1846695081935887e-01,8.3277590370471685e+01,0.0000000000000000e+00,1.7626753106034343e-02
6.2735172868388744e-01,8.3779262601619095e+01,0.0000000000000000e+00,1.7794118875451126e-02
6.3632080574862193e-01,8.4280934832766519e+01,0.0000000000000000e+00,1.7962825923989567e-02
6.4537485489605184e-01,8.4782607063913943e+01,0.0000000000000000e+00,1.8132874251649722e-02
6.5451454900866646e-01,8.5284279295061353e+01,0.0000000000000000e+00,1.8304263858431591e-02
6.6374056078349741e-01,8.5785951526208777e+01,0.0000000000000000e+00,1.8476992420719096e-02
6.7305355816026535e-01,8.6287623757356201e+01,0.0000000000000000e+00,1.8651044649097337e-02
6.8245420403098966e-01,8.6789295988503625e+01,0.0000000000000000e+00,1.8826417756683478e-02
6.9194316104408937e-01,8.7290968219651035e+01,0.0000000000000000e+00,1.9003111743477463e-02
7.0152109184798417e-01,8.7792640450798459e+01,0.0000000000000000e+00,1.9181126609479238e-02
7.1118867329877233e-01,8.8294312681945883e+01,0.0000000000000000e+00,1.9360560172980934e-02
7.2094666688315034e-01,8.8795984913093292e+01,0.0000000000000000e+00,1.9541571699203231e-02
7.3079586529561236e-01,8.9297657144240716e+01,0.0000000000000000e+00,1.9724163427939811e-02
7.4073706127987926e-01,8.9799329375388140e+01,0.0000000000000000e+00,1.9908335359190732e-02
7.5077104784796256e-01,9.0301001606535550e+01,0.0000000000000000e+00,2.0094093667275881e-02
7.6089864751649050e-01,9.0802673837682974e+01,0.0000000000000000e+00,2.0281564969972743e-02
7.7112073857833607e-01,9.1304346068830398e+01,0.0000000000000000e+00,2.0470799362551306e-02
7.8143820552673360e-01,9.1806018299977822e+01,0.0000000000000000e+00,2.0661796845011626e-02
7.9185193285491762e-01,9.2307690531125232e+01,0.0000000000000000e+00,2.0854557417353647e-02
8.0236280364659929e-01,9.2809362762272656e+01,0.0000000000000000e+00,2.1049068134364302e-02
8.1297168363993177e-01,9.3311034993420080e+01,0.0000000000000000e+00,2.1245284590112101e-02
8.2367942690908436e-01,9.3812707224567490e+01,0.0000000000000000e+00,2.1443203068220729e-02
8.3448688731141307e-01,9.4314379455714914e+01,0.0000000000000000e+00,2.1642823568690295e-02
8.4539491870471106e-01,9.4816051686862338e+01,0.0000000000000000e+00,2.1844146153357336e-02
8.5640438145910147e-01,9.5317723918009747e+01,0.0000000000000000e+00,2.2047208006337415e-02
8.6751615888812106e-01,9.5819396149157171e+01,0.0000000000000000e+00,2.2252040664062001e-02
8.7873113935533687e-01,9.6321068380304595e+01,0.0000000000000000e+00,2.2458644126531091e-02
8.9005021122431582e-01,9.6822740611452019e+01,0.0000000000000000e+00,2.2667018393744631e-02
9.0147426446267820e-01,9.7324412842599429e+01,0.0000000000000000e+00,2.2877185583876136e-02
9.1300424057329976e-01,9.7826085073746853e+01,0.0000000000000000e+00,2.3089321062631285e-02
9.2464114234134320e-01,9.8327757304894277e+01,0.0000000000000000e+00,2.3303462546335696e-02
9.3638597612378693e-01,9.8829429536041687e+01,0.0000000000000000e+00,2.3519610034989369e-02
9.4823974827761004e-01,9.9331101767189111e+01,0.0000000000000000e+00,2.3737763528592359e-02
9.6020347023523467e-01,9.9832773998336535e+01,0.0000000000000000e+00,2.3957959818228514e-02
9.7227818807327493e-01,1.0033444622948394e+02,0.0000000000000000e+00,2.4180268576772468e-02
9.8446496234118763e-01,1.0083611846063137e+02,0.0000000000000000e+00,2.4404691460582661e-02
9.9676485363691136e-01,1.0133779069177879e+02,0.0000000000000000e+00,2.4631228469659094e-02
1.0091789225388355e+00,1.0183946292292622e+02,0.0000000000000000e+00,2.4859879063351076e-02
1.0217082262249180e+00,1.0234113515407363e+02,0.0000000000000000e+00,2.5090627759868811e-02
1.0343538146227682e+00,1.0284280738522105e+02,0.0000000000000000e+00,2.5323467456519033e-02
1.0471167367290874e+00,1.0334447961636847e+02,0.0000000000000000e+00,2.5558398153301853e-02
1.0599980415405774e+00,1.0384615184751588e+02,0.0000000000000000e+00,2.5795419850217105e-02
1.0729987791657867e+00,1.0434782407866331e+02,0.0000000000000000e+00,2.6034543491576356e-02
1.0861200158644857e+00,1.0484949630981073e+02,0.0000000000000000e+00,2.6275812871797255e-02
1.0993628300860654e+00,1.0535116854095814e+02,0.0000000000000000e+00,2.6519232558792183e-02
1.1127283005797242e+00,1.0585284077210557e+02,0.0000000000000000e+00,2.6764802552561084e-02
1.1262175060946582e+00,1.0635451300325299e+02,0.0000000000000000e+00,2.7012522853103960e-02
1.1398315434685626e+00,1.0685618523440041e+02,0.0000000000000000e+00,2.7262501760261959e-02
1.1535715821553980e+00,1.0735785746554782e+02,0.0000000000000000e+00,2.7514848097148381e-02
1.1674388098289978e+00,1.0785952969669525e+02,0.0000000000000000e+00,2.7769561863921266e-02
1.1814344141631952e+00,1.0836120192784267e+02,0.0000000000000000e+00,2.8026643060580503e-02
1.1955595833700667e+00,1.0886287415899008e+02,0.0000000000000000e+00,2.8286099938674036e-02
1.2098155278675513e+00,1.0936454639013751e+02,0.0000000000000000e+00,2.8548012533699763e-02
1.2242034876839392e+00,1.0986621862128493e+02,0.0000000000000000e+00,2.8812401020164691e-02
1.2387247049052128e+00,1.1036789085243235e+02,0.0000000000000000e+00,2.9079265398068599e-02
1.2533804216173536e+00,1.1086956308357976e+02,0.0000000000000000e+00,2.9348605667411598e-02
1.2681718804401549e+00,1.1137123531472719e+02,0.0000000000000000e+00,2.9620425913659210e-02
1.2831003281836990e+00,1.1187290754587461e+02,0.0000000000000000e+00,2.9894735115241988e-02
1.2981670136365620e+00,1.1237457977702202e+02,0.0000000000000000e+00,3.0171533592085353e-02
1.3133731855990183e+00,1.1287625200816944e+02,0.0000000000000000e+00,3.0450821344189305e-02
1.3287200928519067e+00,1.1337792423931687e+02,0.0000000000000000e+00,3.0732597698295172e-02
1.3442089781621156e+00,1.1387959647046428e+02,0.0000000000000000e+00,3.1016833608656480e-02
1.3598410698019212e+00,1.1438126870161170e+02,0.0000000000000000e+00,3.1303513609940103e-02
1.3756175939038693e+00,1.1488294093275913e+02,0.0000000000000000e+00,3.1592637702146265e-02
1.3915397766005060e+00,1.1538461316390655e+02,0.0000000000000000e+00,3.1884205885274852e-02
1.4076088467500272e+00,1.1588628539505396e+02,0.0000000000000000e+00,3.2178247063749943e-02
1.4238260804488747e+00,1.1638795762620138e+02,0.0000000000000000e+00,3.2474896840839707e-02
1.4401927937701122e+00,1.1688962985734881e+02,0.0000000000000000e+00,3.2774172503147514e-02
1.4567103040474352e+00,1.1739130208849622e+02,0.0000000000000000e+00,3.3076074050673365e-02
1.4733799286145410e+00,1.1789297431964364e+02,0.0000000000000000e+00,3.3380601483417371e-02
1.4902029950687434e+00,1.1839464655079107e+02,0.0000000000000000e+00,3.3687819057485857e-02
1.5071808779770473e+00,1.1889631878193848e+02,0.0000000000000000e+00,3.3997803229536272e-02
1.5243149653347356e+00,1.1939799101308590e+02,0.0000000000000000e+00,3.4310554141015914e-02
1.5416066451381507e+00,1.1989966324423332e+02,0.0000000000000000e+00,3.4626071791924784e-02
1.5590573056024417e+00,1.2040133547538075e+02,0.0000000000000000e+00,3.4944359958906102e-02
1.5766683469107763e+00,1.2090300770652816e+02,0.0000000000000000e+00,3.5265464352314702e-02
1.5944411871586106e+00,1.2140467993767558e+02,0.0000000000000000e+00,3.5589398410126427e-02
1.6123772459099996e+00,1.2190635216882301e+02,0.0000000000000000e+00,3.5916162132341167e-02
1.6304779427289968e+00,1.2240802439997042e+02,0.0000000000000000e+00,3.6245755518959033e-02
1.6487446956490115e+00,1.2290969663111784e+02,0.0000000000000000e+00,3.6578166162823278e-02
1.6671789088219622e+00,1.2341136886226526e+02,0.0000000000000000e+00,3.6913362446387321e-02
1.6857819790081088e+00,1.2391304109341267e+02,0.0000000000000000e+00,3.7251342801722709e-02
1.7045553028989495e+00,1.2441471332456010e+02,0.0000000000000000e+00,3.7592107228829552e-02
1.7235002771813246e+00,1.2491638555570752e+02,0.0000000000000000e+00,3.7935655511859068e-02
1.7426182954400493e+00,1.2541805778685494e+02,0.0000000000000000e+00,3.8281971769404066e-02
1.7619107427888923e+00,1.2591973001800235e+02,0.0000000000000000e+00,3.8631046164516736e-02
1.7813790029088823e+00,1.2642140224914978e+02,0.0000000000000000e+00,3.8982878697197187e-02
1.8010244594810461e+00,1.2692307448029720e+02,0.0000000000000000e+00,3.9337469367445310e-02
1.8208484980695443e+00,1.2742474671144461e+02,0.0000000000000000e+00,3.9694839818937289e-02
1.8408525436859449e+00,1.2792641894259204e+02,0.0000000000000000e+00,4.0055109913513132e-02
1.8610380587546236e+00,1.2842809117373946e+02,0.0000000000000000e+00,4.0418298049276991e-02
1.8814065071758133e+00,1.2892976340488687e+02,0.0000000000000000e+00,4.0784404226228976e-02
1.9019593528497494e+00,1.2943143563603431e+02,0.0000000000000000e+00,4.1153428444368978e-02
1.9226980655420762e+00,1.2993310786718172e+02,0.0000000000000000e+00,4.1525409181240369e-02
1.9436241456440886e+00,1.3043478009832913e+02,0.0000000000000000e+00,4.1900400206067778e-02
1.9647391035099413e+00,1.3093645232947657e+02,0.0000000000000000e+00,4.2278401880903038e-02
1.9860444494991378e+00,1.3143812456062398e+02,0.0000000000000000e+00,4.2659414205746038e-02
2.0075416940672004e+00,1.3193979679177139e+02,0.0000000000000000e+00,4.3043439076444812e-02
2.0292323549296567e+00,1.3244146902291882e+02,0.0000000000000000e+00,4.3430505891133397e-02
2.0511179620139188e+00,1.3294314125406623e+02,0.0000000000000000e+00,4.3820624695673160e-02
2.0732000464185463e+00,1.3344481348521364e+02,0.0000000000000000e+00,4.4213795490063990e-02
2.0954801392420976e+00,1.3394648571636108e+02,0.0000000000000000e+00,4.4610018274306107e-02
2.1179597706410291e+00,1.3444815794750849e+02,0.0000000000000000e+00,4.5009284932127969e-02
2.1406404608435849e+00,1.3494983017865590e+02,0.0000000000000000e+00,4.5411571465589384e-02
2.1635237241275140e+00,1.3545150240980334e+02,0.0000000000000000e+00,4.5816876298738651e-02
2.1866110746899521e+00,1.3595317464095075e+02,0.0000000000000000e+00,4.6225199431575770e-02
2.2099040267244989e+00,1.3645484687209819e+02,0.0000000000000000e+00,4.6636540616148081e-02
2.2334040871705638e+00,1.3695651910324560e+02,0.0000000000000000e+00,4.7050860551762219e-02
2.2571127404696716e+00,1.3745819133439301e+02,0.0000000000000000e+00,4.7468130806283315e-02
2.2810314667148921e+00,1.3795986356554045e+02,0.0000000000000000e+00,4.7888351379712035e-02
2.3051617459992917e+00,1.3846153579668785e+02,0.0000000000000000e+00,4.8311522272047935e-02
2.3295050591400219e+00,1.3896320802783526e+02,0.0000000000000000e+00,4.8737652566828604e-02
2.3540629055833420e+00,1.3946488025898270e+02,0.0000000000000000e+00,4.9166802182919911e-02
2.3788368045728818e+00,1.3996655249013011e+02,0.0000000000000000e+00,4.9598982067672770e-02
2.4038282763102821e+00,1.4046822472127752e+02,0.0000000000000000e+00,5.0034192221087181e-02
2.4290388409971855e+00,1.4096989695242496e+02,0.0000000000000000e+00,5.0472432643162923e-02
2.4544700223345073e+00,1.4147156918357237e+02,0.0000000000000000e+00,5.0913727442781331e-02
2.4801233649061292e+00,1.4197324141471978e+02,0.0000000000000000e+00,5.1358115956393613e-02
2.5060004210100106e+00,1.4247491364586722e+02,0.0000000000000000e+00,5.1805598741884396e-02
2.5321027429564271e+00,1.4297658587701463e+02,0.0000000000000000e+00,5.2256175799254123e-02
2.5584318830916661e+00,1.4347825810816204e+02,0.0000000000000000e+00,5.2709847959149903e-02
2.5849893977449154e+00,1.4397993033930948e+02,0.0000000000000000e+00,5.3166632327971808e-02
2.6117768507871615e+00,1.4448160257045689e+02,0.0000000000000000e+00,5.3626535687598231e-02
2.6387958069294810e+00,1.4498327480160430e+02,0.0000000000000000e+00,5.4089558038029173e-02
2.6660478308829525e+00,1.4548494703275173e+02,0.0000000000000000e+00,5.4555699379264633e-02
2.6935344872557030e+00,1.4598661926389914e+02,0.0000000000000000e+00,5.5024958764978482e-02
2.7212573393862121e+00,1.4648829149504658e+02,0.0000000000000000e+00,5.5497332942153532e-02
2.7492179497578011e+00,1.4698996372619399e+02,0.0000000000000000e+00,5.5972821637668257e-02
2.7774178808378371e+00,1.4749163595734140e+02,0.0000000000000000e+00,5.6451424851522658e-02
2.8058586950933626e+00,1.4799330818848884e+02,0.0000000000000000e+00,5.6933142537571868e-02
2.8345419499990663e+00,1.4849498041963625e+02,0.0000000000000000e+00,5.7417946170432499e-02
2.8634691854095538e+00,1.4899665265078366e+02,0.0000000000000000e+00,5.7905811502027227e-02
2.8926419372940595e+00,1.4949832488193110e+02,0.0000000000000000e+00,5.8396738532356052e-02
2.9220617416218180e+00,1.4999999711307851e+02,0.0000000000000000e+00,5.8890727261418752e-02
2.9220619116347284e+00,1.5000000000000000e+02,0.0000000000000000e+00,5.8890730112934220e-02
3.0984756278916632e+00,1.5351170568561872e+02,0.0000000000000000e+00,7.0548830000000007e-02
3.2811864079107131e+00,1.5702341137123747e+02,0.0000000000000000e+00,7.0548830000000007e-02
3.4702706484018950e+00,1.6053511705685619e+02,0.0000000000000000e+00,7.0548830000000007e-02
3.6658039523940622e+00,1.6404682274247492e+02,0.0000000000000000e+00,7.0548830000000007e-02
3.8678611545816621e+00,1.6755852842809364e+02,0.0000000000000000e+00,7.0548830000000007e-02
4.0765163453390239e+00,1.7107023411371239e+02,0.0000000000000000e+00,7.0548830000000007e-02
4.2918428934985640e+00,1.7458193979933111e+02,0.0000000000000000e+00,7.0548830000000007e-02
4.5139134679805304e+00,1.7809364548494983e+02,0.0000000000000000e+00,7.0548830000000007e-02
4.7428000583540211e+00,1.8160535117056855e+02,0.0000000000000000e+00,7.0548830000000007e-02
4.9785739944020495e+00,1.8511705685618730e+02,0.0000000000000000e+00,7.0548830000000007e-02
5.2213059647571542e+00,1.8862876254180603e+02,0.0000000000000000e+00,7.0548830000000007e-02
5.4710660346684561e+00,1.9214046822742475e+02,0.0000000000000000e+00,7.0548830000000007e-02
5.7279236629559689e+00,1.9565217391304347e+02,0.0000000000000000e+00,7.0548830000000007e-02
5.9919477182035159e+00,1.9916387959866222e+02,0.0000000000000000e+00,7.0548830000000007e-02
6.2632064942373962e+00,2.0267558528428094e+02,0.0000000000000000e+00,7.0548830000000007e-02
6.5417677249343624e+00,2.0618729096989966e+02,0.0000000000000000e+00,7.0548830000000007e-02
6.8276985983989942e+00,2.0969899665551839e+02,0.0000000000000000e+00,7.0548830000000007e-02
7.1210657705476139e+00,2.1321070234113714e+02,0.0000000000000000e+00,7.0548830000000007e-02
7.4219353781330417e+00,2.1672240802675586e+02,0.0000000000000000e+00,7.0548830000000007e-02
7.7303730512420463e+00,2.2023411371237458e+02,0.0000000000000000e+00,7.0548830000000007e-02
8.0464439252949749e+00,2.2374581939799330e+02,0.0000000000000000e+00,7.0548830000000007e-02
8.3702126525750167e+00,2.2725752508361205e+02,0.0000000000000000e+00,7.0548830000000007e-02
8.9171444740536732e+00,2.3076923076923077e+02,0.0000000000000000e+00,3.3418261999999999e-01
9.4974877678899112e+00,2.3428093645484950e+02,0.0000000000000000e+00,3.3418261999999999e-01
1.0106115792849534e+01,2.3779264214046822e+02,0.0000000000000000e+00,3.3418261999999999e-01
1.0743958694017586e+01,2.4130434782608697e+02,0.0000000000000000e+00,3.3418261999999999e-01
1.1411962895323882e+01,2.4481605351170569e+02,0.0000000000000000e+00,3.3418261999999999e-01
1.2111091141322644e+01,2.4832775919732441e+02,0.0000000000000000e+00,3.3418261999999999e-01
1.2842322538473244e+01,2.5183946488294313e+02,0.0000000000000000e+00,3.3418261999999999e-01
1.3606652595935195e+01,2.5535117056856188e+02,0.0000000000000000e+00,3.3418261999999999e-01
1.4405093265889718e+01,2.5886287625418061e+02,0.0000000000000000e+00,3.3418261999999999e-01
1.5238672983400047e+01,2.6237458193979933e+02,0.0000000000000000e+00,3.3418261999999999e-01
1.6108436705821767e+01,2.6588628762541805e+02,0.0000000000000000e+00,3.3418261999999999e-01
1.7015445951774471e+01,2.6939799331103677e+02,0.0000000000000000e+00,3.3418261999999999e-01
1.7960778839685240e+01,2.7290969899665549e+02,0.0000000000000000e+00,3.3418261999999999e-01
1.8945530125914352e+01,2.7642140468227427e+02,0.0000000000000000e+00,3.3418261999999999e-01
1.9970811242472916e+01,2.7993311036789299e+02,0.0000000000000000e+00,3.3418261999999999e-01
2.1037750334342253e+01,2.8344481605351172e+02,0.0000000000000000e+00,3.3418261999999999e-01
2.2147492296403918e+01,2.8695652173913044e+02,0.0000000000000000e+00,3.3418261999999999e-01
2.3301198809989380e+01,2.9046822742474916e+02,0.0000000000000000e+00,3.3418261999999999e-01
2.4500048379057958e+01,2.9397993311036788e+02,0.0000000000000000e+00,3.3418261999999999e-01
2.5745236366011156e+01,2.9749163879598660e+02,0.0000000000000000e+00,3.3418261999999999e-01
2.7037975027151465e+01,3.0100334448160532e+02,0.0000000000000000e+00,3.3418261999999999e-01
2.8379493547793370e+01,3.0451505016722410e+02,0.0000000000000000e+00,3.3418261999999999e-01
2.9771038077033808e+01,3.0802675585284283e+02,0.0000000000000000e+00,3.3418261999999999e-01
3.1213871762189761e+01,3.1153846153846155e+02,0.0000000000000000e+00,3.3418261999999999e-01
3.2709274782909375e+01,3.1505016722408027e+02,0.0000000000000000e+00,3.3418261999999999e-01
3.4258544384963784e+01,3.1856187290969899e+02,0.0000000000000000e+00,3.3418261999999999e-01
3.5862994913726020e+01,3.2207357859531771e+02,0.0000000000000000e+00,3.3418261999999999e-01
3.7523957847343397e+01,3.2558528428093643e+02,0.0000000000000000e+00,3.3418261999999999e-01
3.9242781829609463e+01,3.2909698996655516e+02,0.0000000000000000e+00,3.3418261999999999e-01
4.1020832702541504e+01,3.3260869565217394e+02,0.0000000000000000e+00,3.3418261999999999e-01
4.2859493538669298e+01,3.3612040133779266e+02,0.0000000000000000e+00,3.3418261999999999e-01
4.4760164673040926e+01,3.3963210702341138e+02,0.0000000000000000e+00,3.3418261999999999e-01
4.6724263734950853e+01,3.4314381270903010e+02,0.0000000000000000e+00,3.3418261999999999e-01
4.8196407259546923e+01,3.4665551839464882e+02,0.0000000000000000e+00,4.1016623000000002e-01
4.9294141396654801e+01,3.5016722408026754e+02,0.0000000000000000e+00,4.1016623000000002e-01
5.0405548916688147e+01,3.5367892976588627e+02,0.0000000000000000e+00,4.1016623000000002e-01
5.1530661834434099e+01,3.5719063545150499e+02,0.0000000000000000e+00,4.1016623000000002e-01
5.2669511922211157e+01,3.6070234113712377e+02,0.0000000000000000e+00,4.1016623000000002e-01
5.3822130714062524e+01,3.6421404682274249e+02,0.0000000000000000e+00,4.1016623000000002e-01
5.4988549509837263e+01,3.6772575250836121e+02,0.0000000000000000e+00,4.1016623000000002e-01
5.6168799379162735e+01,3.7123745819397993e+02,0.0000000000000000e+00,4.1016623000000002e-01
5.7362911165312617e+01,3.7474916387959865e+02,0.0000000000000000e+00,4.1016623000000002e-01
5.8570915488974087e+01,3.7826086956521738e+02,0.0000000000000000e+00,4.1016623000000002e-01
5.9792842751917703e+01,3.8177257525083610e+02,0.0000000000000000e+00,4.1016623000000002e-01
6.1028723140573348e+01,3.8528428093645488e+02,0.0000000000000000e+00,4.1016623000000002e-01
6.2278586629515544e+01,3.8879598662207360e+02,0.0000000000000000e+00,4.1016623000000002e-01
6.3542462984861238e+01,3.9230769230769232e+02,0.0000000000000000e+00,4.1016623000000002e-01
6.4820381767582987e+01,3.9581939799331104e+02,0.0000000000000000e+00,4.1016623000000002e-01
6.6112372336740279e+01,3.9933110367892976e+02,0.0000000000000000e+00,4.1016623000000002e-01
6.7418463852632030e+01,4.0284280936454849e+02,0.0000000000000000e+00,4.1016623000000002e-01
6.8738685279872485e+01,4.0635451505016721e+02,0.0000000000000000e+00,4.1016623000000002e-01
7.0073065390393310e+01,4.0986622073578593e+02,0.0000000000000000e+00,4.1016623000000002e-01
7.1421632766374131e+01,4.1337792642140471e+02,0.0000000000000000e+00,4.1016623000000002e-01
7.2784415803103784e+01,4.1688963210702343e+02,0.0000000000000000e+00,4.1016623000000002e-01
7.4161442711774725e+01,4.2040133779264215e+02,0.0000000000000000e+00,4.1016623000000002e-01
7.5552741522212358e+01,4.2391304347826087e+02,0.0000000000000000e+00,4.1016623000000002e-01
7.6958340085541593e+01,4.2742474916387960e+02,0.0000000000000000e+00,4.1016623000000002e-01
7.8378266076792585e+01,4.3093645484949832e+02,0.0000000000000000e+00,4.1016623000000002e-01
7.9812546997447200e+01,4.3444816053511704e+02,0.0000000000000000e+00,4.1016623000000002e-01
8.1261210177928589e+01,4.3795986622073576e+02,0.0000000000000000e+00,4.1016623000000002e-01
8.2724282780034983e+01,4.4147157190635454e+02,0.0000000000000000e+00,4.1016623000000002e-01
8.4201791799319821e+01,4.4498327759197326e+02,0.0000000000000000e+00,4.1016623000000002e-01
8.5693764067419721e+01,4.4849498327759198e+02,0.0000000000000000e+00,4.1016623000000002e-01
8.7200226254331696e+01,4.5200668896321071e+02,0.0000000000000000e+00,4.1016623000000002e-01
8.8721204870641188e+01,4.5551839464882943e+02,0.0000000000000000e+00,4.1016623000000002e-01
9.0256726269702455e+01,4.5903010033444815e+02,0.0000000000000000e+00,4.1016623000000002e-01
9.1806816649772529e+01,4.6254180602006687e+02,0.0000000000000000e+00,4.1016623000000002e-01
9.3371502056100212e+01,4.6605351170568559e+02,0.0000000000000000e+00,4.1016623000000002e-01
9.4950808382971317e+01,4.6956521739130437e+02,0.0000000000000000e+00,4.1016623000000002e-01
9.6544761375711275e+01,4.7307692307692309e+02,0.0000000000000000e+00,4.1016623000000002e-01
9.8153386632646772e+01,4.7658862876254182e+02,0.0000000000000000e+00,4.1016623000000002e-01
9.9776709607026802e+01,4.8010033444816054e+02,0.0000000000000000e+00,4.1016623000000002e-01
1.0141475560890504e+02,4.8361204013377926e+02,0.0000000000000000e+00,4.1016623000000002e-01
1.0306754980698399e+02,4.8712374581939798e+02,0.0000000000000000e+00,4.1016623000000002e-01
1.0473511723042236e+02,4.9063545150501670e+02,0.0000000000000000e+00,4.1016623000000002e-01
1.0641748277060644e+02,4.9414715719063543e+02,0.0000000000000000e+00,4.1016623000000002e-01
1.0811467118288645e+02,4.9765886287625420e+02,0.0000000000000000e+00,4.1016623000000002e-01
1.0982670708827895e+02,5.0117056856187293e+02,0.0000000000000000e+00,4.1016623000000002e-01
1.1155361497513610e+02,5.0468227424749165e+02,0.0000000000000000e+00,4.1016623000000002e-01
1.1329541920078258e+02,5.0819397993311037e+02,0.0000000000000000e+00,4.1016623000000002e-01
1.1505214399312118e+02,5.1170568561872909e+02,0.0000000000000000e+00,4.1016623000000002e-01
1.1682381345220776e+02,5.1521739130434787e+02,0.0000000000000000e+00,4.1016623000000002e-01
1.1861045155179627e+02,5.1872909698996659e+02,0.0000000000000000e+00,4.1016623000000002e-01
1.2041208214085501e+02,5.2224080267558531e+02,0.0000000000000000e+00,4.1016623000000002e-01
1.2166862084649978e+02,5.2575250836120404e+02,0.0000000000000000e+00,3.9812525999999998e-01
1.2291505369294441e+02,5.2926421404682276e+02,0.0000000000000000e+00,3.9812525999999998e-01
1.2416588605022631e+02,5.3277591973244148e+02,0.0000000000000000e+00,3.9812525999999998e-01
1.2542110429493107e+02,5.3628762541806020e+02,0.0000000000000000e+00,3.9812525999999998e-01
1.2668069493491979e+02,5.3979933110367892e+02,0.0000000000000000e+00,3.9812525999999998e-01
1.2794464460721674e+02,5.4331103678929765e+02,0.0000000000000000e+00,3.9812525999999998e-01
1.2921294007594469e+02,5.4682274247491637e+02,0.0000000000000000e+00,3.9812525999999998e-01
1.3048556823030589e+02,5.5033444816053509e+02,0.0000000000000000e+00,3.9812525999999998e-01
1.3176251608260836e+02,5.5384615384615381e+02,0.0000000000000000e+00,3.9812525999999998e-01
1.3304377076633526e+02,5.5735785953177253e+02,0.0000000000000000e+00,3.9812525999999998e-01
1.3432931953425668e+02,5.6086956521739125e+02,0.0000000000000000e+00,3.9812525999999998e-01
1.3561914975658260e+02,5.6438127090300998e+02,0.0000000000000000e+00,3.9812525999999998e-01
1.3691324891915556e+02,5.6789297658862881e+02,0.0000000000000000e+00,3.9812525999999998e-01
1.3821160462168228e+02,5.7140468227424753e+02,0.0000000000000000e+00,3.9812525999999998e-01
1.3951420457600318e+02,5.7491638795986626e+02,0.0000000000000000e+00,3.9812525999999998e-01
1.4082103660439853e+02,5.7842809364548498e+02,0.0000000000000000e+00,3.9812525999999998e-01
1.4213208863793011e+02,5.8193979933110370e+02,0.0000000000000000e+00,3.9812525999999998e-01
1.4344734871481791e+02,5.8545150501672242e+02,0.0000000000000000e+00,3.9812525999999998e-01
1.4476680497885079e+02,5.8896321070234114e+02,0.0000000000000000e+00,3.9812525999999998e-01
1.4609044567782951e+02,5.9247491638795987e+02,0.0000000000000000e+00,3.9812525999999998e-01
1.4741825916204252e+02,5.9598662207357859e+02,0.0000000000000000e+00,3.9812525999999998e-01
1.4875023388277239e+02,5.9949832775919731e+02,0.0000000000000000e+00,3.9812525999999998e-01
1.5008635839083300e+02,6.0301003344481603e+02,0.0000000000000000e+00,3.9812525999999998e-01
1.5142662133513608e+02,6.0652173913043475e+02,0.0000000000000000e+00,3.9812525999999998e-01
1.5277101146128680e+02,6.1003344481605347e+02,0.0000000000000000e+00,3.9812525999999998e-01
1.5411951761020731e+02,6.1354515050167220e+02,0.0000000000000000e+00,3.9812525999999998e-01
1.5547212871678761e+02,6.1705685618729092e+02,0.0000000000000000e+00,3.9812525999999998e-01
1.5682883380856339e+02,6.2056856187290975e+02,0.0000000000000000e+00,3.9812525999999998e-01
1.5818962200441931e+02,6.2408026755852848e+02,0.0000000000000000e+00,3.9812525999999998e-01
1.5955448251331836e+02,6.2759197324414720e+02,0.0000000000000000e+00,3.9812525999999998e-01
1.6092340463305521e+02,6.3110367892976592e+02,0.0000000000000000e+00,3.9812525999999998e-01
1.6229637774903421e+02,6.3461538461538464e+02,0.0000000000000000e+00,3.9812525999999998e-01
1.6367339133307058e+02,6.3812709030100336e+02,0.0000000000000000e+00,3.9812525999999998e-01
1.6505443494221439e+02,6.4163879598662209e+02,0.0000000000000000e+00,3.9812525999999998e-01
1.6643949821759750e+02,6.4515050167224081e+02,0.0000000000000000e+00,3.9812525999999998e-01
1.6782857088330161e+02,6.4866220735785953e+02,0.0000000000000000e+00,3.9812525999999998e-01
1.6922164274524798e+02,6.5217391304347825e+02,0.0000000000000000e+00,3.9812525999999998e-01
1.7061870369010785e+02,6.5568561872909697e+02,0.0000000000000000e+00,3.9812525999999998e-01
1.7201974368423316e+02,6.5919732441471569e+02,0.0000000000000000e+00,3.9812525999999998e-01
1.7342475277260689e+02,6.6270903010033442e+02,0.0000000000000000e+00,3.9812525999999998e-01
1.7483372107781301e+02,6.6622073578595314e+02,0.0000000000000000e+00,3.9812525999999998e-01
1.7624663879902511e+02,6.6973244147157186e+02,0.0000000000000000e+00,3.9812525999999998e-01
1.7766349621101330e+02,6.7324414715719058e+02,0.0000000000000000e+00,3.9812525999999998e-01
1.7908428366316954e+02,6.7675585284280942e+02,0.0000000000000000e+00,3.9812525999999998e-01
1.8050899157855002e+02,6.8026755852842814e+02,0.0000000000000000e+00,3.9812525999999998e-01
1.8193761045293525e+02,6.8377926421404686e+02,0.0000000000000000e+00,3.9812525999999998e-01
1.8337013085390640e+02,6.8729096989966558e+02,0.0000000000000000e+00,3.9812525999999998e-01
1.8480654341993841e+02,6.9080267558528431e+02,0.0000000000000000e+00,3.9812525999999998e-01
1.8624683885950890e+02,6.9431438127090303e+02,0.0000000000000000e+00,3.9812525999999998e-01
1.8769100795022300e+02,6.9782608695652175e+02,0.0000000000000000e+00,3.9812525999999998e-01
1.8913904153795295e+02,7.0133779264214047e+02,0.0000000000000000e+00,3.9812525999999998e-01
1.9059093053599341e+02,7.0484949832775919e+02,0.0000000000000000e+00,3.9812525999999998e-01
1.9204666592423067e+02,7.0836120401337791e+02,0.0000000000000000e+00,3.9812525999999998e-01
1.9350623874832667e+02,7.1187290969899664e+02,0.0000000000000000e+00,3.9812525999999998e-01
1.9496964011891674e+02,7.1538461538461536e+02,0.0000000000000000e+00,3.9812525999999998e-01
1.9643686121082112e+02,7.1889632107023408e+02,0.0000000000000000e+00,3.9812525999999998e-01
1.9790789326226985e+02,7.2240802675585280e+02,0.0000000000000000e+00,3.9812525999999998e-01
1.9938272757414063e+02,7.2591973244147152e+02,0.0000000000000000e+00,3.9812525999999998e-01
2.0086135550920983e+02,7.2943143812709025e+02,0.0000000000000000e+00,3.9812525999999998e-01
2.0234376849141557e+02,7.3294314381270908e+02,0.0000000000000000e+00,3.9812525999999998e-01
2.0382995800513322e+02,7.3645484949832780e+02,0.0000000000000000e+00,3.9812525999999998e-01
2.0531991559446320e+02,7.3996655518394653e+02,0.0000000000000000e+00,3.9812525999999998e-01
2.0681363286253017e+02,7.4347826086956525e+02,0.0000000000000000e+00,3.9812525999999998e-01
2.0831110147079374e+02,7.4698996655518397e+02,0.0000000000000000e+00,3.9812525999999998e-01
2.0981231313837071e+02,7.5050167224080269e+02,0.0000000000000000e+00,3.9812525999999998e-01
2.1131725964136791e+02,7.5401337792642141e+02,0.0000000000000000e+00,3.9812525999999998e-01
2.1282593281222626e+02,7.5752508361204013e+02,0.0000000000000000e+00,3.9812525999999998e-01
2.1433832453907499e+02,7.6103678929765886e+02,0.0000000000000000e+00,3.9812525999999998e-01
2.1585442676509663e+02,7.6454849498327758e+02,0.0000000000000000e+00,3.9812525999999998e-01
2.1737423148790177e+02,7.6806020066889630e+02,0.0000000000000000e+00,3.9812525999999998e-01
2.1889773075891395e+02,7.7157190635451502e+02,0.0000000000000000e+00,3.9812525999999998e-01
2.2042491668276412e+02,7.7508361204013374e+02,0.0000000000000000e+00,3.9812525999999998e-01
2.2195578141669489e+02,7.7859531772575247e+02,0.0000000000000000e+00,3.9812525999999998e-01
2.2349031716997379e+02,7.8210702341137119e+02,0.0000000000000000e+00,3.9812525999999998e-01
2.2502851620331592e+02,7.8561872909699002e+02,0.0000000000000000e+00,3.9812525999999998e-01
2.2657037082831533e+02,7.8913043478260875e+02,0.0000000000000000e+00,3.9812525999999998e-01
2.2809854604968766e+02,7.9264214046822747e+02,0.0000000000000000e+00,4.6874466999999997e-01
2.2958241264087962e+02,7.9615384615384619e+02,0.0000000000000000e+00,4.6874466999999997e-01
2.3106933790233472e+02,7.9966555183946491e+02,0.0000000000000000e+00,4.6874466999999997e-01
2.3255931466523251e+02,8.0317725752508363e+02,0.0000000000000000e+00,4.6874466999999997e-01
2.3405233580885735e+02,8.0668896321070235e+02,0.0000000000000000e+00,4.6874466999999997e-01
2.3554839426006768e+02,8.1020066889632108e+02,0.0000000000000000e+00,4.6874466999999997e-01
2.3704748299277287e+02,8.1371237458193980e+02,0.0000000000000000e+00,4.6874466999999997e-01
2.3854959502741846e+02,8.1722408026755852e+02,0.0000000000000000e+00,4.6874466999999997e-01
2.4005472343047893e+02,8.2073578595317724e+02,0.0000000000000000e+00,4.6874466999999997e-01
2.4156286131395868e+02,8.2424749163879596e+02,0.0000000000000000e+00,4.6874466999999997e-01
2.4307400183489958e+02,8.2775919732441469e+02,0.0000000000000000e+00,4.6874466999999997e-01
2.4458813819489691e+02,8.3127090301003341e+02,0.0000000000000000e+00,4.6874466999999997e-01
2.4610526363962208e+02,8.3478260869565213e+02,0.0000000000000000e+00,4.6874466999999997e-01
2.4762537145835225e+02,8.3829431438127085e+02,0.0000000000000000e+00,4.6874466999999997e-01
2.4914845498350729e+02,8.4180602006688969e+02,0.0000000000000000e+00,4.6874466999999997e-01
2.5067450759019337e+02,8.4531772575250841e+02,0.0000000000000000e+00,4.6874466999999997e-01
2.5220352269575341e+02,8.4882943143812713e+02,0.0000000000000000e+00,4.6874466999999997e-01
2.5373549375932379e+02,8.5234113712374585e+02,0.0000000000000000e+00,4.6874466999999997e-01
2.5527041428139802e+02,8.5585284280936457e+02,0.0000000000000000e+00,4.6874466999999997e-01
2.5680827780339627e+02,8.5936454849498330e+02,0.0000000000000000e+00,4.6874466999999997e-01
2.5834907790724134e+02,8.6287625418060202e+02,0.0000000000000000e+00,4.6874466999999997e-01
2.5989280821494060e+02,8.6638795986622074e+02,0.0000000000000000e+00,4.6874466999999997e-01
2.6143946238817438e+02,8.6989966555183946e+02,0.0000000000000000e+00,4.6874466999999997e-01
2.6298903412788945e+02,8.7341137123745818e+02,0.0000000000000000e+00,4.6874466999999997e-01
2.6454151717389891e+02,8.7692307692307691e+02,0.0000000000000000e+00,4.6874466999999997e-01
2.6609690530448756e+02,8.8043478260869563e+02,0.0000000000000000e+00,4.6874466999999997e-01
2.6765519233602288e+02,8.8394648829431435e+02,0.0000000000000000e+00,4.6874466999999997e-01
2.6921637212257116e+02,8.8745819397993307e+02,0.0000000000000000e+00,4.6874466999999997e-01
2.7078043855551965e+02,8.9096989966555179e+02,0.0000000000000000e+00,4.6874466999999997e-01
2.7234738556320320e+02,8.9448160535117051e+02,0.0000000000000000e+00,4.6874466999999997e-01
2.7391720711053676e+02,8.9799331103678935e+02,0.0000000000000000e+00,4.6874466999999997e-01
2.7548989719865244e+02,9.0150501672240807e+02,0.0000000000000000e+00,4.6874466999999997e-01
2.7706544986454207e+02,9.0501672240802679e+02,0.0000000000000000e+00,4.6874466999999997e-01
2.7864385918070423e+02,9.0852842809364552e+02,0.0000000000000000e+00,4.6874466999999997e-01
2.8022511925479614e+02,9.1204013377926424e+02,0.0000000000000000e+00,4.6874466999999997e-01
2.8180922422929075e+02,9.1555183946488296e+02,0.0000000000000000e+00,4.6874466999999997e-01
2.8339616828113799e+02,9.1906354515050168e+02,0.0000000000000000e+00,4.6874466999999997e-01
2.8498594562143074e+02,9.2257525083612040e+02,0.0000000000000000e+00,4.6874466999999997e-01
2.8657855049507521e+02,9.2608695652173913e+02,0.0000000000000000e+00,4.6874466999999997e-01
2.8817397718046618e+02,9.2959866220735785e+02,0.0000000000000000e+00,4.6874466999999997e-01
2.8977221998916588e+02,9.3311036789297657e+02,0.0000000000000000e+00,4.6874466999999997e-01
2.9137327326558773e+02,9.3662207357859529e+02,0.0000000000000000e+00,4.6874466999999997e-01
2.9297713138668405e+02,9.4013377926421401e+02,0.0000000000000000e+00,4.6874466999999997e-01
2.9458378876163778e+02,9.4364548494983273e+02,0.0000000000000000e+00,4.6874466999999997e-01
2.9619323983155857e+02,9.4715719063545146e+02,0.0000000000000000e+00,4.6874466999999997e-01
2.9780547906918230e+02,9.5066889632107018e+02,0.0000000000000000e+00,4.6874466999999997e-01
2.9942050097857543e+02,9.5418060200668901e+02,0.0000000000000000e+00,4.6874466999999997e-01
3.0103830009484199e+02,9.5769230769230774e+02,0.0000000000000000e+00,4.6874466999999997e-01
3.0265887098383570e+02,9.6120401337792646e+02,0.0000000000000000e+00,4.6874466999999997e-01
3.0428220824187463e+02,9.6471571906354518e+02,0.0000000000000000e+00,4.6874466999999997e-01
3.0590830649546035e+02,9.6822742474916390e+02,0.0000000000000000e+00,4.6874466999999997e-01
3.0753716040100034e+02,9.7173913043478262e+02,0.0000000000000000e+00,4.6874466999999997e-01
3.0916876464453372e+02,9.7525083612040135e+02,0.0000000000000000e+00,4.6874466999999997e-01
3.1080311394146105e+02,9.7876254180602007e+02,0.0000000000000000e+00,4.6874466999999997e-01
3.1244020303627718e+02,9.8227424749163879e+02,0.0000000000000000e+00,4.6874466999999997e-01
3.1408002670230741e+02,9.8578595317725751e+02,0.0000000000000000e+00,4.6874466999999997e-01
3.1572257974144713e+02,9.8929765886287623e+02,0.0000000000000000e+00,4.6874466999999997e-01
3.1736785698390497e+02,9.9280936454849495e+02,0.0000000000000000e+00,4.6874466999999997e-01
3.1901585328794846e+02,9.9632107023411368e+02,0.0000000000000000e+00,4.6874466999999997e-01
3.2066656353965362e+02,9.9983277591973240e+02,0.0000000000000000e+00,4.6874466999999997e-01
3.2231998265265742e+02,1.0033444816053511e+03,0.0000000000000000e+00,4.6874466999999997e-01
3.2397610556791267e+02,1.0068561872909700e+03,0.0000000000000000e+00,4.6874466999999997e-01
3.2563492725344719e+02,1.0103678929765887e+03,0.0000000000000000e+00,4.6874466999999997e-01
3.2729644270412467e+02,1.0138795986622074e+03,0.0000000000000000e+00,4.6874466999999997e-01
3.2896064694140938e+02,1.0173913043478261e+03,0.0000000000000000e+00,4.6874466999999997e-01
3.3062753501313335e+02,1.0209030100334448e+03,0.0000000000000000e+00,4.6874466999999997e-01
3.3229710199326604e+02,1.0244147157190635e+03,0.0000000000000000e+00,4.6874466999999997e-01
3.3396934298168787e+02,1.0279264214046823e+03,0.0000000000000000e+00,4.6874466999999997e-01
3.3564425310396501e+02,1.0314381270903009e+03,0.0000000000000000e+00,4.6874466999999997e-01
3.3732182751112850e+02,1.0349498327759197e+03,0.0000000000000000e+00,4.6874466999999997e-01
3.3900206137945463e+02,1.0384615384615386e+03,0.0000000000000000e+00,4.6874466999999997e-01
3.4068494991024835e+02,1.0419732441471572e+03,0.0000000000000000e+00,4.6874466999999997e-01
3.4237048832963035e+02,1.0454849498327760e+03,0.0000000000000000e+00,4.6874466999999997e-01
3.4405867188832440e+02,1.0489966555183946e+03,0.0000000000000000e+00,4.6874466999999997e-01
3.4574949586145004e+02,1.0525083612040135e+03,0.0000000000000000e+00,4.6874466999999997e-01
3.4744295554831484e+02,1.0560200668896321e+03,0.0000000000000000e+00,4.6874466999999997e-01
3.4913904627221143e+02,1.0595317725752509e+03,0.0000000000000000e+00,4.6874466999999997e-01
3.5083776338021545e+02,1.0630434782608695e+03,0.0000000000000000e+00,4.6874466999999997e-01
3.5253910224298687e+02,1.0665551839464883e+03,0.0000000000000000e+00,4.6874466999999997e-01
3.5424305825457242e+02,1.0700668896321069e+03,0.0000000000000000e+00,4.6874466999999997e-01
3.5594962683221183e+02,1.0735785953177258e+03,0.0000000000000000e+00,4.6874466999999997e-01
3.5765880341614468e+02,1.0770903010033444e+03,0.0000000000000000e+00,4.6874466999999997e-01
3.5937058346942115e+02,1.0806020066889632e+03,0.0000000000000000e+00,4.6874466999999997e-01
3.6108496247771325e+02,1.0841137123745818e+03,0.0000000000000000e+00,4.6874466999999997e-01
3.6280193594912987e+02,1.0876254180602007e+03,0.0000000000000000e+00,4.6874466999999997e-01
3.6452149941403246e+02,1.0911371237458195e+03,0.0000000000000000e+00,4.6874466999999997e-01
3.6624364842485363e+02,1.0946488294314381e+03,0.0000000000000000e+00,4.6874466999999997e-01
3.6796837855591815e+02,1.0981605351170570e+03,0.0000000000000000e+00,4.6874466999999997e-01
3.6969568540326469e+02,1.1016722408026756e+03,0.0000000000000000e+00,4.6874466999999997e-01
3.7142556458447115e+02,1.1051839464882944e+03,0.0000000000000000e+00,4.6874466999999997e-01
3.7315801173848030e+02,1.1086956521739130e+03,0.0000000000000000e+00,4.6874466999999997e-01
3.7489302252542916e+02,1.1122073578595318e+03,0.0000000000000000e+00,4.6874466999999997e-01
3.7663059262647846e+02,1.1157190635451504e+03,0.0000000000000000e+00,4.6874466999999997e-01
3.7837071774364574e+02,1.1192307692307693e+03,0.0000000000000000e+00,4.6874466999999997e-01
3.8011339359963853e+02,1.1227424749163879e+03,0.0000000000000000e+00,4.6874466999999997e-01
3.8185861593769141e+02,1.1262541806020067e+03,0.0000000000000000e+00,4.6874466999999997e-01
3.8360638052140257e+02,1.1297658862876253e+03,0.0000000000000000e+00,4.6874466999999997e-01
3.8535668313457438e+02,1.1332775919732442e+03,0.0000000000000000e+00,4.6874466999999997e-01
3.8710951958105386e+02,1.1367892976588628e+03,0.0000000000000000e+00,4.6874466999999997e-01
3.8886488568457651e+02,1.1403010033444816e+03,0.0000000000000000e+00,4.6874466999999997e-01
3.9062277728861011e+02,1.1438127090301002e+03,0.0000000000000000e+00,4.6874466999999997e-01
3.9238319025620223e+02,1.1473244147157191e+03,0.0000000000000000e+00,4.6874466999999997e-01
3.9414612046982717e+02,1.1508361204013379e+03,0.0000000000000000e+00,4.6874466999999997e-01
3.9591156383123649e+02,1.1543478260869565e+03,0.0000000000000000e+00,4.6874466999999997e-01
3.9767951626131037e+02,1.1578595317725753e+03,0.0000000000000000e+00,4.6874466999999997e-01
3.9944997369990966e+02,1.1613712374581939e+03,0.0000000000000000e+00,4.6874466999999997e-01
4.0122293210573179e+02,1.1648829431438128e+03,0.0000000000000000e+00,4.6874466999999997e-01
4.0299838745616529e+02,1.1683946488294314e+03,0.0000000000000000e+00,4.6874466999999997e-01
4.0477633574714872e+02,1.1719063545150502e+03,0.0000000000000000e+00,4.6874466999999997e-01
4.0655677299302874e+02,1.1754180602006688e+03,0.0000000000000000e+00,4.6874466999999997e-01
4.0833969522642150e+02,1.1789297658862877e+03,0.0000000000000000e+00,4.6874466999999997e-01
4.1012509849807395e+02,1.1824414715719063e+03,0.0000000000000000e+00,4.6874466999999997e-01
4.1191297887672806e+02,1.1859531772575251e+03,0.0000000000000000e+00,4.6874466999999997e-01
4.1370333244898512e+02,1.1894648829431437e+03,0.0000000000000000e+00,4.6874466999999997e-01
4.1549615531917266e+02,1.1929765886287626e+03,0.0000000000000000e+00,4.6874466999999997e-01
4.1729144360921157e+02,1.1964882943143812e+03,0.0000000000000000e+00,4.6874466999999997e-01
4.1908919345848574e+02,1.2000000000000000e+03,0.0000000000000000e+00,4.6874466999999997e-01
