0.0000000000000000,1.0000000000000000E-003,0.0000000000000000,1.5706478492519013E-003,0.93760067180254569,0.0000000000000000,0.0000000000000000,0.0000000000000000
0.0000000000000000,5.2833333333333335E-003,0.0000000000000000,8.8687504139956137E-003,4.9682580617723211,0.0000000000000000,0.0000000000000000,0.0000000000000000
0.0000000000000000,9.5666666666666678E-003,0.0000000000000000,2.1663179833970560E-002,9.0072547879997060,0.0000000000000000,0.0000000000000000,0.0000000000000000
0.0000000000000000,1.3850000000000001E-002,0.0000000000000000,3.7996245540673143E-002,13.052932388382757,0.0000000000000000,0.0000000000000000,0.0000000000000000
0.0000000000000000,1.8133333333333335E-002,0.0000000000000000,5.6886781083989001E-002,17.104116690628359,0.0000000000000000,0.0000000000000000,0.0000000000000000
0.0000000000000000,2.2416666666666668E-002,0.0000000000000000,7.7428862796050768E-002,21.160008916472229,0.0000000000000000,0.0000000000000000,0.0000000000000000
0.0000000000000000,2.6700000000000002E-002,0.0000000000000000,9.8753307214643662E-002,25.219942035068527,0.0000000000000000,0.0000000000000000,0.0000000000000000
0.0000000000000000,3.0983333333333335E-002,0.0000000000000000,0.12031877858828495,29.283376812024088,0.0000000000000000,0.0000000000000000,0.0000000000000000
0.0000000000000000,3.5266666666666668E-002,0.0000000000000000,0.14176957107414656,33.349839207061407,0.0000000000000000,0.0000000000000000,0.0000000000000000
0.0000000000000000,3.9550000000000002E-002,0.0000000000000000,0.16294826760187137,37.418937088138676,0.0000000000000000,0.0000000000000000,0.0000000000000000
0.0000000000000000,4.3833333333333335E-002,0.0000000000000000,0.18188137168870452,41.490280116040630,0.0000000000000000,0.0000000000000000,0.0000000000000000
0.0000000000000000,4.8116666666666669E-002,0.0000000000000000,0.20058515416088363,45.563521177606177,0.0000000000000000,0.0000000000000000,0.0000000000000000
0.0000000000000000,5.2400000000000002E-002,0.0000000000000000,0.21964863928923353,49.638457754127998,2.9870393512016614E-003,8.8803148849861686E-005,8.8803148849859017E-005
0.0000000000000000,5.6683333333333336E-002,0.0000000000000000,0.23795649536101118,53.714968839886396,-7.9704097078814214E-003,-2.3438311222091017E-004,-2.3438311222089952E-004
0.0000000000000000,6.0966666666666669E-002,0.0000000000000000,0.25735035398693878,57.792882743391068,-6.3879016187659662E-002,-1.8412572463812581E-003,-1.8412572463811182E-003
0.0000000000000000,6.5250000000000002E-002,0.0000000000000000,0.25498683812016792,61.871432770903922,0.45004070594969736,1.2973426460536947E-002,1.2973426460535760E-002
0.0000000000000000,6.9533333333333336E-002,0.0000000000000000,0.25931644229237838,65.950243103751490,0.96621263611947017,2.8639394566744889E-002,2.8639394566743907E-002
0.0000000000000000,7.3816666666666669E-002,0.0000000000000000,0.29749525078048245,70.029974470918404,0.96945725157163865,3.0540038035581821E-002,3.0540038035582060E-002
0.0000000000000000,7.8100000000000003E-002,0.0000000000000000,0.33837818026946098,74.111993392441221,0.96776732262144127,3.2232677378558797E-002,3.2232677378558519E-002
0.0000000000000000,8.2383333333333336E-002,0.0000000000000000,0.38183506045424037,78.196323877487458,0.96615177834432930,3.3848221655670654E-002,3.3848221655672861E-002
0.0000000000000000,8.6666666666666670E-002,0.0000000000000000,0.42810522022010211,82.282985682264936,0.96461451660406305,3.5385483395936869E-002,3.5385483395937285E-002
0.0000000000000000,9.0950000000000003E-002,0.0000000000000000,0.47746028416140485,86.372008954867511,0.96315595871099180,3.6844041289008228E-002,3.6844041288993726E-002
0.0000000000000000,9.5233333333333337E-002,0.0000000000000000,0.53020136456584221,90.463434821893344,0.96177584160275920,3.8224158397240887E-002,3.8224158397232165E-002
0.0000000000000000,9.9516666666666670E-002,0.0000000000000000,0.58665654237124976,94.557314692214760,0.96047334580138088,3.9526654198619143E-002,3.9526654198619733E-002
0.0000000000000000,0.10380000000000000,0.0000000000000000,0.64717832892353644,98.653710213314952,0.95924720426664634,4.0752795733353595E-002,4.0752795733353372E-002
0.0000000000000000,0.10808333333333334,0.0000000000000000,0.71214126299950431,102.75269289399462,0.95809579123693234,4.1904208763067538E-002,4.1904208763066920E-002
0.0000000000000000,0.11236666666666667,0.0000000000000000,0.78193958279376075,106.85434397555773,0.95701719836543175,4.2982801634568302E-002,4.2982801634568329E-002
0.0000000000000000,0.11665000000000000,0.0000000000000000,0.85698506406606068,110.95875379558191,0.95600929623621567,4.3990703763784236E-002,4.3990703763783875E-002
0.0000000000000000,0.12093333333333334,0.0000000000000000,0.93770490313415766,115.06602153523114,0.95506978514614516,4.4930214853854733E-002,4.4930214853852957E-002
0.0000000000000000,0.12521666666666667,0.0000000000000000,1.0245396859950389,119.17625454399929,0.95419623765190498,4.5803762348094919E-002,4.5803762348095398E-002
0.0000000000000000,0.12950000000000000,0.0000000000000000,1.1179415564508866,123.28956827735898,0.95338613287042617,4.6613867129573903E-002,4.6613867129574667E-002
0.0000000000000000,0.13378333333333334,0.0000000000000000,1.2183722956155414,127.40608568053331,0.95263688449405126,4.7363115505948634E-002,4.7363115505949176E-002
0.0000000000000000,0.13806666666666667,0.0000000000000000,1.3263016328541799,131.52593661885956,0.95194586398950098,4.8054136010499023E-002,4.8054136010499016E-002
0.0000000000000000,0.14235000000000000,0.0000000000000000,1.4422054345324988,135.64925758942445,0.95131041964823349,4.8689580351766376E-002,4.8689580351765661E-002
0.0000000000000000,0.14663333333333334,0.0000000000000000,1.5665640308670297,139.77619136783574,0.95072789226305876,4.9272107736941184E-002,4.9272107736941996E-002
0.0000000000000000,0.15091666666666667,0.0000000000000000,1.6998607238035217,143.90688649939196,0.95019562813913283,4.9804371860867183E-002,4.9804371860867669E-002
0.0000000000000000,0.15520000000000000,0.0000000000000000,1.8425799944715298,148.04149676428702,0.94971098999507175,5.0289010004928150E-002,5.0289010004928615E-002
0.0000000000000000,0.15948333333333334,0.0000000000000000,1.9952058527922654,152.18018071175828,0.94927136619841612,5.0728633801583857E-002,5.0728633801584530E-002
0.0000000000000000,0.16376666666666667,0.0000000000000000,2.1582206045476009,156.32310144072969,0.94887417869129209,5.1125821308707985E-002,5.1125821308708394E-002
0.0000000000000000,0.16805000000000000,0.0000000000000000,2.3321032256364762,160.47042632484363,0.94851688988629745,5.1483110113702553E-002,5.1483110113703406E-002
0.0000000000000000,0.17233333333333334,0.0000000000000000,2.5173276618655764,164.62232601194697,0.94819700874419410,5.1802991255805834E-002,5.1802991255805383E-002
0.0000000000000000,0.17661666666666667,0.0000000000000000,2.7143617543016627,168.77897441297924,0.94791209618425576,5.2087903815744178E-002,5.2087903815744019E-002
0.0000000000000000,0.18090000000000001,0.0000000000000000,2.9236655533874636,172.94054842044167,0.94765976999450685,5.2340230005493156E-002,5.2340230005493149E-002
0.0000000000000000,0.18518333333333334,0.0000000000000000,3.1456903181103328,177.10722741877530,0.94743770938750638,5.2562290612493602E-002,5.2562290612493109E-002
0.0000000000000000,0.18946666666666667,0.0000000000000000,3.3808773681936137,181.27919257754579,0.94724365913760000,5.2756340862400122E-002,5.2756340862399408E-002
0.0000000000000000,0.19375000000000001,0.0000000000000000,3.6296567999210732,185.45662671100143,0.94707543326643084,5.2924566733569101E-002,5.2924566733569080E-002
0.0000000000000000,0.19803333333333334,0.0000000000000000,3.8924462467821561,189.63971425650161,0.94693091824992082,5.3069081750079267E-002,5.3069081750079725E-002
0.0000000000000000,0.20231666666666667,0.0000000000000000,4.1696505607822214,193.82864028416989,0.94680807613443663,5.3191923865563373E-002,5.3191923865563137E-002
0.0000000000000000,0.20660000000000001,0.0000000000000000,4.4616605894771171,198.02359052453491,0.94670494755783186,5.3295052442168131E-002,5.3295052442167763E-002
0.0000000000000000,0.21088333333333334,0.0000000000000000,4.7688526515705343,202.22475097349854,0.94661965377444557,5.3380346225554397E-002,5.3380346225555368E-002
0.0000000000000000,0.21516666666666667,0.0000000000000000,5.0915879180430927,206.43230752546916,0.94655039826741283,5.3449601732587178E-002,5.3449601732587546E-002
0.0000000000000000,0.21945000000000001,0.0000000000000000,5.4302120070551059,210.64644573239283,0.94649546874951584,5.3504531250484169E-002,5.3504531250483413E-002
0.0000000000000000,0.22373333333333334,0.0000000000000000,5.7850548800779951,214.86735053204092,0.94645323802240555,5.3546761977594358E-002,5.3546761977593130E-002
0.0000000000000000,0.22801666666666667,0.0000000000000000,6.1564302277049832,219.09520595505373,0.94642216432829773,5.3577835671702261E-002,5.3577835671702156E-002
0.0000000000000000,0.23230000000000001,0.0000000000000000,6.5446359122432156,223.33019482439653,0.94640079202716054,5.3599207972839298E-002,5.3599207972839874E-002
0.0000000000000000,0.23658333333333334,0.0000000000000000,6.9499541314104212,227.57249857032673,0.94638775058149816,5.3612249418501803E-002,5.3612249418501894E-002
0.0000000000000000,0.24086666666666667,0.0000000000000000,7.3726507428389079,231.82229688420819,0.94638175473610242,5.3618245263897538E-002,5.3618245263897489E-002
0.0000000000000000,0.24515000000000001,0.0000000000000000,7.8129762267716112,236.07976782744143,0.94638160276880079,5.3618397231199197E-002,5.3618397231199356E-002
0.0000000000000000,0.24943333333333334,0.0000000000000000,8.2711659335582919,240.34508752404878,0.94638617453145824,5.3613825468541897E-002,5.3613825468542507E-002
0.0000000000000000,0.25371666666666670,0.0000000000000000,8.7474401222501665,244.61842978900299,0.94639443172564297,5.3605568274357085E-002,5.3605568274357945E-002
0.0000000000000000,0.25800000000000001,0.0000000000000000,9.2420054925208230,248.89996635412786,0.94640541185253357,5.3594588147466378E-002,5.3594588147467183E-002
0.0000000000000000,0.26228333333333331,0.0000000000000000,9.7550540622026123,253.18986652710208,0.94641823057703833,5.3581769422961563E-002,5.3581769422962229E-002
0.0000000000000000,0.26656666666666667,0.0000000000000000,10.286765362930597,257.48829703586716,0.94643207427926945,5.3567925720730408E-002,5.3567925720730866E-002
0.0000000000000000,0.27085000000000004,0.0000000000000000,10.837305857276025,261.79542189353219,0.94644620049057882,5.3553799509421185E-002,5.3553799509421345E-002
0.0000000000000000,0.27513333333333334,0.0000000000000000,11.406830381887357,266.11140265259871,0.94645993369255232,5.3540066307447690E-002,5.3540066307447794E-002
0.0000000000000000,0.27941666666666665,0.0000000000000000,11.995482659984356,270.43639822234923,0.94647266043201150,5.3527339567988462E-002,5.3527339567988996E-002
0.0000000000000000,0.28370000000000001,0.0000000000000000,12.603395124136593,274.77056456273539,0.94648383051392948,5.3516169486070443E-002,5.3516169486070991E-002
0.0000000000000000,0.28798333333333337,0.0000000000000000,13.230690897286705,279.11405505230846,0.94649294654614446,5.3507053453855494E-002,5.3507053453855237E-002
0.0000000000000000,0.29226666666666667,0.0000000000000000,13.877483120866632,283.46702015990024,0.94649956985948813,5.3500430140511791E-002,5.3500430140510910E-002
0.0000000000000000,0.29654999999999998,0.0000000000000000,14.543876980527587,287.82960773305399,0.94650330614800682,5.3496693851993134E-002,5.3496693851992211E-002
0.0000000000000000,0.30083333333333334,0.0000000000000000,15.229968846667116,292.20196232232581,0.94650381440834308,5.3496185591656878E-002,5.3496185591656399E-002
0.0000000000000000,0.30511666666666670,0.0000000000000000,15.935848251689652,296.58422606178129,0.94650079071615667,5.3499209283843309E-002,5.3499209283843725E-002
0.0000000000000000,0.30940000000000001,0.0000000000000000,16.661597097298547,300.97653814775947,0.94649397824643300,5.3506021753566987E-002,5.3506021753567772E-002
0.0000000000000000,0.31368333333333331,0.0000000000000000,17.407291372597903,305.37903525539326,0.94648315152780504,5.3516848472194900E-002,5.3516848472195067E-002
0.0000000000000000,0.31796666666666668,0.0000000000000000,18.173000879288836,309.79185096975175,0.94646812493449128,5.3531875065508723E-002,5.3531875065508265E-002
0.0000000000000000,0.32225000000000004,0.0000000000000000,18.958790138049377,314.21511638596542,0.94644874071688700,5.3551259283113044E-002,5.3551259283112551E-002
0.0000000000000000,0.32653333333333334,0.0000000000000000,19.764718607679917,318.64896000928189,0.94642487217611648,5.3575127823883621E-002,5.3575127823883337E-002
0.0000000000000000,0.33081666666666665,0.0000000000000000,20.590841045820365,323.09350771208096,0.94639641968701971,5.3603580312980438E-002,5.3603580312980237E-002
0.0000000000000000,0.33510000000000001,0.0000000000000000,21.437208295164108,327.54888275455033,0.94636330460445195,5.3636695395548023E-002,5.3636695395547829E-002
0.0000000000000000,0.33938333333333337,0.0000000000000000,22.303867236218757,332.01520547939106,0.94632547607808859,5.3674523921911285E-002,5.3674523921911056E-002
0.0000000000000000,0.34366666666666668,0.0000000000000000,23.190861248275564,336.49259431870450,0.94628289523996090,5.3717104760038943E-002,5.3717104760038624E-002
0.0000000000000000,0.34794999999999998,0.0000000000000000,24.098230462489568,340.98116485916449,0.94623554990337344,5.3764450096626518E-002,5.3764450096626171E-002
0.0000000000000000,0.35223333333333334,0.0000000000000000,25.026011983424723,345.48103071571114,0.94618343583138176,5.3816564168618262E-002,5.3816564168617978E-002
0.0000000000000000,0.35651666666666670,0.0000000000000000,25.974240652218388,349.99230290430972,0.94612656900311265,5.3873430996887336E-002,5.3873430996887121E-002
0.0000000000000000,0.36080000000000001,0.0000000000000000,26.942948682704298,354.51509028294760,0.94606497616496077,5.3935023835039217E-002,5.3935023835038988E-002
0.0000000000000000,0.36508333333333332,0.0000000000000000,27.932165868951259,359.04949956526519,0.94599869333792497,5.4001306662074956E-002,5.4001306662074700E-002
0.0000000000000000,0.36936666666666668,0.0000000000000000,28.941920286492230,363.59563493928067,0.94592777216658575,5.4072227833414227E-002,5.4072227833414130E-002
0.0000000000000000,0.37365000000000004,0.0000000000000000,29.972237601226652,368.15359895039410,0.94585226610525797,5.4147733894741909E-002,5.4147733894742166E-002
0.0000000000000000,0.37793333333333334,0.0000000000000000,31.023142681306499,372.72349177373542,0.94577224231706203,5.4227757682937909E-002,5.4227757682938332E-002
0.0000000000000000,0.38221666666666665,0.0000000000000000,32.094658378877469,377.30541172206523,0.94568777215408351,5.4312227845916515E-002,5.4312227845916702E-002
0.0000000000000000,0.38650000000000001,0.0000000000000000,33.186805744735111,381.89945519396707,0.94559893115320226,5.4401068846797851E-002,5.4401068846797546E-002
0.0000000000000000,0.39078333333333337,0.0000000000000000,34.299605146135477,386.50571629012518,0.94550580453471966,5.4494195465280518E-002,5.4494195465279976E-002
0.0000000000000000,0.39506666666666668,0.0000000000000000,35.433074855326623,391.12428769888373,0.94540847643461978,5.4591523565380412E-002,5.4591523565379982E-002
0.0000000000000000,0.39934999999999998,0.0000000000000000,36.587232935786012,395.75526023375045,0.94530703762058443,5.4692962379415726E-002,5.4692962379415545E-002
0.0000000000000000,0.40363333333333334,0.0000000000000000,37.762096557631068,400.39872292303772,0.94520158239230889,5.4798417607691226E-002,5.4798417607691170E-002
0.0000000000000000,0.40791666666666671,0.0000000000000000,38.957680799553124,405.05476319411969,0.94509220377023939,5.4907796229760712E-002,5.4907796229760691E-002
0.0000000000000000,0.41220000000000001,0.0000000000000000,40.174000665029496,409.72346634817933,0.94497900056467465,5.5020999435325312E-002,5.5020999435325284E-002
0.0000000000000000,0.41648333333333332,0.0000000000000000,41.411069876641633,414.40491625190833,0.94486207129080590,5.5137928709194046E-002,5.5137928709193998E-002
0.0000000000000000,0.42076666666666668,0.0000000000000000,42.668901232478333,419.09919541508305,0.94474151401404738,5.5258485985952489E-002,5.5258485985952385E-002
0.0000000000000000,0.42505000000000004,0.0000000000000000,43.947508810990854,423.80638468220491,0.94461743044719448,5.5382569552805426E-002,5.5382569552805398E-002
0.0000000000000000,0.42933333333333334,0.0000000000000000,45.246904373237498,428.52656346551726,0.94448992039377289,5.5510079606226989E-002,5.5510079606227204E-002
0.0000000000000000,0.43361666666666665,0.0000000000000000,46.567098355961662,433.25980966015641,0.94435908345496555,5.5640916545034273E-002,5.5640916545034814E-002
0.0000000000000000,0.43790000000000001,0.0000000000000000,47.908100879422641,438.00619951202134,0.94422502101293071,5.5774978987069235E-002,5.5774978987069887E-002
0.0000000000000000,0.44218333333333337,0.0000000000000000,49.269921076931482,442.76580808205262,0.94408783207183933,5.5912167928160575E-002,5.5912167928161033E-002
0.0000000000000000,0.44646666666666668,0.0000000000000000,50.652568015201190,447.53870907657421,0.94394761509470759,5.6052384905292407E-002,5.6052384905292463E-002
0.0000000000000000,0.45074999999999998,0.0000000000000000,52.056051600291354,452.32497475767997,0.94380446910135518,5.6195530898644840E-002,5.6195530898644583E-002
0.0000000000000000,0.45503333333333335,0.0000000000000000,53.480379696497529,457.12467620445068,0.94365849073383035,5.6341509266169661E-002,5.6341509266169258E-002
0.0000000000000000,0.45931666666666671,0.0000000000000000,54.925559616518512,461.93788322772264,0.94350977552547122,5.6490224474528838E-002,5.6490224474528436E-002
0.0000000000000000,0.46360000000000001,0.0000000000000000,56.391599238541851,466.76466430327287,0.94335841880724891,5.6641581192751089E-002,5.6641581192750756E-002
0.0000000000000000,0.46788333333333332,0.0000000000000000,57.878505006526851,471.60508678407888,0.94320451373525616,5.6795486264743844E-002,5.6795486264743622E-002
0.0000000000000000,0.47216666666666668,0.0000000000000000,59.386282728759191,476.45921688374017,0.94304815182648538,5.6951848173514626E-002,5.6951848173514556E-002
0.0000000000000000,0.47645000000000004,0.0000000000000000,60.914939404700164,481.32711967969527,0.94288942386034091,5.7110576139659010E-002,5.7110576139659086E-002
0.0000000000000000,0.48073333333333335,0.0000000000000000,62.464480648853126,486.20885911417406,0.94272841871732438,5.7271581282675628E-002,5.7271581282675808E-002
0.0000000000000000,0.48501666666666665,0.0000000000000000,64.034910653717830,491.10449802567780,0.94256522332623938,5.7434776673760624E-002,5.7434776673760859E-002
0.0000000000000000,0.48930000000000001,0.0000000000000000,65.626233784933731,496.01409804306678,0.94239992341730772,5.7600076582692269E-002,5.7600076582692512E-002
0.0000000000000000,0.49358333333333337,0.0000000000000000,67.238453919788725,500.93771976341327,0.94223260303260603,5.7767396967393934E-002,5.7767396967394129E-002
0.0000000000000000,0.49786666666666668,0.0000000000000000,68.871573956105010,505.87542286025308,0.94206334426284288,5.7936655737157047E-002,5.7936655737157131E-002
0.0000000000000000,0.50214999999999999,0.0000000000000000,70.525597358820491,510.82726608840215,0.94189222761477398,5.8107772385225943E-002,5.8107772385225923E-002
0.0000000000000000,0.50643333333333340,0.0000000000000000,72.200527865803693,515.79330729530659,0.94171933193731183,5.8280668062688133E-002,5.8280668062688105E-002
0.0000000000000000,0.51071666666666671,0.0000000000000000,73.896367548285227,520.77360324433710,0.94154473433110741,5.8455265668892503E-002,5.8455265668892586E-002
0.0000000000000000,0.51500000000000001,0.0000000000000000,75.613118118164905,525.76820973347583,0.94136851017023360,5.8631489829766500E-002,5.8631489829766806E-002
0.0000000000000000,0.51928333333333332,0.0000000000000000,77.350781966527677,530.77718159610629,0.94119073302626832,5.8809266973731782E-002,5.8809266973732219E-002
0.0000000000000000,0.52356666666666662,0.0000000000000000,79.109360691892945,535.80057279325968,0.94101147483940595,5.8988525160594205E-002,5.8988525160594593E-002
0.0000000000000000,0.52785000000000004,0.0000000000000000,80.888854655151761,540.83843643115381,0.94083080601541058,5.9169193984589467E-002,5.9169193984589627E-002
0.0000000000000000,0.53213333333333335,0.0000000000000000,82.689264739288760,545.89082483744460,0.94064879506567389,5.9351204934326239E-002,5.9351204934326079E-002
0.0000000000000000,0.53641666666666665,0.0000000000000000,84.510591876451926,550.95778955494825,0.94046550873834123,5.9534491261658877E-002,5.9534491261658495E-002
0.0000000000000000,0.54070000000000007,0.0000000000000000,86.352835749245287,556.03938119761028,0.94028101243025486,5.9718987569745231E-002,5.9718987569744753E-002
0.0000000000000000,0.54498333333333338,0.0000000000000000,88.215995532428849,561.13564955450965,0.94009536997209253,5.9904630027907468E-002,5.9904630027906997E-002
0.0000000000000000,0.54926666666666668,0.0000000000000000,90.100071161448696,566.24664365754791,0.93990864321097678,6.0091356789023123E-002,6.0091356789022728E-002
0.0000000000000000,0.55354999999999999,0.0000000000000000,92.005062119663620,571.37241176859152,0.93972089246949198,6.0279107530508073E-002,6.0279107530507782E-002
0.0000000000000000,0.55783333333333329,0.0000000000000000,93.930966584925926,576.51300130766549,0.93953217695799340,6.0467823042006645E-002,6.0467823042006486E-002
0.0000000000000000,0.56211666666666671,0.0000000000000000,95.877782581513856,581.66845907035633,0.93934255416952717,6.0657445830472910E-002,6.0657445830472903E-002
0.0000000000000000,0.56640000000000001,0.0000000000000000,97.845508006009283,586.83883141832780,0.93915207971048387,6.0847920289516140E-002,6.0847920289516230E-002
0.0000000000000000,0.57068333333333332,0.0000000000000000,99.834140393819254,592.02416383566879,0.93896080791904535,6.1039192080954742E-002,6.1039192080954853E-002
0.0000000000000000,0.57496666666666674,0.0000000000000000,101.84367650034700,597.22450090302584,0.93876879215652775,6.1231207843472267E-002,6.1231207843472309E-002
0.0000000000000000,0.57925000000000004,0.0000000000000000,103.87411369691314,602.43988638856251,0.93857608399718984,6.1423916002810233E-002,6.1423916002810143E-002
0.0000000000000000,0.58353333333333335,0.0000000000000000,105.92545017913724,607.67036314410234,0.93838273327710797,6.1617266722892090E-002,6.1617266722891896E-002
0.0000000000000000,0.58781666666666665,0.0000000000000000,107.99768297947820,612.91597355834517,0.93818878876157330,6.1811211238426714E-002,6.1811211238426506E-002
0.0000000000000000,0.59209999999999996,0.0000000000000000,110.09080780657573,618.17675950669832,0.93799429835057946,6.2005701649420583E-002,6.2005701649420430E-002
0.0000000000000000,0.59638333333333338,0.0000000000000000,112.20482034958096,623.45276245179411,0.93779930819602719,6.2200691803972752E-002,6.2200691803972703E-002
0.0000000000000000,0.60066666666666668,0.0000000000000000,114.33971591714183,628.74402356200017,0.93760386282738639,6.2396137172613574E-002,6.2396137172613601E-002
0.0000000000000000,0.60494999999999999,0.0000000000000000,116.49548961813240,634.05058315362646,0.93740800582009320,6.2591994179906699E-002,6.2591994179906740E-002
0.0000000000000000,0.60923333333333340,0.0000000000000000,118.67213613435733,639.37248052628024,0.93721178003196670,6.2788219968033201E-002,6.2788219968033188E-002
0.0000000000000000,0.61351666666666671,0.0000000000000000,120.86965043784797,644.70975467579001,0.93701522670414439,6.2984773295855626E-002,6.2984773295855501E-002
0.0000000000000000,0.61780000000000002,0.0000000000000000,123.08802804586119,650.06244424928423,0.93681838551381535,6.3181614486184576E-002,6.3181614486184381E-002
0.0000000000000000,0.62208333333333332,0.0000000000000000,125.32726382168426,655.43058715881011,0.93662129521632498,6.3378704783674966E-002,6.3378704783674786E-002
0.0000000000000000,0.62636666666666663,0.0000000000000000,127.58735142331714,660.81422054285133,0.93642399401719512,6.3576005982804842E-002,6.3576005982804745E-002
0.0000000000000000,0.63065000000000004,0.0000000000000000,129.86828460932639,666.21338092368433,0.93622651875019325,6.3773481249806807E-002,6.3773481249806849E-002
0.0000000000000000,0.63493333333333335,0.0000000000000000,132.17005727085564,671.62810395805366,0.93602890469699229,6.3971095303007763E-002,6.3971095303007958E-002
0.0000000000000000,0.63921666666666666,0.0000000000000000,134.49266301943757,677.05842481715990,0.93583118617252847,6.4168813827471610E-002,6.4168813827471860E-002
0.0000000000000000,0.64350000000000007,0.0000000000000000,136.83609481580427,682.50437844946066,0.93563339703908188,6.4366602960918173E-002,6.4366602960918409E-002
0.0000000000000000,0.64778333333333338,0.0000000000000000,139.20034536397787,687.96599927189106,0.93543557018663359,6.4564429813366506E-002,6.4564429813366631E-002
0.0000000000000000,0.65206666666666668,0.0000000000000000,141.58540779106968,693.44332158516806,0.93523773697224688,6.4762263027753134E-002,6.4762263027753120E-002
0.0000000000000000,0.65634999999999999,0.0000000000000000,143.99127517410179,698.93637933618152,0.93503992768375199,6.4960072316248021E-002,6.4960072316247910E-002
0.0000000000000000,0.66063333333333329,0.0000000000000000,146.41793989445995,704.44520565523374,0.93484217209725884,6.5157827902741258E-002,6.5157827902741092E-002
0.0000000000000000,0.66491666666666671,0.0000000000000000,148.86539369383826,709.96983291061770,0.93464449948557726,6.5355500514422848E-002,6.5355500514422696E-002
0.0000000000000000,0.66920000000000002,0.0000000000000000,151.33362856150799,715.51029328523509,0.93444693776929921,6.5553062230700870E-002,6.5553062230700759E-002
0.0000000000000000,0.67348333333333332,0.0000000000000000,153.82263658941764,721.06661866779064,0.93424951366167264,6.5750486338327391E-002,6.5750486338327349E-002
0.0000000000000000,0.67776666666666674,0.0000000000000000,156.33240955377042,726.63884041108508,0.93405225318577401,6.5947746814226008E-002,6.5947746814226008E-002
0.0000000000000000,0.68205000000000005,0.0000000000000000,158.86293858571645,732.22698916930506,0.93385518208627627,6.6144817913723730E-002,6.6144817913723758E-002
0.0000000000000000,0.68633333333333335,0.0000000000000000,161.41421465087160,737.83109516302920,0.93365832528732007,6.6341674712679932E-002,6.6341674712680002E-002
0.0000000000000000,0.69061666666666666,0.0000000000000000,163.98622893311307,743.45118825715940,0.93346170641659876,6.6538293583401242E-002,6.6538293583401339E-002
0.0000000000000000,0.69489999999999996,0.0000000000000000,166.57897255854968,749.08729789671372,0.93326534820009688,6.6734651799903080E-002,6.6734651799903177E-002
0.0000000000000000,0.69918333333333338,0.0000000000000000,169.19243625953203,754.73945305818359,0.93306927293166564,6.6930727068334292E-002,6.6930727068334389E-002
0.0000000000000000,0.70346666666666668,0.0000000000000000,171.82661021951066,760.40768221699579,0.93287350265409064,6.7126497345909350E-002,6.7126497345909419E-002
0.0000000000000000,0.70774999999999999,0.0000000000000000,174.48148471713085,766.09201349660702,0.93267805841266660,6.7321941587333359E-002,6.7321941587333359E-002
0.0000000000000000,0.71203333333333341,0.0000000000000000,177.15705028812036,771.79247473237865,0.93248296014742660,6.7517039852573457E-002,6.7517039852573416E-002
0.0000000000000000,0.71631666666666671,0.0000000000000000,179.85329735474932,777.50909337638745,0.93228822710308890,6.7711772896911160E-002,6.7711772896911090E-002
0.0000000000000000,0.72060000000000002,0.0000000000000000,182.57021583447002,783.24189639423082,0.93209387824533996,6.7906121754660098E-002,6.7906121754660043E-002
0.0000000000000000,0.72488333333333332,0.0000000000000000,185.30779519989747,788.99091028897658,0.93189993226333301,6.8100067736667005E-002,6.8100067736666978E-002
0.0000000000000000,0.72916666666666663,0.0000000000000000,188.06602507620724,794.75616127697810,0.93170640684650441,6.8293593153495591E-002,6.8293593153495619E-002
0.0000000000000000,0.73345000000000005,0.0000000000000000,190.84489517740462,800.53767527712318,0.93151331873692633,6.8486681263073709E-002,6.8486681263073779E-002
0.0000000000000000,0.73773333333333335,0.0000000000000000,193.64439508842153,806.33547785629105,0.93132068410457658,6.8679315895423448E-002,6.8679315895423532E-002
0.0000000000000000,0.74201666666666666,0.0000000000000000,196.46451403554428,812.14959415526880,0.93112851891677906,6.8871481083220998E-002,6.8871481083221067E-002
0.0000000000000000,0.74630000000000007,0.0000000000000000,199.30524083200561,817.98004874032245,0.93093683889367063,6.9063161106329415E-002,6.9063161106329443E-002
0.0000000000000000,0.75058333333333338,0.0000000000000000,202.16656456582007,823.82686617677086,0.93074565883974114,6.9254341160258873E-002,6.9254341160258817E-002
0.0000000000000000,0.75486666666666669,0.0000000000000000,205.04847463325760,829.69007112782253,0.93055499271162034,6.9445007288379698E-002,6.9445007288379573E-002
0.0000000000000000,0.75914999999999999,0.0000000000000000,207.95096032318611,835.56968791279462,0.93036485395241753,6.9635146047582544E-002,6.9635146047582364E-002
0.0000000000000000,0.76343333333333330,0.0000000000000000,210.87401039151743,841.46574006369121,0.93017525582420590,6.9824744175794165E-002,6.9824744175793957E-002
0.0000000000000000,0.76771666666666671,0.0000000000000000,213.81761314271711,847.37825060154796,0.92998621143746896,7.0013788562531057E-002,7.0013788562530849E-002
0.0000000000000000,0.77200000000000002,0.0000000000000000,216.78175703252114,853.30724225674453,0.92979773312525782,7.0202266874742153E-002,7.0202266874741973E-002
0.0000000000000000,0.77628333333333333,0.0000000000000000,219.76643057409095,859.25273712836054,0.92960983242490158,7.0390167575098445E-002,7.0390167575098306E-002
0.0000000000000000,0.78056666666666674,0.0000000000000000,222.77162220583639,865.21475694247022,0.92942252037100170,7.0577479628998296E-002,7.0577479628998199E-002
0.0000000000000000,0.78485000000000005,0.0000000000000000,225.79732016344775,871.19332335190404,0.92923580779261072,7.0764192207389290E-002,7.0764192207389193E-002
0.0000000000000000,0.78913333333333335,0.0000000000000000,228.84351237302133,877.18845784656901,0.92904970547212617,7.0950294527873825E-002,7.0950294527873728E-002
0.0000000000000000,0.79341666666666666,0.0000000000000000,231.91018674727343,883.20018153714466,0.92886422363450816,7.1135776365491940E-002,7.1135776365491843E-002
0.0000000000000000,0.79769999999999996,0.0000000000000000,234.99733142668114,889.22851576115931,0.92867937173807691,7.1320628261923175E-002,7.1320628261923077E-002
0.0000000000000000,0.80198333333333338,0.0000000000000000,238.10493459740869,895.27348179933244,0.92849515871611954,7.1504841283880571E-002,7.1504841283880446E-002
0.0000000000000000,0.80626666666666669,0.0000000000000000,241.23298426974594,901.33510045308094,0.92831159323864587,7.1688406761354198E-002,7.1688406761354073E-002
0.0000000000000000,0.81054999999999999,0.0000000000000000,244.38146806829130,907.41339170973379,0.92812868394923609,7.1871316050763898E-002,7.1871316050763773E-002
0.0000000000000000,0.81483333333333341,0.0000000000000000,247.55037342347455,913.50837526705811,0.92794643924910880,7.2053560750891130E-002,7.2053560750891005E-002
0.0000000000000000,0.81911666666666672,0.0000000000000000,250.73968803372540,919.62007065796911,0.92776486684361337,7.2235133156386577E-002,7.2235133156386466E-002
0.0000000000000000,0.82340000000000002,0.0000000000000000,253.94939976424146,925.74849709988007,0.92758397387007629,7.2416026129923552E-002,7.2416026129923455E-002
0.0000000000000000,0.82768333333333333,0.0000000000000000,257.17949642677740,931.89367353485386,0.92740376712715844,7.2596232872841435E-002,7.2596232872841365E-002
0.0000000000000000,0.83196666666666663,0.0000000000000000,260.42996555238739,938.05561867123333,0.92722425330406277,7.2775746695937157E-002,7.2775746695937116E-002
0.0000000000000000,0.83625000000000005,0.0000000000000000,263.70079430710075,944.23435092211400,0.92704543909036852,7.2954560909631372E-002,7.2954560909631400E-002
0.0000000000000000,0.84053333333333335,0.0000000000000000,266.99196992687928,950.42988843249827,0.92686733074016114,7.3132669259838815E-002,7.3132669259838884E-002
0.0000000000000000,0.84481666666666666,0.0000000000000000,270.30347983571335,956.64224931900412,0.92668993390063459,7.3310066099365329E-002,7.3310066099365467E-002
0.0000000000000000,0.84910000000000008,0.0000000000000000,273.63531150991793,962.87145155999747,0.92651325379745164,7.3486746202548359E-002,7.3486746202548567E-002
0.0000000000000000,0.85338333333333338,0.0000000000000000,276.98745233500068,969.11751284055481,0.92633729543488152,7.3662704565118420E-002,7.3662704565118642E-002
0.0000000000000000,0.85766666666666669,0.0000000000000000,280.35988945879080,975.38045039859026,0.92616206379283073,7.3837936207169219E-002,7.3837936207169455E-002
0.0000000000000000,0.86194999999999999,0.0000000000000000,283.75260978675414,981.66028109599279,0.92598756380965175,7.4012436190348238E-002,7.4012436190348460E-002
0.0000000000000000,0.86623333333333330,0.0000000000000000,287.16560037470896,987.95702168813978,0.92581379994363766,7.4186200056362339E-002,7.4186200056362533E-002
0.0000000000000000,0.87051666666666672,0.0000000000000000,290.59884848856410,994.27068878385285,0.92564077615138263,7.4359223848617456E-002,7.4359223848617595E-002
0.0000000000000000,0.87480000000000002,0.0000000000000000,294.05234144816490,1000.6012987923733,0.92546849605933434,7.4531503940665669E-002,7.4531503940665739E-002
0.0000000000000000,0.87908333333333333,0.0000000000000000,297.52606646196347,1006.9488678722311,0.92529696313759358,7.4703036862406466E-002,7.4703036862406480E-002
0.0000000000000000,0.88336666666666674,0.0000000000000000,301.02001045993376,1013.3134118754912,0.92512618086824838,7.4873819131751687E-002,7.4873819131751645E-002
0.0000000000000000,0.88765000000000005,0.0000000000000000,304.53416014077459,1019.6949463294336,0.92495615268134712,7.5043847318652962E-002,7.5043847318652865E-002
0.0000000000000000,0.89193333333333336,0.0000000000000000,308.06850242075285,1026.0934866732073,0.92478688156499034,7.5213118435009718E-002,7.5213118435009566E-002
0.0000000000000000,0.89621666666666666,0.0000000000000000,311.62302445284712,1032.5090483041461,0.92461837007844250,7.5381629921557572E-002,7.5381629921557378E-002
0.0000000000000000,0.90049999999999997,0.0000000000000000,315.19771345601896,1038.9416464710732,0.92445062050151217,7.5549379498487876E-002,7.5549379498487654E-002
0.0000000000000000,0.90478333333333338,0.0000000000000000,318.79255653725068,1045.3912961615176,0.92428363498473620,7.5716365015263784E-002,7.5716365015263548E-002
0.0000000000000000,0.90906666666666669,0.0000000000000000,322.40754051691505,1051.8580119869496,0.92411741569679362,7.5882584303206421E-002,7.5882584303206185E-002
0.0000000000000000,0.91335000000000000,0.0000000000000000,326.04265204265954,1058.3418081964946,0.92395196479621478,7.6048035203785211E-002,7.6048035203785003E-002
0.0000000000000000,0.91763333333333341,0.0000000000000000,329.69787790573031,1064.8426989904062,0.92378728407599753,7.6212715924002500E-002,7.6212715924002347E-002
0.0000000000000000,0.92191666666666672,0.0000000000000000,333.37320497777375,1071.3606985608578,0.92362337494414259,7.6376625055857489E-002,7.6376625055857392E-002
0.0000000000000000,0.92620000000000002,0.0000000000000000,337.06862015703251,1077.8958209823561,0.92346023855123116,7.6539761448769020E-002,7.6539761448768992E-002
0.0000000000000000,0.93048333333333333,0.0000000000000000,340.78411031798822,1084.4480800964800,0.92329787591951995,7.6702124080480188E-002,7.6702124080480216E-002
0.0000000000000000,0.93476666666666663,0.0000000000000000,344.51966225890226,1091.0174893938652,0.92313628807187664,7.6863711928123510E-002,7.6863711928123579E-002
0.0000000000000000,0.93905000000000005,0.0000000000000000,348.27526262655630,1097.6040620194885,0.92297547608075370,7.7024523919246371E-002,7.7024523919246482E-002
0.0000000000000000,0.94333333333333336,0.0000000000000000,352.05089809836284,1104.2078110192108,0.92281544077534738,7.7184559224652727E-002,7.7184559224652852E-002
0.0000000000000000,0.94761666666666666,0.0000000000000000,355.84655560969406,1110.8287493124119,0.92265618262838500,7.7343817371615012E-002,7.7343817371615137E-002
0.0000000000000000,0.95190000000000008,0.0000000000000000,359.66222224810434,1117.4668896605276,0.92249770185840685,7.7502298141593207E-002,7.7502298141593359E-002
0.0000000000000000,0.95618333333333339,0.0000000000000000,363.49788511511412,1124.1222446486984,0.92233999854010296,7.7660001459897127E-002,7.7660001459897265E-002
0.0000000000000000,0.96046666666666669,0.0000000000000000,367.35353118401775,1130.7948266667615,0.92218307271465139,7.7816927285348669E-002,7.7816927285348836E-002
0.0000000000000000,0.96475000000000000,0.0000000000000000,371.22914716291160,1137.4846478839270,0.92202692448730794,7.7973075512692197E-002,7.7973075512692377E-002
0.0000000000000000,0.96903333333333330,0.0000000000000000,375.12471964168509,1144.1917202519132,0.92187155389811237,7.8128446101887766E-002,7.8128446101887961E-002
0.0000000000000000,0.97331666666666672,0.0000000000000000,379.04023551016849,1150.9160556534314,0.92171696067986397,7.8283039320136028E-002,7.8283039320136250E-002
0.0000000000000000,0.97760000000000002,0.0000000000000000,382.97568191632007,1157.6576659078883,0.92156314430349850,7.8436855696501495E-002,7.8436855696501731E-002
0.0000000000000000,0.98188333333333333,0.0000000000000000,386.93104610844455,1164.4165627152790,0.92141010407180313,7.8589895928196832E-002,7.8589895928197082E-002
0.0000000000000000,0.98616666666666675,0.0000000000000000,390.90631527277134,1171.1927575981913,0.92125783921313964,7.8742160786860277E-002,7.8742160786860541E-002
0.0000000000000000,0.99045000000000005,0.0000000000000000,394.90147636691165,1177.9862618419745,0.92110634897513910,7.8893651024860886E-002,7.8893651024861136E-002
0.0000000000000000,0.99473333333333336,0.0000000000000000,398.91651612285756,1184.7970864043200,0.92095563267044578,7.9044367329554222E-002,7.9044367329554457E-002
0.0000000000000000,0.99901666666666666,0.0000000000000000,402.95142142302319,1191.6252420799287,0.92080568946128949,7.9194310538710525E-002,7.9194310538710705E-002
0.0000000000000000,1.0032999999999999,0.0000000000000000,407.00617920144788,1198.4707398140065,0.92065651824475359,7.9343481755246442E-002,7.9343481755246595E-002
0.0000000000000000,1.0075833333333333,0.0000000000000000,411.08077640622855,1205.3335906030570,0.92050811772267305,7.9491882277326967E-002,7.9491882277327064E-002
0.0000000000000000,1.0118666666666667,0.0000000000000000,415.17520000396667,1212.2138053431734,0.92036048648070701,7.9639513519293048E-002,7.9639513519293104E-002
0.0000000000000000,1.0161499999999999,0.0000000000000000,419.28943698420323,1219.1113946742514,0.92021362306741050,7.9786376932589484E-002,7.9786376932589498E-002
0.0000000000000000,1.0204333333333333,0.0000000000000000,423.42347436088761,1226.0263688235591,0.92006752607296483,7.9932473927035230E-002,7.9932473927035216E-002
0.0000000000000000,1.0247166666666665,0.0000000000000000,427.57729902861104,1232.9587377223374,0.91992219413894782,8.0077805861052176E-002,8.0077805861052162E-002
0.0000000000000000,1.0289999999999999,0.0000000000000000,431.75089790461323,1239.9085113150961,0.91977762574715283,8.0222374252847131E-002,8.0222374252847103E-002
0.0000000000000000,1.0332833333333333,0.0000000000000000,435.94425827522809,1246.8756993711481,0.91963381916162990,8.0366180838370133E-002,8.0366180838370133E-002
0.0000000000000000,1.0375666666666665,0.0000000000000000,440.15736766828661,1253.8603114852976,0.91949077249195088,8.0509227508049189E-002,8.0509227508049203E-002
0.0000000000000000,1.0418499999999999,0.0000000000000000,444.39021368317998,1260.8623571083217,0.91934848375942579,8.0651516240574275E-002,8.0651516240574289E-002
0.0000000000000000,1.0461333333333331,0.0000000000000000,448.64278381650769,1267.8818455781109,0.91920695096331873,8.0793049036681330E-002,8.0793049036681358E-002
0.0000000000000000,1.0504166666666666,0.0000000000000000,452.91506528548302,1274.9187861498278,0.91906617214686503,8.0933827853134965E-002,8.0933827853134993E-002
0.0000000000000000,1.0547000000000000,0.0000000000000000,457.20704510657669,1281.9731878971670,0.91892614540890871,8.1073854591091260E-002,8.1073854591091274E-002
0.0000000000000000,1.0589833333333332,0.0000000000000000,461.51871050847581,1289.0450597212912,0.91878686872308823,8.1213131276911765E-002,8.1213131276911765E-002
0.0000000000000000,1.0632666666666666,0.0000000000000000,465.85004881455302,1296.1344106061617,0.91864833987973449,8.1351660120265554E-002,8.1351660120265526E-002
0.0000000000000000,1.0675500000000000,0.0000000000000000,470.20104740055172,1303.2412495555961,0.91851055653782232,8.1489443462177749E-002,8.1489443462177694E-002
0.0000000000000000,1.0718333333333332,0.0000000000000000,474.57169367851060,1310.3655854952365,0.91837351627996577,8.1626483720034240E-002,8.1626483720034185E-002
0.0000000000000000,1.0761166666666666,0.0000000000000000,478.96197508019577,1317.5074271720030,0.91823721666741343,8.1762783332586589E-002,8.1762783332586533E-002
0.0000000000000000,1.0804000000000000,0.0000000000000000,483.37187904003571,1324.6667830510262,0.91810165529504317,8.1898344704956855E-002,8.1898344704956799E-002
0.0000000000000000,1.0846833333333332,0.0000000000000000,487.80139292989810,1331.8436612708051,0.91796682982492472,8.2033170175075262E-002,8.2033170175075221E-002
0.0000000000000000,1.0889666666666666,0.0000000000000000,492.25050406756856,1339.0380699033383,0.91783273785942232,8.2167262140577652E-002,8.2167262140577638E-002
0.0000000000000000,1.0932499999999998,0.0000000000000000,496.71920003692321,1346.2500170478431,0.91769937684531078,8.2300623154689168E-002,8.2300623154689195E-002
0.0000000000000000,1.0975333333333332,0.0000000000000000,501.20746865445807,1353.4795107763239,0.91756674410995276,8.2433255890047200E-002,8.2433255890047283E-002
0.0000000000000000,1.1018166666666667,0.0000000000000000,505.71529785823469,1360.7265590852689,0.91743483690655658,8.2565163093443306E-002,8.2565163093443444E-002
0.0000000000000000,1.1060999999999999,0.0000000000000000,510.24267559406536,1367.9911698460942,0.91730365245943468,8.2696347540565221E-002,8.2696347540565388E-002
0.0000000000000000,1.1103833333333333,0.0000000000000000,514.78958969893415,1375.2733507543373,0.91717318800926106,8.2826811990738797E-002,8.2826811990738991E-002
0.0000000000000000,1.1146666666666665,0.0000000000000000,519.35602779550777,1382.5731092824340,0.91704344085623946,8.2956559143760433E-002,8.2956559143760628E-002
0.0000000000000000,1.1189499999999999,0.0000000000000000,523.94197747807107,1389.8904527502232,0.91691440832381077,8.3085591676189091E-002,8.3085591676189299E-002
0.0000000000000000,1.1232333333333333,0.0000000000000000,528.54742652508992,1397.2253884486609,0.91678608762413605,8.3213912375863897E-002,8.3213912375864077E-002
0.0000000000000000,1.1275166666666665,0.0000000000000000,533.17236281020632,1404.5779236191881,0.91665847585579663,8.3341524144203330E-002,8.3341524144203497E-002
0.0000000000000000,1.1317999999999999,0.0000000000000000,537.81677427661680,1411.9480654327081,0.91653157004054497,8.3468429959455054E-002,8.3468429959455193E-002
0.0000000000000000,1.1360833333333333,0.0000000000000000,542.48064891471699,1419.3358209690330,0.91640536716016663,8.3594632839833441E-002,8.3594632839833538E-002
0.0000000000000000,1.1403666666666665,0.0000000000000000,547.16397473915833,1426.7411971957779,0.91627986419334284,8.3720135806657214E-002,8.3720135806657284E-002
0.0000000000000000,1.1446499999999999,0.0000000000000000,551.86673976531483,1434.1642009467041,0.91615505815251286,8.3844941847487212E-002,8.3844941847487239E-002
0.0000000000000000,1.1489333333333334,0.0000000000000000,556.58893195971041,1441.6048388738857,0.91603094611148483,8.3969053888515194E-002,8.3969053888515194E-002
0.0000000000000000,1.1532166666666666,0.0000000000000000,561.33053922115391,1449.0631174264947,0.91590752512921147,8.4092474870788553E-002,8.4092474870788525E-002
0.0000000000000000,1.1575000000000000,0.0000000000000000,566.09154967652728,1456.5390431416292,0.91578479216464492,8.4215207835355133E-002,8.4215207835355063E-002
0.0000000000000000,1.1617833333333332,0.0000000000000000,570.87195169062625,1464.0326226550726,0.91566274409587023,8.4337255904129743E-002,8.4337255904129632E-002
0.0000000000000000,1.1660666666666666,0.0000000000000000,575.67173377538688,1471.5438626125681,0.91554137774978062,8.4458622250219398E-002,8.4458622250219259E-002
0.0000000000000000,1.1703500000000000,0.0000000000000000,580.49088449690203,1479.0727695789185,0.91542068993174885,8.4579310068251118E-002,8.4579310068250951E-002
0.0000000000000000,1.1746333333333332,0.0000000000000000,585.32939238029940,1486.6193499449885,0.91530067745530019,8.4699322544699779E-002,8.4699322544699598E-002
0.0000000000000000,1.1789166666666666,0.0000000000000000,590.18724581247375,1494.1836098326048,0.91518133717178396,8.4818662828216013E-002,8.4818662828215818E-002
0.0000000000000000,1.1831999999999998,0.0000000000000000,595.06443301068225,1501.7655550775874,0.91506266598866237,8.4937334011337601E-002,8.4937334011337406E-002
0.0000000000000000,1.1874833333333332,0.0000000000000000,599.96094230916185,1509.3651915295382,0.91494466079524317,8.5055339204756816E-002,8.5055339204756622E-002
0.0000000000000000,1.1917666666666666,0.0000000000000000,604.87676219626996,1516.9825250137847,0.91482731840247267,8.5172681597527264E-002,8.5172681597527056E-002
0.0000000000000000,1.1960499999999998,0.0000000000000000,609.81188125919755,1524.6175612771437,0.91471063556102628,8.5289364438973753E-002,8.5289364438973558E-002
0.0000000000000000,1.2003333333333333,0.0000000000000000,614.76628815857134,1532.2703059852540,0.91459460898486833,8.5405391015131726E-002,8.5405391015131560E-002
0.0000000000000000,1.2046166666666667,0.0000000000000000,619.73997160243539,1539.9407647197854,0.91447923537481346,8.5520764625186624E-002,8.5520764625186471E-002
0.0000000000000000,1.2088999999999999,0.0000000000000000,624.73292031961864,1547.6289429755273,0.91436451144208686,8.5635488557913253E-002,8.5635488557913114E-002
0.0000000000000000,1.2131833333333333,0.0000000000000000,629.74512303248480,1555.3348461573623,0.91425043393188488,8.5749566068115193E-002,8.5749566068115082E-002
0.0000000000000000,1.2174666666666667,0.0000000000000000,634.77656844542287,1563.0584795802988,0.91413699963375672,8.5863000366243336E-002,8.5863000366243253E-002
0.0000000000000000,1.2217499999999999,0.0000000000000000,639.82724533844532,1570.7998484899897,0.91402420530740192,8.5975794692598209E-002,8.5975794692598140E-002
0.0000000000000000,1.2260333333333333,0.0000000000000000,644.89714256800869,1578.5589580651724,0.91391204768423384,8.6087952315766186E-002,8.6087952315766131E-002
0.0000000000000000,1.2303166666666665,0.0000000000000000,649.98624904336134,1586.3358134153393,0.91380052348841556,8.6199476511584480E-002,8.6199476511584452E-002
0.0000000000000000,1.2345999999999999,0.0000000000000000,655.09455372875198,1594.1304195834455,0.91368962943691934,8.6310370563080704E-002,8.6310370563080704E-002
0.0000000000000000,1.2388833333333333,0.0000000000000000,660.22204564570666,1601.9427815486342,0.91357936223952707,8.6420637760472929E-002,8.6420637760472943E-002
0.0000000000000000,1.2431666666666665,0.0000000000000000,665.36871387530948,1609.7729042289604,0.91346971859883042,8.6530281401169584E-002,8.6530281401169612E-002
0.0000000000000000,1.2474499999999999,0.0000000000000000,670.53454756048382,1617.6207924841135,0.91336069521023044,8.6639304789769556E-002,8.6639304789769597E-002
0.0000000000000000,1.2517333333333331,0.0000000000000000,675.71953590826911,1625.4864511181406,0.91325228876193787,8.6747711238062158E-002,8.6747711238062214E-002
0.0000000000000000,1.2560166666666666,0.0000000000000000,680.92366819210326,1633.3698848821728,0.91314449593497293,8.6855504065027123E-002,8.6855504065027164E-002
0.0000000000000000,1.2603000000000000,0.0000000000000000,686.14693375410127,1641.2710984771443,0.91303731340316552,8.6962686596834565E-002,8.6962686596834607E-002
0.0000000000000000,1.2645833333333332,0.0000000000000000,691.38932200733393,1649.1900965565205,0.91293073783315493,8.7069262166845060E-002,8.7069262166845088E-002
0.0000000000000000,1.2688666666666666,0.0000000000000000,696.65082243811059,1657.1268837290190,0.91282476588439043,8.7175234115609596E-002,8.7175234115609609E-002
0.0000000000000000,1.2731500000000000,0.0000000000000000,701.93142460825527,1665.0814645613345,0.91271939420913040,8.7280605790869561E-002,8.7280605790869561E-002
0.0000000000000000,1.2774333333333332,0.0000000000000000,707.23111815738866,1673.0538435808605,0.91261461945244315,8.7385380547556804E-002,8.7385380547556762E-002
0.0000000000000000,1.2817166666666666,0.0000000000000000,712.54989280520817,1681.0440252784158,0.91251043825220646,8.7489561747793571E-002,8.7489561747793473E-002
0.0000000000000000,1.2860000000000000,0.0000000000000000,717.88773835376549,1689.0520141109653,0.91240684723910748,8.7593152760892509E-002,8.7593152760892357E-002
