1.6469495111729880e-04,0.0000000000000000e+00,0.0000000000000000e+00,1.4995220677814208e-03
9.1696353251599649e-04,5.0167223114741977e-01,0.0000000000000000e+00,1.4995220677814208e-03
1.6692375557945235e-03,1.0033444622948395e+00,0.0000000000000000e+00,1.4997703899326911e-03
2.4249992567977443e-03,1.5050166934422593e+00,0.0000000000000000e+00,1.5180194031628332e-03
3.1971697908734706e-03,2.0066889245896791e+00,0.0000000000000000e+00,1.5651869390407628e-03
4.0002567777999050e-03,2.5083611557370986e+00,0.0000000000000000e+00,1.6412729975664804e-03
4.8487678373552515e-03,3.0100333868845186e+00,0.0000000000000000e+00,1.7462775787399853e-03
5.7572105893177105e-03,3.5117056180319381e+00,0.0000000000000000e+00,1.8802006825612782e-03
6.7400926534654879e-03,4.0133778491793581e+00,0.0000000000000000e+00,2.0430423090303583e-03
7.8119216495767833e-03,4.5150500803267777e+00,0.0000000000000000e+00,2.2348024581472260e-03
8.9872016185227523e-03,5.0167223114741972e+00,0.0000000000000000e+00,2.4552595909172908e-03
1.0275216150796799e-02,5.5183945426216177e+00,0.0000000000000000e+00,2.6765321388512162e-03
1.1669582002810788e-02,6.0200667737690372e+00,0.0000000000000000e+00,2.8792468604406508e-03
1.3160989228417231e-02,6.5217390049164568e+00,0.0000000000000000e+00,3.0634037556855937e-03
1.4740127881468643e-02,7.0234112360638763e+00,0.0000000000000000e+00,3.2290028245860465e-03
1.6397688015817542e-02,7.5250834672112967e+00,0.0000000000000000e+00,3.3760440671420093e-03
1.8124359685316432e-02,8.0267556983587163e+00,0.0000000000000000e+00,3.5045274833534804e-03
1.9910832943817833e-02,8.5284279295061367e+00,0.0000000000000000e+00,3.6144530732204615e-03
2.1747797992212183e-02,9.0301001606535554e+00,0.0000000000000000e+00,3.7058401454141765e-03
2.3627724012293554e-02,9.5317723918009758e+00,0.0000000000000000e+00,3.7888090922983579e-03
2.5549289342837699e-02,1.0033444622948394e+01,0.0000000000000000e+00,3.8718421996540150e-03
2.7512526171371510e-02,1.0535116854095815e+01,0.0000000000000000e+00,3.9549394674811512e-03
2.9517466685421847e-02,1.1036789085243235e+01,0.0000000000000000e+00,4.0381008957797631e-03
3.1564143072515587e-02,1.1538461316390654e+01,0.0000000000000000e+00,4.1213264845498540e-03
3.3652587520179626e-02,1.2040133547538074e+01,0.0000000000000000e+00,4.2046162337914207e-03
3.5782832215940821e-02,1.2541805778685493e+01,0.0000000000000000e+00,4.2879701435044664e-03
3.7954909347326059e-02,1.3043478009832914e+01,0.0000000000000000e+00,4.3713882136889896e-03
4.0168504925407467e-02,1.3545150240980334e+01,0.0000000000000000e+00,4.4527605465450627e-03
4.2421839695592822e-02,1.4046822472127753e+01,0.0000000000000000e+00,4.5298143606214546e-03
4.4712746788873318e-02,1.4548494703275173e+01,0.0000000000000000e+00,4.6025488775005216e-03
4.7039059333786978e-02,1.5050166934422593e+01,0.0000000000000000e+00,4.6709640971822619e-03
4.9398610458871825e-02,1.5551839165570012e+01,0.0000000000000000e+00,4.7350600196666790e-03
5.1789233292665909e-02,1.6053511396717433e+01,0.0000000000000000e+00,4.7948366449537694e-03
5.4208760963707248e-02,1.6555183627864853e+01,0.0000000000000000e+00,4.8502939730435349e-03
5.6655026600533863e-02,1.7056855859012273e+01,0.0000000000000000e+00,4.9014320039359755e-03
5.9125917138277022e-02,1.7558528090159690e+01,0.0000000000000000e+00,4.9486059659108912e-03
6.1619605444644766e-02,1.8060200321307111e+01,0.0000000000000000e+00,4.9923227110921405e-03
6.4134358997108079e-02,1.8561872552454531e+01,0.0000000000000000e+00,5.0325860819614987e-03
6.6668445333670917e-02,1.9063544783601952e+01,0.0000000000000000e+00,5.0693960785189729e-03
6.9220131992337258e-02,1.9565217014749372e+01,0.0000000000000000e+00,5.1027527007645561e-03
7.1787686511111046e-02,2.0066889245896789e+01,0.0000000000000000e+00,5.1326559486982483e-03
7.4369376427996292e-02,2.0568561477044209e+01,0.0000000000000000e+00,5.1591058223200530e-03
7.6963469280996941e-02,2.1070233708191630e+01,0.0000000000000000e+00,5.1821023216299666e-03
7.9568320323729361e-02,2.1571905939339050e+01,0.0000000000000000e+00,5.2022843122247614e-03
8.2182890998988234e-02,2.2073578170486471e+01,0.0000000000000000e+00,5.2208779857466983e-03
8.4806398809279926e-02,2.2575250401633888e+01,0.0000000000000000e+00,5.2379136912414151e-03
8.7438062165308195e-02,2.3076922632781308e+01,0.0000000000000000e+00,5.2533914287089117e-03
9.0077099477776756e-02,2.3578594863928728e+01,0.0000000000000000e+00,5.2673111981491848e-03
9.2722729157389355e-02,2.4080267095076149e+01,0.0000000000000000e+00,5.2796729995622377e-03
9.5374169614849708e-02,2.4581939326223569e+01,0.0000000000000000e+00,5.2904768329480670e-03
9.8030639260861502e-02,2.5083611557370986e+01,0.0000000000000000e+00,5.2997226983066761e-03
1.0069132607695401e-01,2.5585283788518407e+01,0.0000000000000000e+00,5.3071607267886449e-03
1.0335513306474466e-01,2.6086956019665827e+01,0.0000000000000000e+00,5.3121332929353671e-03
1.0602080749640100e-01,2.6588628250813247e+01,0.0000000000000000e+00,5.3146056031431604e-03
1.0868709506294771e-01,2.7090300481960668e+01,0.0000000000000000e+00,5.3145776574120250e-03
1.1135274145540947e-01,2.7591972713108088e+01,0.0000000000000000e+00,5.3120494557419608e-03
1.1401649236481093e-01,2.8093644944255505e+01,0.0000000000000000e+00,5.3070209981329677e-03
1.1667709348217682e-01,2.8595317175402926e+01,0.0000000000000000e+00,5.2994922845850459e-03
1.1933329049853179e-01,2.9096989406550346e+01,0.0000000000000000e+00,5.2894633150981953e-03
1.2198395572423071e-01,2.9598661637697766e+01,0.0000000000000000e+00,5.2781388986565432e-03
1.2462965786038793e-01,3.0100333868845187e+01,0.0000000000000000e+00,5.2699939003769646e-03
1.2727217700733348e-01,3.0602006099992604e+01,0.0000000000000000e+00,5.2654493814218543e-03
1.2991331942556331e-01,3.1103678331140024e+01,0.0000000000000000e+00,5.2645053417912126e-03
1.3255489137557327e-01,3.1605350562287445e+01,0.0000000000000000e+00,5.2671617814850392e-03
1.3519869911785931e-01,3.2107022793434865e+01,0.0000000000000000e+00,5.2734187005033274e-03
1.3784654891291728e-01,3.2608695024582282e+01,0.0000000000000000e+00,5.2832760988460840e-03
1.4050024702124317e-01,3.3110367255729706e+01,0.0000000000000000e+00,5.2967339765133022e-03
1.4316137326515896e-01,3.3612039486877123e+01,0.0000000000000000e+00,5.3112015104819915e-03
1.4582681418914506e-01,3.4113711718024547e+01,0.0000000000000000e+00,5.3124617784367431e-03
1.4848903240598377e-01,3.4615383949171964e+01,0.0000000000000000e+00,5.2983536510739365e-03
1.5114031801850700e-01,3.5117056180319381e+01,0.0000000000000000e+00,5.2688771283935787e-03
1.5377296112954669e-01,3.5618728411466805e+01,0.0000000000000000e+00,5.2240322103956766e-03
1.5637925184193469e-01,3.6120400642614221e+01,0.0000000000000000e+00,5.1638188970802162e-03
1.5895148025850289e-01,3.6622072873761645e+01,0.0000000000000000e+00,5.0882371884472116e-03
1.6148193648208314e-01,3.7123745104909062e+01,0.0000000000000000e+00,4.9972870844966558e-03
1.6396308022885381e-01,3.7625417336056479e+01,0.0000000000000000e+00,4.8934329373608171e-03
1.6639353510432600e-01,3.8127089567203903e+01,0.0000000000000000e+00,4.7982684255089211e-03
1.6877969167295434e-01,3.8628761798351320e+01,0.0000000000000000e+00,4.7168303506778878e-03
1.7112843610702486e-01,3.9130434029498744e+01,0.0000000000000000e+00,4.6491187128677031e-03
1.7344665457882347e-01,3.9632106260646161e+01,0.0000000000000000e+00,4.5951335120783809e-03
1.7574123326063609e-01,4.0133778491793578e+01,0.0000000000000000e+00,4.5548747483099075e-03
1.7801905832474879e-01,4.0635450722941002e+01,0.0000000000000000e+00,4.5283424215622967e-03
1.8028701594344743e-01,4.1137122954088419e+01,0.0000000000000000e+00,4.5155365318355345e-03
1.8255197475542961e-01,4.1638795185235843e+01,0.0000000000000000e+00,4.5161029011637141e-03
1.8481940232367844e-01,4.2140467416383260e+01,0.0000000000000000e+00,4.5243158191928950e-03
1.8709236576519092e-01,4.2642139647530676e+01,0.0000000000000000e+00,4.5381725829998429e-03
1.8937369644067079e-01,4.3143811878678100e+01,0.0000000000000000e+00,4.5576731925845507e-03
1.9166622571082148e-01,4.3645484109825517e+01,0.0000000000000000e+00,4.5828176479470184e-03
1.9397278493634668e-01,4.4147156340972941e+01,0.0000000000000000e+00,4.6136059490872530e-03
1.9629620547794990e-01,4.4648828572120358e+01,0.0000000000000000e+00,4.6500380960052545e-03
1.9863931869633478e-01,4.5150500803267775e+01,0.0000000000000000e+00,4.6921140887010090e-03
2.0100494269152638e-01,4.5652173034415199e+01,0.0000000000000000e+00,4.7393851826476111e-03
2.0339203322776239e-01,4.6153845265562616e+01,0.0000000000000000e+00,4.7732998370613178e-03
2.0579034434105062e-01,4.6655517496710040e+01,0.0000000000000000e+00,4.7841178840232063e-03
2.0818828910479870e-01,4.7157189727857457e+01,0.0000000000000000e+00,4.7718393235332834e-03
2.1057428059241437e-01,4.7658861959004874e+01,0.0000000000000000e+00,4.7364641555915424e-03
2.1293673187730536e-01,4.8160534190152298e+01,0.0000000000000000e+00,4.6779923801979761e-03
2.1526405603287935e-01,4.8662206421299715e+01,0.0000000000000000e+00,4.5964239973525986e-03
2.1754466613254414e-01,4.9163878652447139e+01,0.0000000000000000e+00,4.4917590070554028e-03
2.1976697636828460e-01,4.9665550883594555e+01,0.0000000000000000e+00,4.3641212684559713e-03
2.2192771174939938e-01,5.0167223114741972e+01,0.0000000000000000e+00,4.2603167931204861e-03
2.2405188227531214e-01,5.0668895345889396e+01,0.0000000000000000e+00,4.2183493762449273e-03
2.2617050988110801e-01,5.1170567577036813e+01,0.0000000000000000e+00,4.2382190178293019e-03
2.2831461650187224e-01,5.1672239808184237e+01,0.0000000000000000e+00,4.3199257178736100e-03
2.3051522407268993e-01,5.2173912039331654e+01,0.0000000000000000e+00,4.4634694763778446e-03
2.3280335452864637e-01,5.2675584270479071e+01,0.0000000000000000e+00,4.6688502933420126e-03
2.3521002980482672e-01,5.3177256501626495e+01,0.0000000000000000e+00,4.9360681687661140e-03
2.3776627183631607e-01,5.3678928732773912e+01,0.0000000000000000e+00,5.2651231026501419e-03
2.4048672694858786e-01,5.4180600963921336e+01,0.0000000000000000e+00,5.5505094258191320e-03
2.4330473307297457e-01,5.4682273195068753e+01,0.0000000000000000e+00,5.6534246846530120e-03
2.4612844004704704e-01,5.5183945426216177e+01,0.0000000000000000e+00,5.5732368136705360e-03
2.4886599011514027e-01,5.5685617657363593e+01,0.0000000000000000e+00,5.3099458128716900e-03
2.5142552552158920e-01,5.6187289888511010e+01,0.0000000000000000e+00,4.8635516822564881e-03
2.5371518851072872e-01,5.6688962119658434e+01,0.0000000000000000e+00,4.2340544218248954e-03
2.5564312132689382e-01,5.7190634350805851e+01,0.0000000000000000e+00,3.4214540315769537e-03
2.5711746621441950e-01,5.7692306581953275e+01,0.0000000000000000e+00,2.4257505115126282e-03
2.5806111506646018e-01,5.8193978813100692e+01,0.0000000000000000e+00,1.3572639315613533e-03
2.5850613770200592e-01,5.8695651044248109e+01,0.0000000000000000e+00,4.4390346498988931e-04
2.5853360394066383e-01,5.9197323275395533e+01,0.0000000000000000e+00,-3.0739426940334935e-04
2.5822481615487153e-01,5.9698995506542950e+01,0.0000000000000000e+00,-8.9662927161833494e-04
2.5766107671706673e-01,6.0200667737690374e+01,0.0000000000000000e+00,-1.3238015416550675e-03
2.5692368799968712e-01,6.0702339968837791e+01,0.0000000000000000e+00,-1.5889110795135608e-03
2.5609395237517041e-01,6.1204012199985208e+01,0.0000000000000000e+00,-1.6919578851938150e-03
2.5525317221595439e-01,6.1705684431132632e+01,0.0000000000000000e+00,-1.6329419586958160e-03
2.5448280216145375e-01,6.2207356662280048e+01,0.0000000000000000e+00,-1.4105034654173509e-03
2.5386604819087516e-01,6.2709028893427472e+01,0.0000000000000000e+00,-1.0202676877210173e-03
2.5348723733362738e-01,6.3210701124574889e+01,0.0000000000000000e+00,-4.6190356868185123e-04
2.5343071490983088e-01,6.3712373355722306e+01,0.0000000000000000e+00,2.6458889170015432e-04
2.5378082623960629e-01,6.4214045586869730e+01,0.0000000000000000e+00,1.1592096934250201e-03
2.5462191664307421e-01,6.4715717818017154e+01,0.0000000000000000e+00,2.2219588364927184e-03
2.5603833144035520e-01,6.5217390049164564e+01,0.0000000000000000e+00,3.4528363209032215e-03
2.5811441595156981e-01,6.5719062280311988e+01,0.0000000000000000e+00,4.8518421466565986e-03
2.6092929143387122e-01,6.6220734511459412e+01,0.0000000000000000e+00,6.3610366215639536e-03
2.6446144748845374e-01,6.6722406742606822e+01,0.0000000000000000e+00,7.6820801952642154e-03
2.6859852332988798e-01,6.7224078973754246e+01,0.0000000000000000e+00,8.7726502182264715e-03
2.7322489677775458e-01,6.7725751204901670e+01,0.0000000000000000e+00,9.6327466904506526e-03
2.7822494565163430e-01,6.8227423436049094e+01,0.0000000000000000e+00,1.0262369611936786e-02
2.8348304777110772e-01,6.8729095667196503e+01,0.0000000000000000e+00,1.0661518982684845e-02
2.8888358095575595e-01,6.9230767898343927e+01,0.0000000000000000e+00,1.0830194802694870e-02
2.9431092302515960e-01,6.9732440129491351e+01,0.0000000000000000e+00,1.0768397071966848e-02
2.9965109165118092e-01,7.0234112360638761e+01,0.0000000000000000e+00,1.0500224975866237e-02
3.0485132446382884e-01,7.0735784591786185e+01,0.0000000000000000e+00,1.0241472749283762e-02
3.0993695292044954e-01,7.1237456822933609e+01,0.0000000000000000e+00,1.0043335601044409e-02
3.1493838592263651e-01,7.1739129054081019e+01,0.0000000000000000e+00,9.9058135311482221e-03
3.1988603237198354e-01,7.2240801285228443e+01,0.0000000000000000e+00,9.8289065395951725e-03
3.2481030117008414e-01,7.2742473516375867e+01,0.0000000000000000e+00,9.8126146263852743e-03
3.2974160121853180e-01,7.3244145747523291e+01,0.0000000000000000e+00,9.8569377915185136e-03
3.3471034141892014e-01,7.3745817978670701e+01,0.0000000000000000e+00,9.9618760349949043e-03
3.3974680584004568e-01,7.4247490209818125e+01,0.0000000000000000e+00,1.0124665466130792e-02
3.4486879696313594e-01,7.4749162440965549e+01,0.0000000000000000e+00,1.0292479351489234e-02
3.5007117269691623e-01,7.5250834672112958e+01,0.0000000000000000e+00,1.0445132120249875e-02
3.5534632713019648e-01,7.5752506903260382e+01,0.0000000000000000e+00,1.0582623772412730e-02
3.6068665435178626e-01,7.6254179134407806e+01,0.0000000000000000e+00,1.0704954307977799e-02
3.6608454845049515e-01,7.6755851365555216e+01,0.0000000000000000e+00,1.0812123726945080e-02
3.7153240351513306e-01,7.7257523596702640e+01,0.0000000000000000e+00,1.0904132029314562e-02
3.7702261363450973e-01,7.7759195827850064e+01,0.0000000000000000e+00,1.0980979215086256e-02
3.8254757653641591e-01,7.8260868058997488e+01,0.0000000000000000e+00,1.1042834423348802e-02
3.8810213211405276e-01,7.8762540290144898e+01,0.0000000000000000e+00,1.1102206751090055e-02
3.9368779631849121e-01,7.9264212521292322e+01,0.0000000000000000e+00,1.1166854151250669e-02
3.9930721550708104e-01,7.9765884752439746e+01,0.0000000000000000e+00,1.1236776623830644e-02
4.0496303603717243e-01,8.0267556983587156e+01,0.0000000000000000e+00,1.1311974168829994e-02
4.1065790426611548e-01,8.0769229214734580e+01,0.0000000000000000e+00,1.1392446786248692e-02
4.1639446655126039e-01,8.1270901445882004e+01,0.0000000000000000e+00,1.1478194476086750e-02
4.2217536924995702e-01,8.1772573677029413e+01,0.0000000000000000e+00,1.1569217238344170e-02
4.2800325871955575e-01,8.2274245908176837e+01,0.0000000000000000e+00,1.1665515073020952e-02
4.3388035804412278e-01,8.2775918139324261e+01,0.0000000000000000e+00,1.1764511927693053e-02
4.3980710635740800e-01,8.3277590370471685e+01,0.0000000000000000e+00,1.1863448244787564e-02
4.4578347288549236e-01,8.3779262601619095e+01,0.0000000000000000e+00,1.1962323214499818e-02
4.5180942685209802e-01,8.4280934832766519e+01,0.0000000000000000e+00,1.2061136836829814e-02
4.5788493748094655e-01,8.4782607063913943e+01,0.0000000000000000e+00,1.2159889111777539e-02
4.6400997399575983e-01,8.5284279295061353e+01,0.0000000000000000e+00,1.2258580039343006e-02
4.7018450562025993e-01,8.5785951526208777e+01,0.0000000000000000e+00,1.2357209619526216e-02
4.7640850157816872e-01,8.6287623757356201e+01,0.0000000000000000e+00,1.2455777852327168e-02
4.8268200571266850e-01,8.6789295988503625e+01,0.0000000000000000e+00,1.2554821199135702e-02
4.8900556034853565e-01,8.7290968219651035e+01,0.0000000000000000e+00,1.2655331999712000e-02
4.9537991205528137e-01,8.7792640450798459e+01,0.0000000000000000e+00,1.2757332192268267e-02
5.0180580801950303e-01,8.8294312681945883e+01,0.0000000000000000e+00,1.2860821776804449e-02
5.0828399542779812e-01,8.8795984913093292e+01,0.0000000000000000e+00,1.2965800753320600e-02
5.1481522146676473e-01,8.9297657144240716e+01,0.0000000000000000e+00,1.3072269121816693e-02
5.2140023332300012e-01,8.9799329375388140e+01,0.0000000000000000e+00,1.3180226882292756e-02
5.2803977818310177e-01,9.0301001606535550e+01,0.0000000000000000e+00,1.3289674034748761e-02
5.3473459532104994e-01,9.0802673837682974e+01,0.0000000000000000e+00,1.3400540605352396e-02
5.4148533514291186e-01,9.1304346068830398e+01,0.0000000000000000e+00,1.3512606559225454e-02
5.4829259216647530e-01,9.1806018299977822e+01,0.0000000000000000e+00,1.3625855853804908e-02
5.5515696004091220e-01,9.2307690531125232e+01,0.0000000000000000e+00,1.3740288489090785e-02
5.6207903241539547e-01,9.2809362762272656e+01,0.0000000000000000e+00,1.3855904465083058e-02
5.6905940293909729e-01,9.3311034993420080e+01,0.0000000000000000e+00,1.3972703781781726e-02
5.7609866526118969e-01,9.3812707224567490e+01,0.0000000000000000e+00,1.4090686439186817e-02
5.8319741303084571e-01,9.4314379455714914e+01,0.0000000000000000e+00,1.4209852437298304e-02
5.9035624194847991e-01,9.4816051686862338e+01,0.0000000000000000e+00,1.4330225559832849e-02
5.9757579157905305e-01,9.5317723918009747e+01,0.0000000000000000e+00,1.4451939882590553e-02
6.0485674358631136e-01,9.5819396149157171e+01,0.0000000000000000e+00,1.4575016372928268e-02
6.1219978133190378e-01,9.6321068380304595e+01,0.0000000000000000e+00,1.4699455030845993e-02
6.1960558817747913e-01,9.6822740611452019e+01,0.0000000000000000e+00,1.4825255856343728e-02
6.2707484748468656e-01,9.7324412842599429e+01,0.0000000000000000e+00,1.4952418849421445e-02
6.3460824261517546e-01,9.7826085073746853e+01,0.0000000000000000e+00,1.5080944010079200e-02
6.4220645693059453e-01,9.8327757304894277e+01,0.0000000000000000e+00,1.5210831338316966e-02
6.4987017392546842e-01,9.8829429536041687e+01,0.0000000000000000e+00,1.5342083102675375e-02
6.5760008417493920e-01,9.9331101767189111e+01,0.0000000000000000e+00,1.5474726209730810e-02
6.6539688874484626e-01,9.9832773998336535e+01,0.0000000000000000e+00,1.5608768465280060e-02
6.7326128954913578e-01,1.0033444622948394e+02,0.0000000000000000e+00,1.5744209869323095e-02
6.8119398850175483e-01,1.0083611846063137e+02,0.0000000000000000e+00,1.5881050421859971e-02
6.8919568751664972e-01,1.0133779069177879e+02,0.0000000000000000e+00,1.6019290122890634e-02
6.9726708850776709e-01,1.0183946292292622e+02,0.0000000000000000e+00,1.6158928972415110e-02
7.0540889338905344e-01,1.0234113515407363e+02,0.0000000000000000e+00,1.6299966970433372e-02
7.1362180410541864e-01,1.0284280738522105e+02,0.0000000000000000e+00,1.6442405147729600e-02
7.2190653124697635e-01,1.0334447961636847e+02,0.0000000000000000e+00,1.6586284865750589e-02
7.3026380583116168e-01,1.0384615184751588e+02,0.0000000000000000e+00,1.6731627624572448e-02
7.3869436182491799e-01,1.0434782407866331e+02,0.0000000000000000e+00,1.6878433424195205e-02
7.4719893319518782e-01,1.0484949630981073e+02,0.0000000000000000e+00,1.7026702264618832e-02
7.5577825390891384e-01,1.0535116854095814e+02,0.0000000000000000e+00,1.7176434145843328e-02
7.6443305793303928e-01,1.0585284077210557e+02,0.0000000000000000e+00,1.7327629067868722e-02
7.7316407923450681e-01,1.0635451300325299e+02,0.0000000000000000e+00,1.7480287030695013e-02
7.8197205178025941e-01,1.0685618523440041e+02,0.0000000000000000e+00,1.7634408034630678e-02
7.9085771340972510e-01,1.0735785746554782e+02,0.0000000000000000e+00,1.7790015151534166e-02
7.9982181728265633e-01,1.0785952969669525e+02,0.0000000000000000e+00,1.7947131117931392e-02
8.0886512034694502e-01,1.0836120192784267e+02,0.0000000000000000e+00,1.8105755933822382e-02
8.1798837955048287e-01,1.0886287415899008e+02,0.0000000000000000e+00,1.8265889599207080e-02
8.2719235184116224e-01,1.0936454639013751e+02,0.0000000000000000e+00,1.8427532114085571e-02
8.3647779416687507e-01,1.0986621862128493e+02,0.0000000000000000e+00,1.8590683478457770e-02
8.4584546347551326e-01,1.1036789085243235e+02,0.0000000000000000e+00,1.8755343692323734e-02
8.5529611671496852e-01,1.1086956308357976e+02,0.0000000000000000e+00,1.8921512755683434e-02
8.6483051269094402e-01,1.1137123531472719e+02,0.0000000000000000e+00,1.9089204180492259e-02
8.7444942300090467e-01,1.1187290754587461e+02,0.0000000000000000e+00,1.9258443797198710e-02
8.8415362462788538e-01,1.1237457977702202e+02,0.0000000000000000e+00,1.9429232237557520e-02
8.9394389457370393e-01,1.1287625200816944e+02,0.0000000000000000e+00,1.9601569501568661e-02
9.0382100984017777e-01,1.1337792423931687e+02,0.0000000000000000e+00,1.9775455589232160e-02
9.1378574742912333e-01,1.1387959647046428e+02,0.0000000000000000e+00,1.9950890500547991e-02
9.2383888434235883e-01,1.1438126870161170e+02,0.0000000000000000e+00,2.0127874235516180e-02
9.3398119758170151e-01,1.1488294093275913e+02,0.0000000000000000e+00,2.0306406794136728e-02
9.4421346483853397e-01,1.1538461316390655e+02,0.0000000000000000e+00,2.0486494669666677e-02
9.5453647281480802e-01,1.1588628539505396e+02,0.0000000000000000e+00,2.0668161425185877e-02
9.6495101453563170e-01,1.1638795762620138e+02,0.0000000000000000e+00,2.0851409204959814e-02
9.7545788315697002e-01,1.1688962985734881e+02,0.0000000000000000e+00,2.1036238008988434e-02
9.8605787183478810e-01,1.1739130208849622e+02,0.0000000000000000e+00,2.1222647837271763e-02
9.9675177372505197e-01,1.1789297431964364e+02,0.0000000000000000e+00,2.1410638689809830e-02
1.0075403819837263e+00,1.1839464655079107e+02,0.0000000000000000e+00,2.1600210566602551e-02
1.0184244897667767e+00,1.1889631878193848e+02,0.0000000000000000e+00,2.1791363467650010e-02
1.0294048904040543e+00,1.1939799101308590e+02,0.0000000000000000e+00,2.1984099745548102e-02
1.0404823825680054e+00,1.1989966324423332e+02,0.0000000000000000e+00,2.2178437382867344e-02
1.0516577711473891e+00,1.2040133547538075e+02,0.0000000000000000e+00,2.2374380129250138e-02
1.0629318613808498e+00,1.2090300770652816e+02,0.0000000000000000e+00,2.2571927984696483e-02
1.0743054585070340e+00,1.2140467993767558e+02,0.0000000000000000e+00,2.2771080949206435e-02
1.0857793677645855e+00,1.2190635216882301e+02,0.0000000000000000e+00,2.2971839022779938e-02
1.0973543943921502e+00,1.2240802439997042e+02,0.0000000000000000e+00,2.3174202205416994e-02
1.1090313436283730e+00,1.2290969663111784e+02,0.0000000000000000e+00,2.3378170497117601e-02
1.1208110207330364e+00,1.2341136886226526e+02,0.0000000000000000e+00,2.3583744418495978e-02
1.1326942337163444e+00,1.2391304109341267e+02,0.0000000000000000e+00,2.3790936048900202e-02
1.1446817960372273e+00,1.2441471332456010e+02,0.0000000000000000e+00,2.3999750452298851e-02
1.1567745217958332e+00,1.2491638555570752e+02,0.0000000000000000e+00,2.4210187628691870e-02
1.1689732250923108e+00,1.2541805778685494e+02,0.0000000000000000e+00,2.4422247578079259e-02
1.1812787200268087e+00,1.2591973001800235e+02,0.0000000000000000e+00,2.4635930300461018e-02
1.1936918206994760e+00,1.2642140224914978e+02,0.0000000000000000e+00,2.4851235795837145e-02
1.2062133412104614e+00,1.2692307448029720e+02,0.0000000000000000e+00,2.5068164064207699e-02
1.2188440956599562e+00,1.2742474671144461e+02,0.0000000000000000e+00,2.5286715112469438e-02
1.2315848990780294e+00,1.2792641894259204e+02,0.0000000000000000e+00,2.5506894282158465e-02
1.2444365698220752e+00,1.2842809117373946e+02,0.0000000000000000e+00,2.5728706193853701e-02
1.2573999269934184e+00,1.2892976340488687e+02,0.0000000000000000e+00,2.5952150847555089e-02
1.2704757896933851e+00,1.2943143563603431e+02,0.0000000000000000e+00,2.6177228243262685e-02
1.2836649770232993e+00,1.2993310786718172e+02,0.0000000000000000e+00,2.6403938380976433e-02
1.2969683080844865e+00,1.3043478009832913e+02,0.0000000000000000e+00,2.6632281260696389e-02
1.3103866019782728e+00,1.3093645232947657e+02,0.0000000000000000e+00,2.6862256882422497e-02
1.3239206778059820e+00,1.3143812456062398e+02,0.0000000000000000e+00,2.7093865246154814e-02
1.3375713548121972e+00,1.3193979679177139e+02,0.0000000000000000e+00,2.7327107390345828e-02
1.3513394532193552e+00,1.3244146902291882e+02,0.0000000000000000e+00,2.7561985281546464e-02
1.3652257936583907e+00,1.3294314125406623e+02,0.0000000000000000e+00,2.7798498966507157e-02
1.3792311967616102e+00,1.3344481348521364e+02,0.0000000000000000e+00,2.8036648445228074e-02
1.3933564831613197e+00,1.3394648571636108e+02,0.0000000000000000e+00,2.8276433717709160e-02
1.4076024734898227e+00,1.3444815794750849e+02,0.0000000000000000e+00,2.8517854783950358e-02
1.4219699883794259e+00,1.3494983017865590e+02,0.0000000000000000e+00,2.8760911643951725e-02
1.4364598484624349e+00,1.3545150240980334e+02,0.0000000000000000e+00,2.9005604297713261e-02
1.4510728743248682e+00,1.3595317464095075e+02,0.0000000000000000e+00,2.9251932288342386e-02
1.4658098858758573e+00,1.3645484687209819e+02,0.0000000000000000e+00,2.9499893776322395e-02
1.4806717025113656e+00,1.3695651910324560e+02,0.0000000000000000e+00,2.9749488568207305e-02
1.4956591436146089e+00,1.3745819133439301e+02,0.0000000000000000e+00,3.0000716663997118e-02
1.5107730285688019e+00,1.3795986356554045e+02,0.0000000000000000e+00,3.0253578063691833e-02
1.5260141767571569e+00,1.3846153579668785e+02,0.0000000000000000e+00,3.0508072767291450e-02
1.5413834075628892e+00,1.3896320802783526e+02,0.0000000000000000e+00,3.0764200774796024e-02
1.5568815403692136e+00,1.3946488025898270e+02,0.0000000000000000e+00,3.1021962086205446e-02
1.5725093945133317e+00,1.3996655249013011e+02,0.0000000000000000e+00,3.1281355976414682e-02
1.5882677873059201e+00,1.4046822472127752e+02,0.0000000000000000e+00,3.1542375037803383e-02
1.6041575332786002e+00,1.4096989695242496e+02,0.0000000000000000e+00,3.1805017331121843e-02
1.6201794467617541e+00,1.4147156918357237e+02,0.0000000000000000e+00,3.2069282856370007e-02
1.6363343420857666e+00,1.4197324141471978e+02,0.0000000000000000e+00,3.2335171613547986e-02
1.6526230335810221e+00,1.4247491364586722e+02,0.0000000000000000e+00,3.2602683602655669e-02
1.6690463355779035e+00,1.4297658587701463e+02,0.0000000000000000e+00,3.2871818823693111e-02
1.6856050624067949e+00,1.4347825810816204e+02,0.0000000000000000e+00,3.3142577276660312e-02
1.7023000283936998e+00,1.4397993033930948e+02,0.0000000000000000e+00,3.3414958781630089e-02
1.7191320457482728e+00,1.4448160257045689e+02,0.0000000000000000e+00,3.3688952739643674e-02
1.7361019211704329e+00,1.4498327480160430e+02,0.0000000000000000e+00,3.3964552954988458e-02
1.7532104604748804e+00,1.4548494703275173e+02,0.0000000000000000e+00,3.4241759427664498e-02
1.7704584694763121e+00,1.4598661926389914e+02,0.0000000000000000e+00,3.4520572157671681e-02
1.7878467539894296e+00,1.4648829149504658e+02,0.0000000000000000e+00,3.4800991145010118e-02
1.8053761198289298e+00,1.4698996372619399e+02,0.0000000000000000e+00,3.5083016389679700e-02
1.8230473728095129e+00,1.4749163595734140e+02,0.0000000000000000e+00,3.5366647891680536e-02
1.8408613187458791e+00,1.4799330818848884e+02,0.0000000000000000e+00,3.5651885651012571e-02
1.8588187621471566e+00,1.4849498041963625e+02,0.0000000000000000e+00,3.5938721030745968e-02
1.8769205005453755e+00,1.4899665265078366e+02,0.0000000000000000e+00,3.6227141625276627e-02
1.8951673291514215e+00,1.4949832488193110e+02,0.0000000000000000e+00,3.6517147337077671e-02
1.9135600431746100e+00,1.4999999711307851e+02,0.0000000000000000e+00,3.6808738166148991e-02
1.9135601494385497e+00,1.5000000000000000e+02,0.0000000000000000e+00,3.6808739848697591e-02
2.0321313313022484e+00,1.5351170568561872e+02,0.0000000000000000e+00,4.8136940000000003e-02
2.1551169833627939e+00,1.5702341137123747e+02,0.0000000000000000e+00,4.8136940000000003e-02
2.2825772130414008e+00,1.6053511705685619e+02,0.0000000000000000e+00,4.8136940000000003e-02
2.4145715895595514e+00,1.6404682274247492e+02,0.0000000000000000e+00,4.8136940000000003e-02
2.5511591603793482e+00,1.6755852842809364e+02,0.0000000000000000e+00,4.8136940000000003e-02
2.6923984668017176e+00,1.7107023411371239e+02,0.0000000000000000e+00,4.8136940000000003e-02
2.8383475587822842e+00,1.7458193979933111e+02,0.0000000000000000e+00,4.8136940000000003e-02
2.9890640090193727e+00,1.7809364548494983e+02,0.0000000000000000e+00,4.8136940000000003e-02
3.1446049263637548e+00,1.8160535117056855e+02,0.0000000000000000e+00,4.8136940000000003e-02
3.3050269685955014e+00,1.8511705685618730e+02,0.0000000000000000e+00,4.8136940000000003e-02
3.4703863546094236e+00,1.8862876254180603e+02,0.0000000000000000e+00,4.8136940000000003e-02
3.6407388760471613e+00,1.9214046822742475e+02,0.0000000000000000e+00,4.8136940000000003e-02
3.8161399084108281e+00,1.9565217391304347e+02,0.0000000000000000e+00,4.8136940000000003e-02
3.9966444216903736e+00,1.9916387959866222e+02,0.0000000000000000e+00,4.8136940000000003e-02
4.1823069905342285e+00,2.0267558528428094e+02,0.0000000000000000e+00,4.8136940000000003e-02
4.3731818039905912e+00,2.0618729096989966e+02,0.0000000000000000e+00,4.8136940000000003e-02
4.5693226748445372e+00,2.0969899665551839e+02,0.0000000000000000e+00,4.8136940000000003e-02
4.7707830485743328e+00,2.1321070234113714e+02,0.0000000000000000e+00,4.8136940000000003e-02
4.9776160119485757e+00,2.1672240802675586e+02,0.0000000000000000e+00,4.8136940000000003e-02
5.1898743012842248e+00,2.2023411371237458e+02,0.0000000000000000e+00,4.8136940000000003e-02
5.4076103103841602e+00,2.2374581939799330e+02,0.0000000000000000e+00,4.8136940000000003e-02
5.6308760981716199e+00,2.2725752508361205e+02,0.0000000000000000e+00,4.8136940000000003e-02
5.8739441605792679e+00,2.3076923076923077e+02,0.0000000000000000e+00,1.0347816000000000e-01
6.1240265934020330e+00,2.3428093645484950e+02,0.0000000000000000e+00,1.0347816000000000e-01
6.3807968261183321e+00,2.3779264214046822e+02,0.0000000000000000e+00,1.0347816000000000e-01
6.6443309753648290e+00,2.4130434782608697e+02,0.0000000000000000e+00,1.0347816000000000e-01
6.9147048891830289e+00,2.4481605351170569e+02,0.0000000000000000e+00,1.0347816000000000e-01
7.1919941518560426e+00,2.4832775919732441e+02,0.0000000000000000e+00,1.0347816000000000e-01
7.4762740885901913e+00,2.5183946488294313e+02,0.0000000000000000e+00,1.0347816000000000e-01
7.7676197700485963e+00,2.5535117056856188e+02,0.0000000000000000e+00,1.0347816000000000e-01
8.0661060167433867e+00,2.5886287625418061e+02,0.0000000000000000e+00,1.0347816000000000e-01
8.3718074032928715e+00,2.6237458193979933e+02,0.0000000000000000e+00,1.0347816000000000e-01
8.6847982625495437e+00,2.6588628762541805e+02,0.0000000000000000e+00,1.0347816000000000e-01
9.0051526896045413e+00,2.6939799331103677e+02,0.0000000000000000e+00,1.0347816000000000e-01
9.3329445456738398e+00,2.7290969899665549e+02,0.0000000000000000e+00,1.0347816000000000e-01
9.6682474618711698e+00,2.7642140468227427e+02,0.0000000000000000e+00,1.0347816000000000e-01
1.0011134842872320e+01,2.7993311036789299e+02,0.0000000000000000e+00,1.0347816000000000e-01
1.0361679870475413e+01,2.8344481605351172e+02,0.0000000000000000e+00,1.0347816000000000e-01
1.0719955507061234e+01,2.8695652173913044e+02,0.0000000000000000e+00,1.0347816000000000e-01
1.1086034498957714e+01,2.9046822742474916e+02,0.0000000000000000e+00,1.0347816000000000e-01
1.1459989379712308e+01,2.9397993311036788e+02,0.0000000000000000e+00,1.0347816000000000e-01
1.1841892473275927e+01,2.9749163879598660e+02,0.0000000000000000e+00,1.0347816000000000e-01
1.2231815897101777e+01,3.0100334448160532e+02,0.0000000000000000e+00,1.0347816000000000e-01
1.2629831565162418e+01,3.0451505016722410e+02,0.0000000000000000e+00,1.0347816000000000e-01
1.3036011190888043e+01,3.0802675585284283e+02,0.0000000000000000e+00,1.0347816000000000e-01
1.3450426290029061e+01,3.1153846153846155e+02,0.0000000000000000e+00,1.0347816000000000e-01
1.3873148183445604e+01,3.1505016722408027e+02,0.0000000000000000e+00,1.0347816000000000e-01
1.4304247999826753e+01,3.1856187290969899e+02,0.0000000000000000e+00,1.0347816000000000e-01
1.4743796678341948e+01,3.2207357859531771e+02,0.0000000000000000e+00,1.0347816000000000e-01
1.5191864971227048e+01,3.2558528428093643e+02,0.0000000000000000e+00,1.0347816000000000e-01
1.5648523446307294e+01,3.2909698996655516e+02,0.0000000000000000e+00,1.0347816000000000e-01
1.6113842489459444e+01,3.3260869565217394e+02,0.0000000000000000e+00,1.0347816000000000e-01
1.6587892307015075e+01,3.3612040133779266e+02,0.0000000000000000e+00,1.0347816000000000e-01
1.7070742928107229e+01,3.3963210702341138e+02,0.0000000000000000e+00,1.0347816000000000e-01
1.7562464206962130e+01,3.4314381270903010e+02,0.0000000000000000e+00,1.0347816000000000e-01
1.8155989592805039e+01,3.4665551839464882e+02,0.0000000000000000e+00,3.5190909999999997e-01
1.8831991507483210e+01,3.5016722408026754e+02,0.0000000000000000e+00,3.5190909999999997e-01
1.9526038791133164e+01,3.5367892976588627e+02,0.0000000000000000e+00,3.5190909999999997e-01
2.0238426787255563e+01,3.5719063545150499e+02,0.0000000000000000e+00,3.5190909999999997e-01
2.0969452683508830e+01,3.6070234113712377e+02,0.0000000000000000e+00,3.5190909999999997e-01
2.1719415504923344e+01,3.6421404682274249e+02,0.0000000000000000e+00,3.5190909999999997e-01
2.2488616107206756e+01,3.6772575250836121e+02,0.0000000000000000e+00,3.5190909999999997e-01
2.3277357170138089e+01,3.7123745819397993e+02,0.0000000000000000e+00,3.5190909999999997e-01
2.4085943191048798e+01,3.7474916387959865e+02,0.0000000000000000e+00,3.5190909999999997e-01
2.4914680478388728e+01,3.7826086956521738e+02,0.0000000000000000e+00,3.5190909999999997e-01
2.5763877145375137e+01,3.8177257525083610e+02,0.0000000000000000e+00,3.5190909999999997e-01
2.6633843103722910e+01,3.8528428093645488e+02,0.0000000000000000e+00,3.5190909999999997e-01
2.7524890057454140e+01,3.8879598662207360e+02,0.0000000000000000e+00,3.5190909999999997e-01
2.8437331496785575e+01,3.9230769230769232e+02,0.0000000000000000e+00,3.5190909999999997e-01
2.9371482692091877e+01,3.9581939799331104e+02,0.0000000000000000e+00,3.5190909999999997e-01
3.0327660687943471e+01,3.9933110367892976e+02,0.0000000000000000e+00,3.5190909999999997e-01
3.1306184297217140e+01,4.0284280936454849e+02,0.0000000000000000e+00,3.5190909999999997e-01
3.2307374095277950e+01,4.0635451505016721e+02,0.0000000000000000e+00,3.5190909999999997e-01
3.3331552414231048e+01,4.0986622073578593e+02,0.0000000000000000e+00,3.5190909999999997e-01
3.4379043337241832e+01,4.1337792642140471e+02,0.0000000000000000e+00,3.5190909999999997e-01
3.5450172692923061e+01,4.1688963210702343e+02,0.0000000000000000e+00,3.5190909999999997e-01
3.6545268049787808e+01,4.2040133779264215e+02,0.0000000000000000e+00,3.5190909999999997e-01
3.7664658710766510e+01,4.2391304347826087e+02,0.0000000000000000e+00,3.5190909999999997e-01
3.8808675707787252e+01,4.2742474916387960e+02,0.0000000000000000e+00,3.5190909999999997e-01
3.9977651796417767e+01,4.3093645484949832e+02,0.0000000000000000e+00,3.5190909999999997e-01
4.1171921450568092e+01,4.3444816053511704e+02,0.0000000000000000e+00,3.5190909999999997e-01
4.2391820857252604e+01,4.3795986622073576e+02,0.0000000000000000e+00,3.5190909999999997e-01
4.3637687911410431e+01,4.4147157190635454e+02,0.0000000000000000e+00,3.5190909999999997e-01
4.4909862210782883e+01,4.4498327759197326e+02,0.0000000000000000e+00,3.5190909999999997e-01
4.6208685050847180e+01,4.4849498327759198e+02,0.0000000000000000e+00,3.5190909999999997e-01
4.7534499419805044e+01,4.5200668896321071e+02,0.0000000000000000e+00,3.5190909999999997e-01
4.8887649993625402e+01,4.5551839464882943e+02,0.0000000000000000e+00,3.5190909999999997e-01
5.0268483131140044e+01,4.5903010033444815e+02,0.0000000000000000e+00,3.5190909999999997e-01
5.1677346869191389e+01,4.6254180602006687e+02,0.0000000000000000e+00,3.5190909999999997e-01
5.3114590917831286e+01,4.6605351170568559e+02,0.0000000000000000e+00,3.5190909999999997e-01
5.4580566655570060e+01,4.6956521739130437e+02,0.0000000000000000e+00,3.5190909999999997e-01
5.6075627124674689e+01,4.7307692307692309e+02,0.0000000000000000e+00,3.5190909999999997e-01
5.7600127026515622e+01,4.7658862876254182e+02,0.0000000000000000e+00,3.5190909999999997e-01
5.9154422716960866e+01,4.8010033444816054e+02,0.0000000000000000e+00,3.5190909999999997e-01
6.0738872201816989e+01,4.8361204013377926e+02,0.0000000000000000e+00,3.5190909999999997e-01
6.2353835132315901e+01,4.8712374581939798e+02,0.0000000000000000e+00,3.5190909999999997e-01
6.3999672800646806e+01,4.9063545150501670e+02,0.0000000000000000e+00,3.5190909999999997e-01
6.5676748135532449e+01,4.9414715719063543e+02,0.0000000000000000e+00,3.5190909999999997e-01
6.7385425697848959e+01,4.9765886287625420e+02,0.0000000000000000e+00,3.5190909999999997e-01
6.9126071676288447e+01,5.0117056856187293e+02,0.0000000000000000e+00,3.5190909999999997e-01
7.0899053883063914e+01,5.0468227424749165e+02,0.0000000000000000e+00,3.5190909999999997e-01
7.2704741749655398e+01,5.0819397993311037e+02,0.0000000000000000e+00,3.5190909999999997e-01
7.4543506322596940e+01,5.1170568561872909e+02,0.0000000000000000e+00,3.5190909999999997e-01
7.6415720259303569e+01,5.1521739130434787e+02,0.0000000000000000e+00,3.5190909999999997e-01
7.8321757823937659e+01,5.1872909698996659e+02,0.0000000000000000e+00,3.5190909999999997e-01
8.0261994883314273e+01,5.2224080267558531e+02,0.0000000000000000e+00,3.5190909999999997e-01
8.1417759499673110e+01,5.2575250836120404e+02,0.0000000000000000e+00,4.1415523999999998e-01
8.2560754190194302e+01,5.2926421404682276e+02,0.0000000000000000e+00,4.1415523999999998e-01
8.3712076830355386e+01,5.3277591973244148e+02,0.0000000000000000e+00,4.1415523999999998e-01
8.4871732606000322e+01,5.3628762541806020e+02,0.0000000000000000e+00,4.1415523999999998e-01
8.6039726672100500e+01,5.3979933110367892e+02,0.0000000000000000e+00,4.1415523999999998e-01
8.7216064153138873e+01,5.4331103678929765e+02,0.0000000000000000e+00,4.1415523999999998e-01
8.8400750143486931e+01,5.4682274247491637e+02,0.0000000000000000e+00,4.1415523999999998e-01
8.9593789707774519e+01,5.5033444816053509e+02,0.0000000000000000e+00,4.1415523999999998e-01
9.0795187881252858e+01,5.5384615384615381e+02,0.0000000000000000e+00,4.1415523999999998e-01
9.2004949670150765e+01,5.5735785953177253e+02,0.0000000000000000e+00,4.1415523999999998e-01
9.3223080052024400e+01,5.6086956521739125e+02,0.0000000000000000e+00,4.1415523999999998e-01
9.4449583976100627e+01,5.6438127090300998e+02,0.0000000000000000e+00,4.1415523999999998e-01
9.5684466363614092e+01,5.6789297658862881e+02,0.0000000000000000e+00,4.1415523999999998e-01
9.6927732108138159e+01,5.7140468227424753e+02,0.0000000000000000e+00,4.1415523999999998e-01
9.8179386075910244e+01,5.7491638795986626e+02,0.0000000000000000e+00,4.1415523999999998e-01
9.9439433106150872e+01,5.7842809364548498e+02,0.0000000000000000e+00,4.1415523999999998e-01
1.0070787801137755e+02,5.8193979933110370e+02,0.0000000000000000e+00,4.1415523999999998e-01
1.0198472557771269e+02,5.8545150501672242e+02,0.0000000000000000e+00,4.1415523999999998e-01
1.0326998056518650e+02,5.8896321070234114e+02,0.0000000000000000e+00,4.1415523999999998e-01
1.0456364770803447e+02,5.9247491638795987e+02,0.0000000000000000e+00,4.1415523999999998e-01
1.0586573171498959e+02,5.9598662207357859e+02,0.0000000000000000e+00,4.1415523999999998e-01
1.0717623726956984e+02,5.9949832775919731e+02,0.0000000000000000e+00,4.1415523999999998e-01
1.0849516903036050e+02,6.0301003344481603e+02,0.0000000000000000e+00,4.1415523999999998e-01
1.0982253163129180e+02,6.0652173913043475e+02,0.0000000000000000e+00,4.1415523999999998e-01
1.1115832968191179e+02,6.1003344481605347e+02,0.0000000000000000e+00,4.1415523999999998e-01
1.1250256776765485e+02,6.1354515050167220e+02,0.0000000000000000e+00,4.1415523999999998e-01
1.1385525045010543e+02,6.1705685618729092e+02,0.0000000000000000e+00,4.1415523999999998e-01
1.1521638226725763e+02,6.2056856187290975e+02,0.0000000000000000e+00,4.1415523999999998e-01
1.1658596773377026e+02,6.2408026755852848e+02,0.0000000000000000e+00,4.1415523999999998e-01
1.1796401134121811e+02,6.2759197324414720e+02,0.0000000000000000e+00,4.1415523999999998e-01
1.1935051755833878e+02,6.3110367892976592e+02,0.0000000000000000e+00,4.1415523999999998e-01
1.2074549083127553e+02,6.3461538461538464e+02,0.0000000000000000e+00,4.1415523999999998e-01
1.2214893558381648e+02,6.3812709030100336e+02,0.0000000000000000e+00,4.1415523999999998e-01
1.2356085621762956e+02,6.4163879598662209e+02,0.0000000000000000e+00,4.1415523999999998e-01
1.2498125711249418e+02,6.4515050167224081e+02,0.0000000000000000e+00,4.1415523999999998e-01
1.2641014262652877e+02,6.4866220735785953e+02,0.0000000000000000e+00,4.1415523999999998e-01
1.2784751709641512e+02,6.5217391304347825e+02,0.0000000000000000e+00,4.1415523999999998e-01
1.2929338483761890e+02,6.5568561872909697e+02,0.0000000000000000e+00,4.1415523999999998e-01
1.3074775014460698e+02,6.5919732441471569e+02,0.0000000000000000e+00,4.1415523999999998e-01
1.3221061729106114e+02,6.6270903010033442e+02,0.0000000000000000e+00,4.1415523999999998e-01
1.3368199053008865e+02,6.6622073578595314e+02,0.0000000000000000e+00,4.1415523999999998e-01
1.3516187409442961e+02,6.6973244147157186e+02,0.0000000000000000e+00,4.1415523999999998e-01
1.3665027219666098e+02,6.7324414715719058e+02,0.0000000000000000e+00,4.1415523999999998e-01
1.3814718902939774e+02,6.7675585284280942e+02,0.0000000000000000e+00,4.1415523999999998e-01
1.3965262876549062e+02,6.8026755852842814e+02,0.0000000000000000e+00,4.1415523999999998e-01
1.4116659555822142e+02,6.8377926421404686e+02,0.0000000000000000e+00,4.1415523999999998e-01
1.4268909354149494e+02,6.8729096989966558e+02,0.0000000000000000e+00,4.1415523999999998e-01
1.4422012683002811e+02,6.9080267558528431e+02,0.0000000000000000e+00,4.1415523999999998e-01
1.4575969951953667e+02,6.9431438127090303e+02,0.0000000000000000e+00,4.1415523999999998e-01
1.4730781568691853e+02,6.9782608695652175e+02,0.0000000000000000e+00,4.1415523999999998e-01
1.4886447939043504e+02,7.0133779264214047e+02,0.0000000000000000e+00,4.1415523999999998e-01
1.5042969466988916e+02,7.0484949832775919e+02,0.0000000000000000e+00,4.1415523999999998e-01
1.5200346554680124e+02,7.0836120401337791e+02,0.0000000000000000e+00,4.1415523999999998e-01
1.5358579602458229e+02,7.1187290969899664e+02,0.0000000000000000e+00,4.1415523999999998e-01
1.5517669008870459e+02,7.1538461538461536e+02,0.0000000000000000e+00,4.1415523999999998e-01
1.5677615170687017e+02,7.1889632107023408e+02,0.0000000000000000e+00,4.1415523999999998e-01
1.5838418482917646e+02,7.2240802675585280e+02,0.0000000000000000e+00,4.1415523999999998e-01
1.6000079338827996e+02,7.2591973244147152e+02,0.0000000000000000e+00,4.1415523999999998e-01
1.6162598129955757e+02,7.2943143812709025e+02,0.0000000000000000e+00,4.1415523999999998e-01
1.6325975246126532e+02,7.3294314381270908e+02,0.0000000000000000e+00,4.1415523999999998e-01
1.6490211075469517e+02,7.3645484949832780e+02,0.0000000000000000e+00,4.1415523999999998e-01
1.6655306004432984e+02,7.3996655518394653e+02,0.0000000000000000e+00,4.1415523999999998e-01
1.6821260417799499e+02,7.4347826086956525e+02,0.0000000000000000e+00,4.1415523999999998e-01
1.6988074698700964e+02,7.4698996655518397e+02,0.0000000000000000e+00,4.1415523999999998e-01
1.7155749228633437e+02,7.5050167224080269e+02,0.0000000000000000e+00,4.1415523999999998e-01
1.7324284387471778e+02,7.5401337792642141e+02,0.0000000000000000e+00,4.1415523999999998e-01
1.7493680553484052e+02,7.5752508361204013e+02,0.0000000000000000e+00,4.1415523999999998e-01
1.7663938103345774e+02,7.6103678929765886e+02,0.0000000000000000e+00,4.1415523999999998e-01
1.7835057412153958e+02,7.6454849498327758e+02,0.0000000000000000e+00,4.1415523999999998e-01
1.8007038853440957e+02,7.6806020066889630e+02,0.0000000000000000e+00,4.1415523999999998e-01
1.8179882799188127e+02,7.7157190635451502e+02,0.0000000000000000e+00,4.1415523999999998e-01
1.8353589619839332e+02,7.7508361204013374e+02,0.0000000000000000e+00,4.1415523999999998e-01
1.8528159684314249e+02,7.7859531772575247e+02,0.0000000000000000e+00,4.1415523999999998e-01
1.8703593360021492e+02,7.8210702341137119e+02,0.0000000000000000e+00,4.1415523999999998e-01
1.8879891012871582e+02,7.8561872909699002e+02,0.0000000000000000e+00,4.1415523999999998e-01
1.9057053007289744e+02,7.8913043478260875e+02,0.0000000000000000e+00,4.1415523999999998e-01
1.9234199170518505e+02,7.9264214046822747e+02,0.0000000000000000e+00,6.3488460000000002e-01
1.9409763044767109e+02,7.9615384615384619e+02,0.0000000000000000e+00,6.3488460000000002e-01
1.9586146145051060e+02,7.9966555183946491e+02,0.0000000000000000e+00,6.3488460000000002e-01
1.9763348671302998e+02,8.0317725752508363e+02,0.0000000000000000e+00,6.3488460000000002e-01
1.9941370822627948e+02,8.0668896321070235e+02,0.0000000000000000e+00,6.3488460000000002e-01
2.0120212797310359e+02,8.1020066889632108e+02,0.0000000000000000e+00,6.3488460000000002e-01
2.0299874792821012e+02,8.1371237458193980e+02,0.0000000000000000e+00,6.3488460000000002e-01
2.0480357005823896e+02,8.1722408026755852e+02,0.0000000000000000e+00,6.3488460000000002e-01
2.0661659632182926e+02,8.2073578595317724e+02,0.0000000000000000e+00,6.3488460000000002e-01
2.0843782866968650e+02,8.2424749163879596e+02,0.0000000000000000e+00,6.3488460000000002e-01
2.1026726904464812e+02,8.2775919732441469e+02,0.0000000000000000e+00,6.3488460000000002e-01
2.1210491938174877e+02,8.3127090301003341e+02,0.0000000000000000e+00,6.3488460000000002e-01
2.1395078160828436e+02,8.3478260869565213e+02,0.0000000000000000e+00,6.3488460000000002e-01
2.1580485764387569e+02,8.3829431438127085e+02,0.0000000000000000e+00,6.3488460000000002e-01
2.1766714940053106e+02,8.4180602006688969e+02,0.0000000000000000e+00,6.3488460000000002e-01
2.1953765878270789e+02,8.4531772575250841e+02,0.0000000000000000e+00,6.3488460000000002e-01
2.2141638768737431e+02,8.4882943143812713e+02,0.0000000000000000e+00,6.3488460000000002e-01
2.2330333800406925e+02,8.5234113712374585e+02,0.0000000000000000e+00,6.3488460000000002e-01
2.2519851161496223e+02,8.5585284280936457e+02,0.0000000000000000e+00,6.3488460000000002e-01
2.2710191039491210e+02,8.5936454849498330e+02,0.0000000000000000e+00,6.3488460000000002e-01
2.2901353621152541e+02,8.6287625418060202e+02,0.0000000000000000e+00,6.3488460000000002e-01
2.3093339092521393e+02,8.6638795986622074e+02,0.0000000000000000e+00,6.3488460000000002e-01
2.3286147638925144e+02,8.6989966555183946e+02,0.0000000000000000e+00,6.3488460000000002e-01
2.3479779444982989e+02,8.7341137123745818e+02,0.0000000000000000e+00,6.3488460000000002e-01
2.3674234694611485e+02,8.7692307692307691e+02,0.0000000000000000e+00,6.3488460000000002e-01
2.3869513571030041e+02,8.8043478260869563e+02,0.0000000000000000e+00,6.3488460000000002e-01
2.4065616256766330e+02,8.8394648829431435e+02,0.0000000000000000e+00,6.3488460000000002e-01
2.4262542933661658e+02,8.8745819397993307e+02,0.0000000000000000e+00,6.3488460000000002e-01
2.4460293782876224e+02,8.9096989966555179e+02,0.0000000000000000e+00,6.3488460000000002e-01
2.4658868984894403e+02,8.9448160535117051e+02,0.0000000000000000e+00,6.3488460000000002e-01
2.4858268719529858e+02,8.9799331103678935e+02,0.0000000000000000e+00,6.3488460000000002e-01
2.5058493165930693e+02,9.0150501672240807e+02,0.0000000000000000e+00,6.3488460000000002e-01
2.5259542502584495e+02,9.0501672240802679e+02,0.0000000000000000e+00,6.3488460000000002e-01
2.5461416907323311e+02,9.0852842809364552e+02,0.0000000000000000e+00,6.3488460000000002e-01
2.5664116557328612e+02,9.1204013377926424e+02,0.0000000000000000e+00,6.3488460000000002e-01
2.5867641629136148e+02,9.1555183946488296e+02,0.0000000000000000e+00,6.3488460000000002e-01
2.6071992298640811e+02,9.1906354515050168e+02,0.0000000000000000e+00,6.3488460000000002e-01
2.6277168741101343e+02,9.2257525083612040e+02,0.0000000000000000e+00,6.3488460000000002e-01
2.6483171131145127e+02,9.2608695652173913e+02,0.0000000000000000e+00,6.3488460000000002e-01
2.6689999642772807e+02,9.2959866220735785e+02,0.0000000000000000e+00,6.3488460000000002e-01
2.6897654449362904e+02,9.3311036789297657e+02,0.0000000000000000e+00,6.3488460000000002e-01
2.7106135723676397e+02,9.3662207357859529e+02,0.0000000000000000e+00,6.3488460000000002e-01
2.7315443637861222e+02,9.4013377926421401e+02,0.0000000000000000e+00,6.3488460000000002e-01
2.7525578363456731e+02,9.4364548494983273e+02,0.0000000000000000e+00,6.3488460000000002e-01
2.7736540071398105e+02,9.4715719063545146e+02,0.0000000000000000e+00,6.3488460000000002e-01
2.7948328932020723e+02,9.5066889632107018e+02,0.0000000000000000e+00,6.3488460000000002e-01
2.8160945115064510e+02,9.5418060200668901e+02,0.0000000000000000e+00,6.3488460000000002e-01
2.8374388789678119e+02,9.5769230769230774e+02,0.0000000000000000e+00,6.3488460000000002e-01
2.8588660124423245e+02,9.6120401337792646e+02,0.0000000000000000e+00,6.3488460000000002e-01
2.8803759287278780e+02,9.6471571906354518e+02,0.0000000000000000e+00,6.3488460000000002e-01
2.9019686445644902e+02,9.6822742474916390e+02,0.0000000000000000e+00,6.3488460000000002e-01
2.9236441766347224e+02,9.7173913043478262e+02,0.0000000000000000e+00,6.3488460000000002e-01
2.9454025415640808e+02,9.7525083612040135e+02,0.0000000000000000e+00,6.3488460000000002e-01
2.9672437559214154e+02,9.7876254180602007e+02,0.0000000000000000e+00,6.3488460000000002e-01
2.9891678362193215e+02,9.8227424749163879e+02,0.0000000000000000e+00,6.3488460000000002e-01
3.0111747989145255e+02,9.8578595317725751e+02,0.0000000000000000e+00,6.3488460000000002e-01
3.0332646604082760e+02,9.8929765886287623e+02,0.0000000000000000e+00,6.3488460000000002e-01
3.0554374370467241e+02,9.9280936454849495e+02,0.0000000000000000e+00,6.3488460000000002e-01
3.0776931451213102e+02,9.9632107023411368e+02,0.0000000000000000e+00,6.3488460000000002e-01
3.1000318008691312e+02,9.9983277591973240e+02,0.0000000000000000e+00,6.3488460000000002e-01
3.1224534204733169e+02,1.0033444816053511e+03,0.0000000000000000e+00,6.3488460000000002e-01
3.1449580200634006e+02,1.0068561872909700e+03,0.0000000000000000e+00,6.3488460000000002e-01
3.1675456157156736e+02,1.0103678929765887e+03,0.0000000000000000e+00,6.3488460000000002e-01
3.1902162234535569e+02,1.0138795986622074e+03,0.0000000000000000e+00,6.3488460000000002e-01
3.2129698592479519e+02,1.0173913043478261e+03,0.0000000000000000e+00,6.3488460000000002e-01
3.2358065390175955e+02,1.0209030100334448e+03,0.0000000000000000e+00,6.3488460000000002e-01
3.2587262786294059e+02,1.0244147157190635e+03,0.0000000000000000e+00,6.3488460000000002e-01
3.2817290938988378e+02,1.0279264214046823e+03,0.0000000000000000e+00,6.3488460000000002e-01
3.3048150005902102e+02,1.0314381270903009e+03,0.0000000000000000e+00,6.3488460000000002e-01
3.3279840144170623e+02,1.0349498327759197e+03,0.0000000000000000e+00,6.3488460000000002e-01
3.3512361510424762e+02,1.0384615384615386e+03,0.0000000000000000e+00,6.3488460000000002e-01
3.3745714260794136e+02,1.0419732441471572e+03,0.0000000000000000e+00,6.3488460000000002e-01
3.3979898550910502e+02,1.0454849498327760e+03,0.0000000000000000e+00,6.3488460000000002e-01
3.4214914535910896e+02,1.0489966555183946e+03,0.0000000000000000e+00,6.3488460000000002e-01
3.4450762370441009e+02,1.0525083612040135e+03,0.0000000000000000e+00,6.3488460000000002e-01
3.4687442208658223e+02,1.0560200668896321e+03,0.0000000000000000e+00,6.3488460000000002e-01
3.4924954204234916e+02,1.0595317725752509e+03,0.0000000000000000e+00,6.3488460000000002e-01
3.5163298510361471e+02,1.0630434782608695e+03,0.0000000000000000e+00,6.3488460000000002e-01
3.5402475279749507e+02,1.0665551839464883e+03,0.0000000000000000e+00,6.3488460000000002e-01
3.5642484664634793e+02,1.0700668896321069e+03,0.0000000000000000e+00,6.3488460000000002e-01
3.5883326816780465e+02,1.0735785953177258e+03,0.0000000000000000e+00,6.3488460000000002e-01
3.6125001887479857e+02,1.0770903010033444e+03,0.0000000000000000e+00,6.3488460000000002e-01
3.6367510027559661e+02,1.0806020066889632e+03,0.0000000000000000e+00,6.3488460000000002e-01
3.6610851387382729e+02,1.0841137123745818e+03,0.0000000000000000e+00,6.3488460000000002e-01
3.6855026116851121e+02,1.0876254180602007e+03,0.0000000000000000e+00,6.3488460000000002e-01
3.7100034365408908e+02,1.0911371237458195e+03,0.0000000000000000e+00,6.3488460000000002e-01
3.7345876282045072e+02,1.0946488294314381e+03,0.0000000000000000e+00,6.3488460000000002e-01
3.7592552015296434e+02,1.0981605351170570e+03,0.0000000000000000e+00,6.3488460000000002e-01
3.7840061713250304e+02,1.1016722408026756e+03,0.0000000000000000e+00,6.3488460000000002e-01
3.8088405523547453e+02,1.1051839464882944e+03,0.0000000000000000e+00,6.3488460000000002e-01
3.8337583593384716e+02,1.1086956521739130e+03,0.0000000000000000e+00,6.3488460000000002e-01
3.8587596069517866e+02,1.1122073578595318e+03,0.0000000000000000e+00,6.3488460000000002e-01
3.8838443098264213e+02,1.1157190635451504e+03,0.0000000000000000e+00,6.3488460000000002e-01
3.9090124825505387e+02,1.1192307692307693e+03,0.0000000000000000e+00,6.3488460000000002e-01
3.9342641396689913e+02,1.1227424749163879e+03,0.0000000000000000e+00,6.3488460000000002e-01
3.9595992956835948e+02,1.1262541806020067e+03,0.0000000000000000e+00,6.3488460000000002e-01
3.9850179650533789e+02,1.1297658862876253e+03,0.0000000000000000e+00,6.3488460000000002e-01
4.0105201621948567e+02,1.1332775919732442e+03,0.0000000000000000e+00,6.3488460000000002e-01
4.0361059014822695e+02,1.1367892976588628e+03,0.0000000000000000e+00,6.3488460000000002e-01
4.0617751972478555e+02,1.1403010033444816e+03,0.0000000000000000e+00,6.3488460000000002e-01
4.0875280637820873e+02,1.1438127090301002e+03,0.0000000000000000e+00,6.3488460000000002e-01
4.1133645153339347e+02,1.1473244147157191e+03,0.0000000000000000e+00,6.3488460000000002e-01
4.1392845661110999e+02,1.1508361204013379e+03,0.0000000000000000e+00,6.3488460000000002e-01
4.1652882302802698e+02,1.1543478260869565e+03,0.0000000000000000e+00,6.3488460000000002e-01
4.1913755219673629e+02,1.1578595317725753e+03,0.0000000000000000e+00,6.3488460000000002e-01
4.2175464552577591e+02,1.1613712374581939e+03,0.0000000000000000e+00,6.3488460000000002e-01
4.2438010441965486e+02,1.1648829431438128e+03,0.0000000000000000e+00,6.3488460000000002e-01
4.2701393027887610e+02,1.1683946488294314e+03,0.0000000000000000e+00,6.3488460000000002e-01
4.2965612449996070e+02,1.1719063545150502e+03,0.0000000000000000e+00,6.3488460000000002e-01
4.3230668847547020e+02,1.1754180602006688e+03,0.0000000000000000e+00,6.3488460000000002e-01
4.3496562359403077e+02,1.1789297658862877e+03,0.0000000000000000e+00,6.3488460000000002e-01
4.3763293124035471e+02,1.1824414715719063e+03,0.0000000000000000e+00,6.3488460000000002e-01
4.4030861279526448e+02,1.1859531772575251e+03,0.0000000000000000e+00,6.3488460000000002e-01
4.4299266963571387e+02,1.1894648829431437e+03,0.0000000000000000e+00,6.3488460000000002e-01
4.4568510313481130e+02,1.1929765886287626e+03,0.0000000000000000e+00,6.3488460000000002e-01
4.4838591466184096e+02,1.1964882943143812e+03,0.0000000000000000e+00,6.3488460000000002e-01
4.5109510558228538e+02,1.2000000000000000e+03,0.0000000000000000e+00,6.3488460000000002e-01
