9.3259399309019331e-04,1.0000000000000000e+00,0.0000000000000000e+00,8.8483314053188042e-04
2.7679829626791712e-03,4.3372287145242074e+00,0.0000000000000000e+00,3.3483121062667849e-04
3.5861310640413657e-03,7.6744574290484140e+00,0.0000000000000000e+00,1.6100118212007209e-04
4.0785299214037615e-03,1.1011686143572621e+01,0.0000000000000000e+00,1.6256680270503639e-04
4.8790357214250450e-03,1.4348914858096828e+01,0.0000000000000000e+00,3.4574645496098476e-04
6.5710928294058675e-03,1.7686143572621035e+01,0.0000000000000000e+00,6.9549827514318527e-04
9.6892800689481213e-03,2.1023372287145243e+01,0.0000000000000000e+00,1.1975327375887352e-03
1.4721990392691241e-02,2.4360601001669448e+01,0.0000000000000000e+00,1.8243929932355869e-03
2.2180007619569578e-02,2.7697829716193656e+01,0.0000000000000000e+00,2.5320319824489717e-03
2.8060658852546237e-02,3.1035058430717864e+01,0.0000000000000000e+00,2.7209184090122747e-04
2.4827200004004242e-02,3.4372287145242069e+01,0.0000000000000000e+00,-1.5277732658264213e-03
2.2355008386593888e-02,3.7709515859766277e+01,0.0000000000000000e+00,4.5105737479108829e-04
2.9536798537959368e-02,4.1046744574290486e+01,0.0000000000000000e+00,4.1550998909012180e-03
4.8055715416008081e-02,4.4383973288814694e+01,0.0000000000000000e+00,6.3096214965093107e-03
6.9662466045300186e-02,4.7721202003338895e+01,0.0000000000000000e+00,6.7666521963636560e-03
9.4426232049233116e-02,5.1058430717863104e+01,0.0000000000000000e+00,8.0541123746606796e-03
1.2379557487620872e-01,5.4395659432387312e+01,0.0000000000000000e+00,9.6273562629123899e-03
1.5887576261583358e-01,5.7732888146911520e+01,0.0000000000000000e+00,1.1388589167621574e-02
1.9985422347088033e-01,6.1070116861435729e+01,0.0000000000000000e+00,1.3195215964751941e-02
2.4712807558033953e-01,6.4407345575959937e+01,0.0000000000000000e+00,1.5161468758039351e-02
3.0118339548149642e-01,6.7744574290484138e+01,0.0000000000000000e+00,1.7250643305539493e-02
3.6238907594485437e-01,7.1081803005008354e+01,0.0000000000000000e+00,1.9445672768878819e-02
4.3107045190660992e-01,7.4419031719532555e+01,0.0000000000000000e+00,2.1730044719715097e-02
5.0753830382745735e-01,7.7756260434056756e+01,0.0000000000000000e+00,2.4114719056121531e-02
5.9211596501966557e-01,8.1093489148580971e+01,0.0000000000000000e+00,2.6583650840841522e-02
6.8504177681261091e-01,8.4430717863105173e+01,0.0000000000000000e+00,2.9119832528160472e-02
7.8656363811069996e-01,8.7767946577629388e+01,0.0000000000000000e+00,3.1734231993475914e-02
8.9696414176241912e-01,9.1105175292153589e+01,0.0000000000000000e+00,3.4449090360001544e-02
1.0166132633151792e+00,9.4442404006677791e+01,0.0000000000000000e+00,3.7270271279435385e-02
1.1458023468539462e+00,9.7779632721202006e+01,0.0000000000000000e+00,4.0165331890282818e-02
1.2847363842144617e+00,1.0111686143572621e+02,0.0000000000000000e+00,4.3100580972193381e-02
1.4335185540603803e+00,1.0445409015025042e+02,0.0000000000000000e+00,4.6073307164637090e-02
1.5923012951372686e+00,1.0779131886477462e+02,0.0000000000000000e+00,4.9096012028539970e-02
1.7613371695491928e+00,1.1112854757929883e+02,0.0000000000000000e+00,5.2228834907947053e-02
1.9409838696800432e+00,1.1446577629382304e+02,0.0000000000000000e+00,5.5432578892742446e-02
2.1312958736827539e+00,1.1780300500834724e+02,0.0000000000000000e+00,5.8629124587832093e-02
2.3323935656345478e+00,1.2114023372287146e+02,0.0000000000000000e+00,6.1896840204243464e-02
2.5444283130045493e+00,1.2447746243739566e+02,0.0000000000000000e+00,6.5179375751364566e-02
2.7674437873854134e+00,1.2781469115191986e+02,0.0000000000000000e+00,6.8412900610020699e-02
3.0003630569231143e+00,1.3115191986644408e+02,0.0000000000000000e+00,7.1089244939935403e-02
3.2417368528325179e+00,1.3448914858096828e+02,0.0000000000000000e+00,7.3562015344254883e-02
3.4913661444889308e+00,1.3782637729549248e+02,0.0000000000000000e+00,7.6087284356715967e-02
3.7501510614810849e+00,1.4116360601001671e+02,0.0000000000000000e+00,7.9074433464010552e-02
4.0192061002499058e+00,1.4450083472454091e+02,0.0000000000000000e+00,8.2164807423054098e-02
4.2985922699713353e+00,1.4783806343906511e+02,0.0000000000000000e+00,8.5279855147437855e-02
4.5884104102961683e+00,1.5117529215358931e+02,0.0000000000000000e+00,8.8410551488643296e-02
4.8887548399728455e+00,1.5451252086811351e+02,0.0000000000000000e+00,9.1597725311719280e-02
5.1998194843889580e+00,1.5784974958263774e+02,0.0000000000000000e+00,9.4823949312519584e-02
5.5216507676369906e+00,1.6118697829716194e+02,0.0000000000000000e+00,9.8050855293996264e-02
5.8542858281768275e+00,1.6452420701168614e+02,0.0000000000000000e+00,1.0130289662388936e-01
6.1978143630198197e+00,1.6786143572621035e+02,0.0000000000000000e+00,1.0457653678373324e-01
6.5522952438835116e+00,1.7119866444073455e+02,0.0000000000000000e+00,1.0786609259573599e-01
6.9177775675027231e+00,1.7453589315525878e+02,0.0000000000000000e+00,1.1116980697071277e-01
7.2943030664794266e+00,1.7787312186978298e+02,0.0000000000000000e+00,1.1448236252550847e-01
7.6818871132117064e+00,1.8121035058430718e+02,0.0000000000000000e+00,1.1779714357619042e-01
8.0805421135419273e+00,1.8454757929883138e+02,0.0000000000000000e+00,1.2111731427589900e-01
8.4902847249498485e+00,1.8788480801335558e+02,0.0000000000000000e+00,1.2444259747912456e-01
8.9111366183336482e+00,1.9122203672787981e+02,0.0000000000000000e+00,1.2777422796506244e-01
9.3431083552013590e+00,1.9455926544240401e+02,0.0000000000000000e+00,1.3110606487304821e-01
9.7861936757800780e+00,1.9789649415692821e+02,0.0000000000000000e+00,1.3443291099685251e-01
1.0240360535351996e+01,2.0123372287145241e+02,0.0000000000000000e+00,1.3774748131829551e-01
1.0705576721547420e+01,2.0457095158597662e+02,0.0000000000000000e+00,1.4105532694877088e-01
1.1181820505499994e+01,2.0790818030050085e+02,0.0000000000000000e+00,1.4435638182417243e-01
1.1669070785360017e+01,2.1124540901502505e+02,0.0000000000000000e+00,1.4765128684071271e-01
1.2167300788386251e+01,2.1458263772954925e+02,0.0000000000000000e+00,1.5093587780938211e-01
1.2676472938821462e+01,2.1791986644407345e+02,0.0000000000000000e+00,1.5420868274092125e-01
1.3196544984213983e+01,2.2125709515859765e+02,0.0000000000000000e+00,1.5746796790245909e-01
1.3727470849501680e+01,2.2459432387312188e+02,0.0000000000000000e+00,1.6071346624468941e-01
1.4269203409846590e+01,2.2793155258764608e+02,0.0000000000000000e+00,1.6394383545272451e-01
1.4821686887623850e+01,2.3126878130217028e+02,0.0000000000000000e+00,1.6715631056661540e-01
1.5384862213972530e+01,2.3460601001669448e+02,0.0000000000000000e+00,1.7035144356089749e-01
1.5958670686317767e+01,2.3794323873121868e+02,0.0000000000000000e+00,1.7352913136618930e-01
1.6543058732787372e+01,2.4128046744574291e+02,0.0000000000000000e+00,1.7669185716671265e-01
1.7137972530442656e+01,2.4461769616026712e+02,0.0000000000000000e+00,1.7983634540308113e-01
1.7743347003746614e+01,2.4795492487479132e+02,0.0000000000000000e+00,1.8296058405004167e-01
1.8359107050045672e+01,2.5129215358931552e+02,0.0000000000000000e+00,1.8605988235423965e-01
1.8985169478600028e+01,2.5462938230383972e+02,0.0000000000000000e+00,1.8913557052979257e-01
1.9621460348751455e+01,2.5796661101836395e+02,0.0000000000000000e+00,1.9218956493410388e-01
2.0267907260296237e+01,2.6130383973288815e+02,0.0000000000000000e+00,1.9522240894517218e-01
2.0924439819547622e+01,2.6464106844741235e+02,0.0000000000000000e+00,1.9823343555397877e-01
2.1590981379327378e+01,2.6797829716193655e+02,0.0000000000000000e+00,2.0122074829612835e-01
2.2267452821102591e+01,2.7131552587646075e+02,0.0000000000000000e+00,2.0418434150032283e-01
2.2953774163379489e+01,2.7465275459098496e+02,0.0000000000000000e+00,2.0712375098035274e-01
2.3649864352243803e+01,2.7798998330550916e+02,0.0000000000000000e+00,2.1003876400027899e-01
2.4355641248518889e+01,2.8132721202003341e+02,0.0000000000000000e+00,2.1292888949430200e-01
2.5071021027664646e+01,2.8466444073455762e+02,0.0000000000000000e+00,2.1579373845790606e-01
2.5795919220316179e+01,2.8800166944908182e+02,0.0000000000000000e+00,2.1863326303373753e-01
2.6530250989195679e+01,2.9133889816360602e+02,0.0000000000000000e+00,2.2144722596368283e-01
2.7273930616277838e+01,2.9467612687813022e+02,0.0000000000000000e+00,2.2423540537512210e-01
2.8026871859074458e+01,2.9801335559265442e+02,0.0000000000000000e+00,2.2699770132730457e-01
2.8788988205512457e+01,3.0135058430717862e+02,0.0000000000000000e+00,2.2973400958901635e-01
2.9560192619948062e+01,3.0468781302170282e+02,0.0000000000000000e+00,2.3244415939021579e-01
3.0340397738133220e+01,3.0802504173622702e+02,0.0000000000000000e+00,2.3512814230715584e-01
3.1129516349526714e+01,3.1136227045075123e+02,0.0000000000000000e+00,2.3778600313668719e-01
3.1927461105773737e+01,3.1469949916527548e+02,0.0000000000000000e+00,2.4041763396097338e-01
3.2734144512637265e+01,3.1803672787979968e+02,0.0000000000000000e+00,2.4302309184377435e-01
3.3549479235573493e+01,3.2137395659432389e+02,0.0000000000000000e+00,2.4560235503994932e-01
3.4373378298523534e+01,3.2471118530884809e+02,0.0000000000000000e+00,2.4815583621869663e-01
3.5205756537062243e+01,3.2804841402337229e+02,0.0000000000000000e+00,2.5068385295190687e-01
3.6046528116413484e+01,3.3138564273789649e+02,0.0000000000000000e+00,2.5318594107619319e-01
3.6895606376286132e+01,3.3472287145242069e+02,0.0000000000000000e+00,2.5566198236600002e-01
3.7752903669560865e+01,3.3806010016694489e+02,0.0000000000000000e+00,2.5811159047340837e-01
3.8618332460117884e+01,3.4139732888146909e+02,0.0000000000000000e+00,2.6053532601162033e-01
3.9491807086576756e+01,3.4473455759599329e+02,0.0000000000000000e+00,2.6293348078998235e-01
4.0373242847373021e+01,3.4807178631051755e+02,0.0000000000000000e+00,2.6530650727256955e-01
4.1262556214625825e+01,3.5140901502504175e+02,0.0000000000000000e+00,2.6765447644380203e-01
4.2159663092526777e+01,3.5474624373956595e+02,0.0000000000000000e+00,2.6997717835728707e-01
4.3064479534908777e+01,3.5808347245409016e+02,0.0000000000000000e+00,2.7227482859901286e-01
4.3976922125602513e+01,3.6142070116861436e+02,0.0000000000000000e+00,2.7454756537523295e-01
4.4896908127557801e+01,3.6475792988313856e+02,0.0000000000000000e+00,2.7679562882124387e-01
4.5824355534501066e+01,3.6809515859766276e+02,0.0000000000000000e+00,2.7901921343193692e-01
4.6759182989799648e+01,3.7143238731218696e+02,0.0000000000000000e+00,2.8121852415241477e-01
4.7701309799555602e+01,3.7476961602671116e+02,0.0000000000000000e+00,2.8339373922164057e-01
4.8650655775398604e+01,3.7810684474123542e+02,0.0000000000000000e+00,2.8554500600334265e-01
4.9607141553418288e+01,3.8144407345575962e+02,0.0000000000000000e+00,2.8767268349619002e-01
5.0570688874433046e+01,3.8478130217028382e+02,0.0000000000000000e+00,2.8977699989782835e-01
5.1541219868313704e+01,3.8811853088480802e+02,0.0000000000000000e+00,2.9185802252506221e-01
5.2518657144257361e+01,3.9145575959933223e+02,0.0000000000000000e+00,2.9391594766702767e-01
5.3502923772708840e+01,3.9479298831385643e+02,0.0000000000000000e+00,2.9595088949708526e-01
5.4493943565691580e+01,3.9813021702838063e+02,0.0000000000000000e+00,2.9796317135394546e-01
5.5491641349280037e+01,4.0146744574290483e+02,0.0000000000000000e+00,2.9995305319300058e-01
5.6495942993318536e+01,4.0480467445742903e+02,0.0000000000000000e+00,3.0192093554265753e-01
5.7506775601565344e+01,4.0814190317195323e+02,0.0000000000000000e+00,3.0386706530832797e-01
5.8524066591148966e+01,4.1147913188647749e+02,0.0000000000000000e+00,3.0579145721160472e-01
5.9547743847892534e+01,4.1481636060100169e+02,0.0000000000000000e+00,3.0769442741179986e-01
6.0577736484005825e+01,4.1815358931552589e+02,0.0000000000000000e+00,3.0957629631793182e-01
6.1613974332739971e+01,4.2149081803005009e+02,0.0000000000000000e+00,3.1143719751568710e-01
6.2656387731886987e+01,4.2482804674457429e+02,0.0000000000000000e+00,3.1327734084451464e-01
6.3704907563037331e+01,4.2816527545909850e+02,0.0000000000000000e+00,3.1509678523033813e-01
6.4759465031797774e+01,4.3150250417362270e+02,0.0000000000000000e+00,3.1689576608868819e-01
6.5819992549989792e+01,4.3483973288814690e+02,0.0000000000000000e+00,3.1867468161854262e-01
6.6886423604612190e+01,4.3817696160267110e+02,0.0000000000000000e+00,3.2043381816633953e-01
6.7958692874900208e+01,4.4151419031719530e+02,0.0000000000000000e+00,3.2217356739186087e-01
6.9036735977750823e+01,4.4485141903171956e+02,0.0000000000000000e+00,3.2389407231593381e-01
7.0120488551975996e+01,4.4818864774624376e+02,0.0000000000000000e+00,3.2559540439005374e-01
7.1209887521801178e+01,4.5152587646076796e+02,0.0000000000000000e+00,3.2727727729048794e-01
7.2304873449267347e+01,4.5486310517529216e+02,0.0000000000000000e+00,3.2894497700491598e-01
7.3405336225485655e+01,4.5820033388981636e+02,0.0000000000000000e+00,3.3053955543807589e-01
7.4510933975846797e+01,4.6153756260434056e+02,0.0000000000000000e+00,3.3207334723505966e-01
7.5622046929015355e+01,4.6487479131886477e+02,0.0000000000000000e+00,3.3386235680623955e-01
7.6739362164669018e+01,4.6821202003338897e+02,0.0000000000000000e+00,3.3571912794119285e-01
7.7862397507812020e+01,4.7154924874791317e+02,0.0000000000000000e+00,3.3727188770897953e-01
7.8990259561096934e+01,4.7488647746243737e+02,0.0000000000000000e+00,3.3862551035868904e-01
8.0122320706295881e+01,4.7822370617696163e+02,0.0000000000000000e+00,3.3977149784695015e-01
8.1257560755145960e+01,4.8156093489148583e+02,0.0000000000000000e+00,3.4059842350519531e-01
8.2395975140166314e+01,4.8489816360601003e+02,0.0000000000000000e+00,3.4147986142613718e-01
8.3534551083318675e+01,4.8823539232053423e+02,0.0000000000000000e+00,3.4042088584821428e-01
8.4665848138857385e+01,4.9157262103505843e+02,0.0000000000000000e+00,3.3739741560905401e-01
8.5786794405804329e+01,4.9490984974958263e+02,0.0000000000000000e+00,3.3433045029271824e-01
8.6897153880481866e+01,4.9824707846410683e+02,0.0000000000000000e+00,3.3139709612046175e-01
8.8001375079537567e+01,5.0158430717863104e+02,0.0000000000000000e+00,3.3079247798684719e-01
8.9106572837883760e+01,5.0492153589315524e+02,0.0000000000000000e+00,3.3160858604627919e-01
9.0214191161108857e+01,5.0825876460767944e+02,0.0000000000000000e+00,3.3221264101826620e-01
9.1324216565307609e+01,5.1159599332220370e+02,0.0000000000000000e+00,3.3298131096453432e-01
9.2436319055687989e+01,5.1493322203672790e+02,0.0000000000000000e+00,3.3346392937585989e-01
9.3550024655805572e+01,5.1827045075125204e+02,0.0000000000000000e+00,3.3402379958029371e-01
9.4666063963128494e+01,5.2160767946577630e+02,0.0000000000000000e+00,3.3483393580357301e-01
9.5784862744871248e+01,5.2494490818030044e+02,0.0000000000000000e+00,3.3566039070960585e-01
9.6906403104078322e+01,5.2828213689482470e+02,0.0000000000000000e+00,3.3647879327200769e-01
9.8030750814633890e+01,5.3161936560934896e+02,0.0000000000000000e+00,3.3735490432810167e-01
9.9158120867041319e+01,5.3495659432387311e+02,0.0000000000000000e+00,3.3828184943717332e-01
1.0028861319131163e+02,5.3829382303839736e+02,0.0000000000000000e+00,3.3922307797733708e-01
1.0142226338647191e+02,5.4163105175292151e+02,0.0000000000000000e+00,3.4017593725337036e-01
1.0255913584894684e+02,5.4496828046744577e+02,0.0000000000000000e+00,3.4115600922724809e-01
1.0369931350416419e+02,5.4830550918196991e+02,0.0000000000000000e+00,3.4215359968799675e-01
1.0484283125713917e+02,5.5164273789649417e+02,0.0000000000000000e+00,3.4315671912552403e-01
1.0598970607192712e+02,5.5497996661101831e+02,0.0000000000000000e+00,3.4416688486050617e-01
1.0713997321252077e+02,5.5831719532554257e+02,0.0000000000000000e+00,3.4518979657876514e-01
1.0829366843743398e+02,5.6165442404006683e+02,0.0000000000000000e+00,3.4622019828832151e-01
1.0945080999120827e+02,5.6499165275459097e+02,0.0000000000000000e+00,3.4725494212513297e-01
1.1061141162401094e+02,5.6832888146911523e+02,0.0000000000000000e+00,3.4829417508641569e-01
1.1177549091102576e+02,5.7166611018363938e+02,0.0000000000000000e+00,3.4933891358597435e-01
1.1294306067279173e+02,5.7500333889816363e+02,0.0000000000000000e+00,3.5038515393773650e-01
1.1411412040937303e+02,5.7834056761268778e+02,0.0000000000000000e+00,3.5143044052161088e-01
1.1528866887174291e+02,5.8167779632721204e+02,0.0000000000000000e+00,3.5247648938793930e-01
1.1646671167410837e+02,5.8501502504173618e+02,0.0000000000000000e+00,3.5352417644823220e-01
1.1764825051768489e+02,5.8835225375626044e+02,0.0000000000000000e+00,3.5457151471130288e-01
1.1883328302281018e+02,5.9168948247078470e+02,0.0000000000000000e+00,3.5561788465805222e-01
1.2002180601192177e+02,5.9502671118530884e+02,0.0000000000000000e+00,3.5666342051582234e-01
1.2121381683944318e+02,5.9836393989983310e+02,0.0000000000000000e+00,3.5770797012436617e-01
1.2240931026450305e+02,6.0170116861435724e+02,0.0000000000000000e+00,3.5875040361509036e-01
1.2360827822023055e+02,6.0503839732888150e+02,0.0000000000000000e+00,3.5979024903382140e-01
1.2481071255825003e+02,6.0837562604340565e+02,0.0000000000000000e+00,3.6082789478434307e-01
1.2601660621440384e+02,6.1171285475792990e+02,0.0000000000000000e+00,3.6186321415150502e-01
1.2722594890356277e+02,6.1505008347245405e+02,0.0000000000000000e+00,3.6289472847510496e-01
1.2843872714197900e+02,6.1838731218697831e+02,0.0000000000000000e+00,3.6392222956707343e-01
1.2965492886446737e+02,6.2172454090150245e+02,0.0000000000000000e+00,3.6494654000541971e-01
1.3087454341968936e+02,6.2506176961602671e+02,0.0000000000000000e+00,3.6596746747873254e-01
1.3209755965191380e+02,6.2839899833055097e+02,0.0000000000000000e+00,3.6698521005857287e-01
1.3332396688177425e+02,6.3173622704507511e+02,0.0000000000000000e+00,3.6799957716845455e-01
1.3455375295252389e+02,6.3507345575959937e+02,0.0000000000000000e+00,3.6901018559529319e-01
1.3578690520082228e+02,6.3841068447412351e+02,0.0000000000000000e+00,3.7001678928037052e-01
1.3702340861964603e+02,6.4174791318864777e+02,0.0000000000000000e+00,3.7101839687746718e-01
1.3826324600939674e+02,6.4508514190317192e+02,0.0000000000000000e+00,3.7201497262514494e-01
1.3950640224876958e+02,6.4842237061769617e+02,0.0000000000000000e+00,3.7300739371602987e-01
1.4075286321283829e+02,6.5175959933222032e+02,0.0000000000000000e+00,3.7399562129466091e-01
1.4200261487008967e+02,6.5509682804674458e+02,0.0000000000000000e+00,3.7497914442820957e-01
1.4325564570371228e+02,6.5843405676126883e+02,0.0000000000000000e+00,3.7596137244941019e-01
1.4451192122171670e+02,6.6177128547579298e+02,0.0000000000000000e+00,3.7691778631531037e-01
1.4577133450732100e+02,6.6510851419031724e+02,0.0000000000000000e+00,3.7785305357135002e-01
1.4703397323139757e+02,6.6844574290484138e+02,0.0000000000000000e+00,3.7886069701828973e-01
1.4830008486392629e+02,6.7178297161936564e+02,0.0000000000000000e+00,3.7991481682082906e-01
1.4956965821317726e+02,6.7512020033388978e+02,0.0000000000000000e+00,3.8093448528481133e-01
1.5084255296522883e+02,6.7845742904841404e+02,0.0000000000000000e+00,3.8189639073462445e-01
1.5211842053530972e+02,6.8179465776293819e+02,0.0000000000000000e+00,3.8269799801886251e-01
1.5339665646575347e+02,6.8513188647746244e+02,0.0000000000000000e+00,3.8332979421908675e-01
1.5467690457600514e+02,6.8846911519198659e+02,0.0000000000000000e+00,3.8392998824433278e-01
1.5595919695963806e+02,6.9180634390651085e+02,0.0000000000000000e+00,3.8451936348914728e-01
1.5724310001562347e+02,6.9514357262103510e+02,0.0000000000000000e+00,3.8487558288600354e-01
1.5852780402655816e+02,6.9848080133555925e+02,0.0000000000000000e+00,3.8502686513390927e-01
1.5981293430146940e+02,7.0181803005008351e+02,0.0000000000000000e+00,3.8515459530466956e-01
1.6109843952031900e+02,7.0515525876460765e+02,0.0000000000000000e+00,3.8525880019084724e-01
1.6238468019732514e+02,7.0849248747913191e+02,0.0000000000000000e+00,3.8565043884796069e-01
1.6367286316924069e+02,7.1182971619365605e+02,0.0000000000000000e+00,3.8638888845664354e-01
1.6496368977854712e+02,7.1516694490818031e+02,0.0000000000000000e+00,3.8719456047141421e-01
1.6625715404172064e+02,7.1850417362270446e+02,0.0000000000000000e+00,3.8798980565384511e-01
1.6755331128406073e+02,7.2184140233722871e+02,0.0000000000000000e+00,3.8878512766292062e-01
1.6885201635736630e+02,7.2517863105175297e+02,0.0000000000000000e+00,3.8952155515695353e-01
1.7015318525913096e+02,7.2851585976627712e+02,0.0000000000000000e+00,3.9027639392295299e-01
1.7145694617633563e+02,7.3185308848080138e+02,0.0000000000000000e+00,3.9107072626372030e-01
1.7276337059072318e+02,7.3519031719532552e+02,0.0000000000000000e+00,3.9186853892238105e-01
1.7407245356839073e+02,7.3852754590984978e+02,0.0000000000000000e+00,3.9266411958190162e-01
1.7538419276482523e+02,7.4186477462437392e+02,0.0000000000000000e+00,3.9346252398581782e-01
1.7669861246307497e+02,7.4520200333889818e+02,0.0000000000000000e+00,3.9426952025158357e-01
1.7801572969235727e+02,7.4853923205342232e+02,0.0000000000000000e+00,3.9507823284808552e-01
1.7933554347120608e+02,7.5187646076794658e+02,0.0000000000000000e+00,3.9588541626172713e-01
1.8065804978982106e+02,7.5521368948247084e+02,0.0000000000000000e+00,3.9669232590811987e-01
1.8198325226995030e+02,7.5855091819699499e+02,0.0000000000000000e+00,3.9750129934602541e-01
1.8331115493716680e+02,7.6188814691151924e+02,0.0000000000000000e+00,3.9831011505111036e-01
1.8464175442901907e+02,7.6522537562604339e+02,0.0000000000000000e+00,3.9911739062409168e-01
1.8597504515350741e+02,7.6856260434056765e+02,0.0000000000000000e+00,3.9992312600285373e-01
1.8731102356043954e+02,7.7189983305509179e+02,0.0000000000000000e+00,4.0072817498033686e-01
1.8864968694416632e+02,7.7523706176961605e+02,0.0000000000000000e+00,4.0153198551733738e-01
1.8999102915938732e+02,7.7857429048414019e+02,0.0000000000000000e+00,4.0233352326457350e-01
1.9133504220570478e+02,7.8191151919866445e+02,0.0000000000000000e+00,4.0313264190839249e-01
1.9268171880852134e+02,7.8524874791318859e+02,0.0000000000000000e+00,4.0392987960324689e-01
1.9403105270047263e+02,7.8858597662771285e+02,0.0000000000000000e+00,4.0472506003170139e-01
1.9538303607283814e+02,7.9192320534223711e+02,0.0000000000000000e+00,4.0551764326275475e-01
1.9673765983673127e+02,7.9526043405676126e+02,0.0000000000000000e+00,4.0630744909280736e-01
1.9809491490978729e+02,7.9859766277128551e+02,0.0000000000000000e+00,4.0709463186976791e-01
1.9945479283087155e+02,8.0193489148580966e+02,0.0000000000000000e+00,4.0787926905672123e-01
2.0081728451597502e+02,8.0527212020033392e+02,0.0000000000000000e+00,4.0866101578416192e-01
2.0218237997222113e+02,8.0860934891485806e+02,0.0000000000000000e+00,4.0943969694784244e-01
2.0355006899741409e+02,8.1194657762938232e+02,0.0000000000000000e+00,4.1021536731841479e-01
2.0492034181711230e+02,8.1528380634390646e+02,0.0000000000000000e+00,4.1098817719307590e-01
2.0629318859699845e+02,8.1862103505843072e+02,0.0000000000000000e+00,4.1175787108571171e-01
2.0766859843419849e+02,8.2195826377295498e+02,0.0000000000000000e+00,4.1252419769271853e-01
2.0904656008190764e+02,8.2529549248747912e+02,0.0000000000000000e+00,4.1328720353742199e-01
2.1042706287404832e+02,8.2863272120200338e+02,0.0000000000000000e+00,4.1404711304652153e-01
2.1181009635295644e+02,8.3196994991652753e+02,0.0000000000000000e+00,4.1480383965959788e-01
2.1319564995240785e+02,8.3530717863105178e+02,0.0000000000000000e+00,4.1555742599699386e-01
2.1458371319564111e+02,8.3864440734557593e+02,0.0000000000000000e+00,4.1630785313419949e-01
2.1597427539820131e+02,8.4198163606010019e+02,0.0000000000000000e+00,4.1705504748763644e-01
2.1736732573861985e+02,8.4531886477462433e+02,0.0000000000000000e+00,4.1779898989004494e-01
2.1876285322828369e+02,8.4865609348914859e+02,0.0000000000000000e+00,4.1853957036514089e-01
2.2016084643653085e+02,8.5199332220367273e+02,0.0000000000000000e+00,4.1927669478367591e-01
2.2156129395705298e+02,8.5533055091819699e+02,0.0000000000000000e+00,4.2001046504059047e-01
2.2296418476298120e+02,8.5866777963272125e+02,0.0000000000000000e+00,4.2074095634450259e-01
2.2436950784748731e+02,8.6200500834724539e+02,0.0000000000000000e+00,4.2146811808540008e-01
2.2577725205736419e+02,8.6534223706176965e+02,0.0000000000000000e+00,4.2219193693154011e-01
2.2718740623872304e+02,8.6867946577629380e+02,0.0000000000000000e+00,4.2291241469513352e-01
2.2859995927258097e+02,8.7201669449081805e+02,0.0000000000000000e+00,4.2362957287528502e-01
2.3001490010879610e+02,8.7535392320534220e+02,0.0000000000000000e+00,4.2434341492457861e-01
2.3143221756053109e+02,8.7869115191986646e+02,0.0000000000000000e+00,4.2505387091010505e-01
2.3285190030089530e+02,8.8202838063439060e+02,0.0000000000000000e+00,4.2576093801801562e-01
2.3427393711486016e+02,8.8536560934891486e+02,0.0000000000000000e+00,4.2646468302513085e-01
2.3569831703719896e+02,8.8870283806343912e+02,0.0000000000000000e+00,4.2716515538144506e-01
2.3712502907149482e+02,8.9204006677796326e+02,0.0000000000000000e+00,4.2786231172659939e-01
2.3855406211822245e+02,8.9537729549248752e+02,0.0000000000000000e+00,4.2855613851658347e-01
2.3998540512210269e+02,8.9871452420701166e+02,0.0000000000000000e+00,4.2924668142575229e-01
2.4141904716611316e+02,9.0205175292153592e+02,0.0000000000000000e+00,4.2993394263682205e-01
2.4285497732415357e+02,9.0538898163606007e+02,0.0000000000000000e+00,4.3061796749418590e-01
2.4429318499114015e+02,9.0872621035058432e+02,0.0000000000000000e+00,4.3129886840252141e-01
2.4573365979384761e+02,9.1206343906510847e+02,0.0000000000000000e+00,4.3197665119180328e-01
2.4717639115076392e+02,9.1540066777963273e+02,0.0000000000000000e+00,4.3265120530512036e-01
2.4862136832040784e+02,9.1873789649415698e+02,0.0000000000000000e+00,4.3332257249947759e-01
2.5006858052488474e+02,9.2207512520868113e+02,0.0000000000000000e+00,4.3399063537280824e-01
2.5151801658473045e+02,9.2541235392320539e+02,0.0000000000000000e+00,4.3465533172509652e-01
2.5296966539768246e+02,9.2874958263772953e+02,0.0000000000000000e+00,4.3531676481258330e-01
2.5442351635664579e+02,9.3208681135225379e+02,0.0000000000000000e+00,4.3597508390122641e-01
2.5587955901057060e+02,9.3542404006677793e+02,0.0000000000000000e+00,4.3663024108030868e-01
2.5733778279837543e+02,9.3876126878130219e+02,0.0000000000000000e+00,4.3728223909270980e-01
2.5879817720919152e+02,9.4209849749582634e+02,0.0000000000000000e+00,4.3793110338397412e-01
2.6026073186243661e+02,9.4543572621035059e+02,0.0000000000000000e+00,4.3857686587310241e-01
2.6172543635840731e+02,9.4877295492487474e+02,0.0000000000000000e+00,4.3921951934233050e-01
2.6319228052235025e+02,9.5211018363939900e+02,0.0000000000000000e+00,4.3985918968937199e-01
2.6466125457021860e+02,9.5544741235392326e+02,0.0000000000000000e+00,4.4049595743898351e-01
2.6613234874254005e+02,9.5878464106844740e+02,0.0000000000000000e+00,4.4112975377051100e-01
2.6760555295209713e+02,9.6212186978297166e+02,0.0000000000000000e+00,4.4176051908766567e-01
2.6908085717725714e+02,9.6545909849749580e+02,0.0000000000000000e+00,4.4238827235461997e-01
2.7055825118862856e+02,9.6879632721202006e+02,0.0000000000000000e+00,4.4301291954730004e-01
2.7203772461438848e+02,9.7213355592654420e+02,0.0000000000000000e+00,4.4363448099487357e-01
2.7351926733327696e+02,9.7547078464106846e+02,0.0000000000000000e+00,4.4425306518685659e-01
2.7500286950534525e+02,9.7880801335559261e+02,0.0000000000000000e+00,4.4486870085071928e-01
2.7648852130753426e+02,9.8214524207011686e+02,0.0000000000000000e+00,4.4548142982516481e-01
2.7797621319357074e+02,9.8548247078464112e+02,0.0000000000000000e+00,4.4609132572286114e-01
2.7946593566301675e+02,9.8881969949916527e+02,0.0000000000000000e+00,4.4669834192467306e-01
2.8095767905900624e+02,9.9215692821368953e+02,0.0000000000000000e+00,4.4730247703645887e-01
2.8245143378773980e+02,9.9549415692821367e+02,0.0000000000000000e+00,4.4790372270854562e-01
2.8394719006428431e+02,9.9883138564273793e+02,0.0000000000000000e+00,4.4850198654870610e-01
2.8544493787945794e+02,1.0021686143572621e+03,0.0000000000000000e+00,4.4909726182115151e-01
2.8694466747895319e+02,1.0055058430717863e+03,0.0000000000000000e+00,4.4968970037953682e-01
2.8844636952658271e+02,1.0088430717863105e+03,0.0000000000000000e+00,4.5027934346583720e-01
2.8995003471805808e+02,1.0121803005008347e+03,0.0000000000000000e+00,4.5086622322733660e-01
2.9145565393418804e+02,1.0155175292153589e+03,0.0000000000000000e+00,4.5145039764332751e-01
2.9296321818878425e+02,1.0188547579298831e+03,0.0000000000000000e+00,4.5203188213727685e-01
2.9447271841738512e+02,1.0221919866444074e+03,0.0000000000000000e+00,4.5261061430392147e-01
2.9598414542570322e+02,1.0255292153589317e+03,0.0000000000000000e+00,4.5318661361103807e-01
2.9749749029846947e+02,1.0288664440734558e+03,0.0000000000000000e+00,4.5376001372160601e-01
2.9901274450120587e+02,1.0322036727879799e+03,0.0000000000000000e+00,4.5433087364550317e-01
3.0052989943378628e+02,1.0355409015025041e+03,0.0000000000000000e+00,4.5489910235743025e-01
3.0204894625481899e+02,1.0388781302170285e+03,0.0000000000000000e+00,4.5546468516008076e-01
3.0356987612240761e+02,1.0422153589315526e+03,0.0000000000000000e+00,4.5602760246387675e-01
3.0509267997791653e+02,1.0455525876460767e+03,0.0000000000000000e+00,4.5658774814359049e-01
3.0661734852439378e+02,1.0488898163606009e+03,0.0000000000000000e+00,4.5714512357686488e-01
3.0814387275458796e+02,1.0522270450751253e+03,0.0000000000000000e+00,4.5769988629874092e-01
3.0967224408478700e+02,1.0555642737896494e+03,0.0000000000000000e+00,4.5825208892514979e-01
3.1120245392807260e+02,1.0589015025041735e+03,0.0000000000000000e+00,4.5880170131415809e-01
3.1273449363377870e+02,1.0622387312186979e+03,0.0000000000000000e+00,4.5934872928049231e-01
3.1426835463950022e+02,1.0655759599332221e+03,0.0000000000000000e+00,4.5989321194176114e-01
3.1580402847418998e+02,1.0689131886477462e+03,0.0000000000000000e+00,4.6043515583329508e-01
3.1734150665739247e+02,1.0722504173622704e+03,0.0000000000000000e+00,4.6097456372464762e-01
3.1888078095343110e+02,1.0755876460767947e+03,0.0000000000000000e+00,4.6151159860779956e-01
3.2042184363761004e+02,1.0789248747913189e+03,0.0000000000000000e+00,4.6204634475688522e-01
3.2196468692176728e+02,1.0822621035058430e+03,0.0000000000000000e+00,4.6257868682590697e-01
3.2350930269470433e+02,1.0855993322203674e+03,0.0000000000000000e+00,4.6310860181294800e-01
3.2505568285052061e+02,1.0889365609348915e+03,0.0000000000000000e+00,4.6363607081140401e-01
3.2660381899678663e+02,1.0922737896494157e+03,0.0000000000000000e+00,4.6416093501251510e-01
3.2815370232147859e+02,1.0956110183639398e+03,0.0000000000000000e+00,4.6468316679847987e-01
3.2970532435160970e+02,1.0989482470784642e+03,0.0000000000000000e+00,4.6520298620104938e-01
3.3125867719518556e+02,1.1022854757929883e+03,0.0000000000000000e+00,4.6572042832124794e-01
3.3281375296076851e+02,1.1056227045075125e+03,0.0000000000000000e+00,4.6623555815952500e-01
3.3437054416115751e+02,1.1089599332220366e+03,0.0000000000000000e+00,4.6674850665100109e-01
3.3592904357678384e+02,1.1122971619365610e+03,0.0000000000000000e+00,4.6725928014134865e-01
3.3748924375110857e+02,1.1156343906510851e+03,0.0000000000000000e+00,4.6776773960216644e-01
3.3905113685650525e+02,1.1189716193656093e+03,0.0000000000000000e+00,4.6827387142664634e-01
3.4061471524226448e+02,1.1223088480801337e+03,0.0000000000000000e+00,4.6877772963647146e-01
3.4217997134065922e+02,1.1256460767946578e+03,0.0000000000000000e+00,4.6927932589767352e-01
3.4374689760247406e+02,1.1289833055091819e+03,0.0000000000000000e+00,4.6977865440355515e-01
3.4531548648154381e+02,1.1323205342237061e+03,0.0000000000000000e+00,4.7027574593514032e-01
3.4688573057598160e+02,1.1356577629382305e+03,0.0000000000000000e+00,4.7077061347403060e-01
3.4845762233342413e+02,1.1389949916527546e+03,0.0000000000000000e+00,4.7126317036310184e-01
3.5003115391144502e+02,1.1423322203672788e+03,0.0000000000000000e+00,4.7175336167106252e-01
3.5160631751934727e+02,1.1456694490818029e+03,0.0000000000000000e+00,4.7224127543854877e-01
3.5318310578912474e+02,1.1490066777963273e+03,0.0000000000000000e+00,4.7272701881357193e-01
3.5476151146701227e+02,1.1523439065108514e+03,0.0000000000000000e+00,4.7321059446171887e-01
3.5634152739776272e+02,1.1556811352253756e+03,0.0000000000000000e+00,4.7369205321885488e-01
3.5792314660717693e+02,1.1590183639398999e+03,0.0000000000000000e+00,4.7417143960784358e-01
3.5950636216360073e+02,1.1623555926544241e+03,0.0000000000000000e+00,4.7464873324891244e-01
3.6109116698612166e+02,1.1656928213689482e+03,0.0000000000000000e+00,4.7512388800856797e-01
3.6267755398847265e+02,1.1690300500834724e+03,0.0000000000000000e+00,4.7559694578011147e-01
3.6426551631024790e+02,1.1723672787979967e+03,0.0000000000000000e+00,4.7606798401027106e-01
3.6585504725854844e+02,1.1757045075125209e+03,0.0000000000000000e+00,4.7653701928805958e-01
3.6744614008353079e+02,1.1790417362270450e+03,0.0000000000000000e+00,4.7700401233373668e-01
3.6903878795613070e+02,1.1823789649415694e+03,0.0000000000000000e+00,4.7746895982888304e-01
3.7063298406247787e+02,1.1857161936560935e+03,0.0000000000000000e+00,4.7793186442460467e-01
3.7222872149845711e+02,1.1890534223706177e+03,0.0000000000000000e+00,4.7839267110492756e-01
3.7382599325044310e+02,1.1923906510851418e+03,0.0000000000000000e+00,4.7885138606855548e-01
3.7542479246048947e+02,1.1957278797996662e+03,0.0000000000000000e+00,4.7930808986593831e-01
3.7702511249636325e+02,1.1990651085141903e+03,0.0000000000000000e+00,4.7976281862842995e-01
3.7862694676803392e+02,1.2024023372287145e+03,0.0000000000000000e+00,4.8021556955887945e-01
3.8023028868735292e+02,1.2057395659432386e+03,0.0000000000000000e+00,4.8066635514960865e-01
3.8183513173118877e+02,1.2090767946577630e+03,0.0000000000000000e+00,4.8111519620404408e-01
3.8344146941647125e+02,1.2124140233722871e+03,0.0000000000000000e+00,4.8156209037082931e-01
3.8504929520867012e+02,1.2157512520868113e+03,0.0000000000000000e+00,4.8200701262817347e-01
3.8665860259786626e+02,1.2190884808013357e+03,0.0000000000000000e+00,4.8245004471047537e-01
3.8826938553062951e+02,1.2224257095158598e+03,0.0000000000000000e+00,4.8289131364030879e-01
3.8988163812554370e+02,1.2257629382303840e+03,0.0000000000000000e+00,4.8333078726074064e-01
3.9149535420349457e+02,1.2291001669449081e+03,0.0000000000000000e+00,4.8376838620640683e-01
3.9311052757392395e+02,1.2324373956594325e+03,0.0000000000000000e+00,4.8420413830820053e-01
3.9472715196338970e+02,1.2357746243739566e+03,0.0000000000000000e+00,4.8463793289553792e-01
3.9634522034533302e+02,1.2391118530884808e+03,0.0000000000000000e+00,4.8506951188203118e-01
3.9796472535820737e+02,1.2424490818030049e+03,0.0000000000000000e+00,4.8549895355318995e-01
3.9958566046437210e+02,1.2457863105175293e+03,0.0000000000000000e+00,4.8592658063567740e-01
4.0120801950852859e+02,1.2491235392320534e+03,0.0000000000000000e+00,4.8635232433584008e-01
4.0283179650373563e+02,1.2524607679465776e+03,0.0000000000000000e+00,4.8677640351331775e-01
4.0445698636925448e+02,1.2557979966611019e+03,0.0000000000000000e+00,4.8719908705642467e-01
4.0608358446178221e+02,1.2591352253756261e+03,0.0000000000000000e+00,4.8762032408629352e-01
4.0771158541895915e+02,1.2624724540901502e+03,0.0000000000000000e+00,4.8803975989352466e-01
4.0934098312700962e+02,1.2658096828046744e+03,0.0000000000000000e+00,4.8845743722336010e-01
4.1097177173980140e+02,1.2691469115191987e+03,0.0000000000000000e+00,4.8887328387677087e-01
4.1260394484603029e+02,1.2724841402337229e+03,0.0000000000000000e+00,4.8928715194465155e-01
4.1423749585532818e+02,1.2758213689482470e+03,0.0000000000000000e+00,4.8969908924945571e-01
4.1587241861726488e+02,1.2791585976627714e+03,0.0000000000000000e+00,4.9010928065915493e-01
4.1750870755319090e+02,1.2824958263772955e+03,0.0000000000000000e+00,4.9051781564375574e-01
4.1914635695712894e+02,1.2858330550918197e+03,0.0000000000000000e+00,4.9092461276006816e-01
4.2078536108253297e+02,1.2891702838063438e+03,0.0000000000000000e+00,4.9132970198336068e-01
4.2242571425050585e+02,1.2925075125208682e+03,0.0000000000000000e+00,4.9173309842831259e-01
4.2406741086199543e+02,1.2958447412353923e+03,0.0000000000000000e+00,4.9213482096661210e-01
4.2571044522090847e+02,1.2991819699499165e+03,0.0000000000000000e+00,4.9253481403368937e-01
4.2735481174042940e+02,1.3025191986644406e+03,0.0000000000000000e+00,4.9293320839352361e-01
4.2900050530151492e+02,1.3058564273789650e+03,0.0000000000000000e+00,4.9333012295750223e-01
4.3064752098187819e+02,1.3091936560934892e+03,0.0000000000000000e+00,4.9372554387176137e-01
4.3229585359864063e+02,1.3125308848080133e+03,0.0000000000000000e+00,4.9411933513046336e-01
4.3394549771334931e+02,1.3158681135225377e+03,0.0000000000000000e+00,4.9451155724065643e-01
4.3559644807301379e+02,1.3192053422370618e+03,0.0000000000000000e+00,4.9490210859327988e-01
4.3724869868132754e+02,1.3225425709515860e+03,0.0000000000000000e+00,4.9529078095531531e-01
4.3890224324779228e+02,1.3258797996661101e+03,0.0000000000000000e+00,4.9567761801326071e-01
4.4055707601870267e+02,1.3292170283806345e+03,0.0000000000000000e+00,4.9606282354031350e-01
4.4221319172530718e+02,1.3325542570951586e+03,0.0000000000000000e+00,4.9644647276193155e-01
4.4387058511490045e+02,1.3358914858096828e+03,0.0000000000000000e+00,4.9682858448058198e-01
4.4552925167437735e+02,1.3392287145242069e+03,0.0000000000000000e+00,4.9720951493000598e-01
4.4718918758732951e+02,1.3425659432387313e+03,0.0000000000000000e+00,4.9758928326083662e-01
4.4885038847149912e+02,1.3459031719532554e+03,0.0000000000000000e+00,4.9796756440251499e-01
4.5051284917874477e+02,1.3492404006677796e+03,0.0000000000000000e+00,4.9834429803095759e-01
4.5217656452850053e+02,1.3525776293823039e+03,0.0000000000000000e+00,4.9871946403278855e-01
4.5384152908054790e+02,1.3559148580968281e+03,0.0000000000000000e+00,4.9909290571105203e-01
4.5550773689730920e+02,1.3592520868113522e+03,0.0000000000000000e+00,4.9946456385328020e-01
4.5717518224581670e+02,1.3625893155258764e+03,0.0000000000000000e+00,4.9983461257859574e-01
4.5884386015422768e+02,1.3659265442404007e+03,0.0000000000000000e+00,5.0020323184558890e-01
4.6051376578142333e+02,1.3692637729549249e+03,0.0000000000000000e+00,5.0057036771909225e-01
4.6218489401767266e+02,1.3726010016694490e+03,0.0000000000000000e+00,5.0093593753970822e-01
4.6385723963310636e+02,1.3759382303839732e+03,0.0000000000000000e+00,5.0129995024786922e-01
4.6553079754168311e+02,1.3792754590984975e+03,0.0000000000000000e+00,5.0166247293769572e-01
4.6720556283027923e+02,1.3826126878130217e+03,0.0000000000000000e+00,5.0202353529117261e-01
4.6888153063350177e+02,1.3859499165275458e+03,0.0000000000000000e+00,5.0238314288014863e-01
4.7055869630334757e+02,1.3892871452420702e+03,0.0000000000000000e+00,5.0274145237844436e-01
4.7223705571107354e+02,1.3926243739565944e+03,0.0000000000000000e+00,5.0309855281892624e-01
4.7391660475216264e+02,1.3959616026711185e+03,0.0000000000000000e+00,5.0345437109045577e-01
4.7559733891002008e+02,1.3992988313856426e+03,0.0000000000000000e+00,5.0380877362418630e-01
4.7727925334413419e+02,1.4026360601001670e+03,0.0000000000000000e+00,5.0416173150415489e-01
4.7896234344082654e+02,1.4059732888146912e+03,0.0000000000000000e+00,5.0451335395342767e-01
4.8064660478273925e+02,1.4093105175292153e+03,0.0000000000000000e+00,5.0486365769415897e-01
4.8233203294702577e+02,1.4126477462437397e+03,0.0000000000000000e+00,5.0521262382164878e-01
4.8401862337475620e+02,1.4159849749582638e+03,0.0000000000000000e+00,5.0556020129934609e-01
4.8570637160376725e+02,1.4193222036727880e+03,0.0000000000000000e+00,5.0590651308158385e-01
4.8739527317860404e+02,1.4226594323873121e+03,0.0000000000000000e+00,5.0625133922073928e-01
4.8908532273075861e+02,1.4259966611018365e+03,0.0000000000000000e+00,5.0659447486043518e-01
4.9077651461198371e+02,1.4293338898163606e+03,0.0000000000000000e+00,5.0693597655927647e-01
4.9246884374418784e+02,1.4326711185308848e+03,0.0000000000000000e+00,5.0727607231692673e-01
4.9416230576023690e+02,1.4360083472454089e+03,0.0000000000000000e+00,5.0761489203560473e-01
4.9585689621821712e+02,1.4393455759599333e+03,0.0000000000000000e+00,5.0795238823627642e-01
4.9755261125909556e+02,1.4426828046744574e+03,0.0000000000000000e+00,5.0828888329476740e-01
4.9924944768479770e+02,1.4460200333889816e+03,0.0000000000000000e+00,5.0862442264019592e-01
5.0094740198029706e+02,1.4493572621035059e+03,0.0000000000000000e+00,5.0895878174529230e-01
5.0264646989313189e+02,1.4526944908180301e+03,0.0000000000000000e+00,5.0929179142329417e-01
5.0434664692593594e+02,1.4560317195325542e+03,0.0000000000000000e+00,5.0962350419973745e-01
5.0604792887149961e+02,1.4593689482470784e+03,0.0000000000000000e+00,5.0995395272042288e-01
5.0775031142596447e+02,1.4627061769616028e+03,0.0000000000000000e+00,5.1028309983686881e-01
5.0945379026057446e+02,1.4660434056761269e+03,0.0000000000000000e+00,5.1061095637598441e-01
5.1115836111469969e+02,1.4693806343906510e+03,0.0000000000000000e+00,5.1093755996652135e-01
5.1286401995213771e+02,1.4727178631051752e+03,0.0000000000000000e+00,5.1126297271315480e-01
5.1457076250388604e+02,1.4760550918196996e+03,0.0000000000000000e+00,5.1158700092969411e-01
5.1627858395663691e+02,1.4793923205342237e+03,0.0000000000000000e+00,5.1190954957866097e-01
5.1798747943518754e+02,1.4827295492487478e+03,0.0000000000000000e+00,5.1223068388787851e-01
5.1969744447590563e+02,1.4860667779632722e+03,0.0000000000000000e+00,5.1255057730790554e-01
5.2140847513156370e+02,1.4894040066777964e+03,0.0000000000000000e+00,5.1286928699448708e-01
5.2312056734074599e+02,1.4927412353923205e+03,0.0000000000000000e+00,5.1318678564499010e-01
5.2483371724647554e+02,1.4960784641068446e+03,0.0000000000000000e+00,5.1350316923475248e-01
5.2654792116132228e+02,1.4994156928213690e+03,0.0000000000000000e+00,5.1381845198989140e-01
5.2826317538189278e+02,1.5027529215358932e+03,0.0000000000000000e+00,5.1413260530182470e-01
5.2997947591089167e+02,1.5060901502504173e+03,0.0000000000000000e+00,5.1444548559777559e-01
5.3169681860373339e+02,1.5094273789649417e+03,0.0000000000000000e+00,5.1475720810910275e-01
5.3341519991420887e+02,1.5127646076794658e+03,0.0000000000000000e+00,5.1506796315294423e-01
5.3513461680370506e+02,1.5161018363939900e+03,0.0000000000000000e+00,5.1537782437048918e-01
5.3685506615346071e+02,1.5194390651085141e+03,0.0000000000000000e+00,5.1568666617194481e-01
5.3857654415361162e+02,1.5227762938230385e+03,0.0000000000000000e+00,5.1599432072200102e-01
5.4029904716110389e+02,1.5261135225375626e+03,0.0000000000000000e+00,5.1630093060256854e-01
5.4202257119808621e+02,1.5294507512520868e+03,0.0000000000000000e+00,5.1660617687429067e-01
5.4374711132498430e+02,1.5327879799666109e+03,0.0000000000000000e+00,5.1690985074660034e-01
5.4547266237763665e+02,1.5361252086811353e+03,0.0000000000000000e+00,5.1721205946017790e-01
5.4719921992125524e+02,1.5394624373956594e+03,0.0000000000000000e+00,5.1751311115563681e-01
5.4892678042319778e+02,1.5427996661101836e+03,0.0000000000000000e+00,5.1781308735252196e-01
5.5065534005024756e+02,1.5461368948247080e+03,0.0000000000000000e+00,5.1811194604468369e-01
5.5238489565857549e+02,1.5494741235392321e+03,0.0000000000000000e+00,5.1840999699336976e-01
5.5411544466566386e+02,1.5528113522537562e+03,0.0000000000000000e+00,5.1870727401657746e-01
5.5584698416111087e+02,1.5561485809682804e+03,0.0000000000000000e+00,5.1900356279770676e-01
5.5757951055941760e+02,1.5594858096828048e+03,0.0000000000000000e+00,5.1929870345466611e-01
5.5931302003279779e+02,1.5628230383973289e+03,0.0000000000000000e+00,5.1959274263111865e-01
5.6104750896667542e+02,1.5661602671118530e+03,0.0000000000000000e+00,5.1988567052143253e-01
5.6278297349512093e+02,1.5694974958263772e+03,0.0000000000000000e+00,5.2017741882190194e-01
5.6451940972239686e+02,1.5728347245409016e+03,0.0000000000000000e+00,5.2046802277564552e-01
5.6625681398088432e+02,1.5761719532554257e+03,0.0000000000000000e+00,5.2075756840309850e-01
5.6799518281243263e+02,1.5795091819699499e+03,0.0000000000000000e+00,5.2104609048359407e-01
5.6973451270334226e+02,1.5828464106844742e+03,0.0000000000000000e+00,5.2133351727775334e-01
5.7147479992057549e+02,1.5861836393989984e+03,0.0000000000000000e+00,5.2161981306798566e-01
5.7321604069449791e+02,1.5895208681135225e+03,0.0000000000000000e+00,5.2190498941632768e-01
5.7495823136021954e+02,1.5928580968280467e+03,0.0000000000000000e+00,5.2218909784306788e-01
5.7670136847564754e+02,1.5961953255425710e+03,0.0000000000000000e+00,5.2247219417574797e-01
5.7844544863160877e+02,1.5995325542570952e+03,0.0000000000000000e+00,5.2275426208782960e-01
5.8019046841554405e+02,1.6028697829716193e+03,0.0000000000000000e+00,5.2303531488553290e-01
5.8193642445640239e+02,1.6062070116861435e+03,0.0000000000000000e+00,5.2331536209015894e-01
5.8368331343302521e+02,1.6095442404006678e+03,0.0000000000000000e+00,5.2359442853418159e-01
5.8543113205299801e+02,1.6128814691151920e+03,0.0000000000000000e+00,5.2387248158359512e-01
5.8717987685971320e+02,1.6162186978297161e+03,0.0000000000000000e+00,5.2414950702183205e-01
5.8892954457988731e+02,1.6195559265442405e+03,0.0000000000000000e+00,5.2442560516269054e-01
5.9068013235367766e+02,1.6228931552587646e+03,0.0000000000000000e+00,5.2470090244290191e-01
5.9243163752543614e+02,1.6262303839732888e+03,0.0000000000000000e+00,5.2497539277430860e-01
5.9418405717061432e+02,1.6295676126878129e+03,0.0000000000000000e+00,5.2524891722057987e-01
5.9593738800528445e+02,1.6329048414023373e+03,0.0000000000000000e+00,5.2552148577814251e-01
5.9769162687276025e+02,1.6362420701168614e+03,0.0000000000000000e+00,5.2579307719713597e-01
5.9944677030845332e+02,1.6395792988313856e+03,0.0000000000000000e+00,5.2606357513181479e-01
6.0120281450404286e+02,1.6429165275459100e+03,0.0000000000000000e+00,5.2633290727496274e-01
6.0295975566711695e+02,1.6462537562604341e+03,0.0000000000000000e+00,5.2660114595224172e-01
6.0471759043492557e+02,1.6495909849749582e+03,0.0000000000000000e+00,5.2686846718049196e-01
6.0647631576326762e+02,1.6529282136894824e+03,0.0000000000000000e+00,5.2713484356007712e-01
6.0823592846166980e+02,1.6562654424040068e+03,0.0000000000000000e+00,5.2740027857703353e-01
6.0999642546521932e+02,1.6596026711185309e+03,0.0000000000000000e+00,5.2766481096691109e-01
6.1175780378886770e+02,1.6629398998330551e+03,0.0000000000000000e+00,5.2792845158558066e-01
6.1352006043134998e+02,1.6662771285475792e+03,0.0000000000000000e+00,5.2819118155440492e-01
6.1528319227521047e+02,1.6696143572621036e+03,0.0000000000000000e+00,5.2845295616626231e-01
6.1704719617299543e+02,1.6729515859766277e+03,0.0000000000000000e+00,5.2871381174648491e-01
6.1881206913949120e+02,1.6762888146911519e+03,0.0000000000000000e+00,5.2897379799952660e-01
6.2057780832852086e+02,1.6796260434056762e+03,0.0000000000000000e+00,5.2923293906576419e-01
6.2234441090892699e+02,1.6829632721202004e+03,0.0000000000000000e+00,5.2949121916378772e-01
6.2411187391952876e+02,1.6863005008347245e+03,0.0000000000000000e+00,5.2974859359625270e-01
6.2588019434507896e+02,1.6896377295492487e+03,0.0000000000000000e+00,5.3000506832012206e-01
6.2764936918183753e+02,1.6929749582637730e+03,0.0000000000000000e+00,5.3026064119498528e-01
6.2941939540088481e+02,1.6963121869782972e+03,0.0000000000000000e+00,5.3051529812717035e-01
6.3119026992986869e+02,1.6996494156928213e+03,0.0000000000000000e+00,5.3076903395759700e-01
6.3296198971556976e+02,1.7029866444073455e+03,0.0000000000000000e+00,5.3102186855204536e-01
6.3473455183342537e+02,1.7063238731218698e+03,0.0000000000000000e+00,5.3127384891868701e-01
6.3650795348825466e+02,1.7096611018363940e+03,0.0000000000000000e+00,5.3152499748887294e-01
6.3828219173231935e+02,1.7129983305509181e+03,0.0000000000000000e+00,5.3177519671928053e-01
6.4005726328419416e+02,1.7163355592654425e+03,0.0000000000000000e+00,5.3202439402917889e-01
6.4183316485067417e+02,1.7196727879799666e+03,0.0000000000000000e+00,5.3227264951456732e-01
6.4360989346419160e+02,1.7230100166944908e+03,0.0000000000000000e+00,5.3252004098737871e-01
6.4538744622284707e+02,1.7263472454090149e+03,0.0000000000000000e+00,5.3276656045647997e-01
6.4716582024342051e+02,1.7296844741235393e+03,0.0000000000000000e+00,5.3301224221252141e-01
6.4894501315443642e+02,1.7330217028380634e+03,0.0000000000000000e+00,5.3325736572094229e-01
6.5072502320683361e+02,1.7363589315525876e+03,0.0000000000000000e+00,5.3350193582585348e-01
6.5250584848033066e+02,1.7396961602671120e+03,0.0000000000000000e+00,5.3374593854695718e-01
6.5428748681463867e+02,1.7430333889816361e+03,0.0000000000000000e+00,5.3398898630712210e-01
6.5606993340366103e+02,1.7463706176961603e+03,0.0000000000000000e+00,5.3423082146608181e-01
6.5785319127526009e+02,1.7497078464106844e+03,0.0000000000000000e+00,5.3447473602952300e-01
6.5963724525496025e+02,1.7530450751252088e+03,0.0000000000000000e+00,5.3470548154504627e-01
6.6142209988341722e+02,1.7563823038397329e+03,0.0000000000000000e+00,5.3496822301906377e-01
6.6320781466742824e+02,1.7597195325542571e+03,0.0000000000000000e+00,5.3517002067366093e-01
6.6499383656618033e+02,1.7630567612687812e+03,0.0000000000000000e+00,5.3518245855400437e-01
6.6677986283437656e+02,1.7663939899833056e+03,0.0000000000000000e+00,5.3518245855400437e-01
6.6856588910257256e+02,1.7697312186978297e+03,0.0000000000000000e+00,5.3518245855400437e-01
6.7035191537076867e+02,1.7730684474123539e+03,0.0000000000000000e+00,5.3518245855400437e-01
6.7213794163896478e+02,1.7764056761268782e+03,0.0000000000000000e+00,5.3518245855400437e-01
6.7392396790716089e+02,1.7797429048414024e+03,0.0000000000000000e+00,5.3518245855400437e-01
6.7570999417535688e+02,1.7830801335559265e+03,0.0000000000000000e+00,5.3518245855400437e-01
6.7749602044355299e+02,1.7864173622704507e+03,0.0000000000000000e+00,5.3518245855400437e-01
6.7928204671174910e+02,1.7897545909849750e+03,0.0000000000000000e+00,5.3518245855400437e-01
6.8106807297994521e+02,1.7930918196994992e+03,0.0000000000000000e+00,5.3518245855400437e-01
6.8285409924814121e+02,1.7964290484140233e+03,0.0000000000000000e+00,5.3518245855400437e-01
6.8464012551633732e+02,1.7997662771285475e+03,0.0000000000000000e+00,5.3518245855400437e-01
6.8642615178453343e+02,1.8031035058430718e+03,0.0000000000000000e+00,5.3518245855400437e-01
6.8821217805272954e+02,1.8064407345575960e+03,0.0000000000000000e+00,5.3518245855400437e-01
6.8999820432092554e+02,1.8097779632721201e+03,0.0000000000000000e+00,5.3518245855400437e-01
6.9178423058912176e+02,1.8131151919866445e+03,0.0000000000000000e+00,5.3518245855400437e-01
6.9357025685731776e+02,1.8164524207011686e+03,0.0000000000000000e+00,5.3518245855400437e-01
6.9535628312551387e+02,1.8197896494156928e+03,0.0000000000000000e+00,5.3518245855400437e-01
6.9714230939370987e+02,1.8231268781302169e+03,0.0000000000000000e+00,5.3518245855400437e-01
6.9892833566190609e+02,1.8264641068447413e+03,0.0000000000000000e+00,5.3518245855400437e-01
7.0071436193010209e+02,1.8298013355592655e+03,0.0000000000000000e+00,5.3518245855400437e-01
7.0250038819829820e+02,1.8331385642737896e+03,0.0000000000000000e+00,5.3518245855400437e-01
7.0428641446649431e+02,1.8364757929883140e+03,0.0000000000000000e+00,5.3518245855400437e-01
7.0607244073469042e+02,1.8398130217028381e+03,0.0000000000000000e+00,5.3518245855400437e-01
7.0785846700288641e+02,1.8431502504173623e+03,0.0000000000000000e+00,5.3518245855400437e-01
7.0964449327108252e+02,1.8464874791318864e+03,0.0000000000000000e+00,5.3518245855400437e-01
7.1143051953927863e+02,1.8498247078464108e+03,0.0000000000000000e+00,5.3518245855400437e-01
7.1321654580747474e+02,1.8531619365609349e+03,0.0000000000000000e+00,5.3518245855400437e-01
7.1500257207567074e+02,1.8564991652754591e+03,0.0000000000000000e+00,5.3518245855400437e-01
7.1678859834386685e+02,1.8598363939899832e+03,0.0000000000000000e+00,5.3518245855400437e-01
7.1857462461206296e+02,1.8631736227045076e+03,0.0000000000000000e+00,5.3518245855400437e-01
7.2036065088025907e+02,1.8665108514190317e+03,0.0000000000000000e+00,5.3518245855400437e-01
7.2214667714845507e+02,1.8698480801335559e+03,0.0000000000000000e+00,5.3518245855400437e-01
7.2393270341665129e+02,1.8731853088480802e+03,0.0000000000000000e+00,5.3518245855400437e-01
7.2571872968484729e+02,1.8765225375626044e+03,0.0000000000000000e+00,5.3518245855400437e-01
7.2750475595304340e+02,1.8798597662771285e+03,0.0000000000000000e+00,5.3518245855400437e-01
7.2929078222123940e+02,1.8831969949916527e+03,0.0000000000000000e+00,5.3518245855400437e-01
7.3107680848943562e+02,1.8865342237061770e+03,0.0000000000000000e+00,5.3518245855400437e-01
7.3286283475763162e+02,1.8898714524207012e+03,0.0000000000000000e+00,5.3518245855400437e-01
7.3464886102582773e+02,1.8932086811352253e+03,0.0000000000000000e+00,5.3518245855400437e-01
7.3643488729402372e+02,1.8965459098497495e+03,0.0000000000000000e+00,5.3518245855400437e-01
7.3822091356221995e+02,1.8998831385642738e+03,0.0000000000000000e+00,5.3518245855400437e-01
7.4000693983041594e+02,1.9032203672787980e+03,0.0000000000000000e+00,5.3518245855400437e-01
7.4179296609861206e+02,1.9065575959933221e+03,0.0000000000000000e+00,5.3518245855400437e-01
7.4357899236680828e+02,1.9098948247078465e+03,0.0000000000000000e+00,5.3518245855400437e-01
7.4536501863500428e+02,1.9132320534223707e+03,0.0000000000000000e+00,5.3518245855400437e-01
7.4715104490320027e+02,1.9165692821368948e+03,0.0000000000000000e+00,5.3518245855400437e-01
7.4893707117139638e+02,1.9199065108514189e+03,0.0000000000000000e+00,5.3518245855400437e-01
7.5072309743959249e+02,1.9232437395659433e+03,0.0000000000000000e+00,5.3518245855400437e-01
7.5250912370778860e+02,1.9265809682804675e+03,0.0000000000000000e+00,5.3518245855400437e-01
7.5429514997598460e+02,1.9299181969949916e+03,0.0000000000000000e+00,5.3518245855400437e-01
7.5608117624418071e+02,1.9332554257095157e+03,0.0000000000000000e+00,5.3518245855400437e-01
7.5786720251237682e+02,1.9365926544240401e+03,0.0000000000000000e+00,5.3518245855400437e-01
7.5965322878057293e+02,1.9399298831385643e+03,0.0000000000000000e+00,5.3518245855400437e-01
7.6143925504876893e+02,1.9432671118530884e+03,0.0000000000000000e+00,5.3518245855400437e-01
7.6322528131696515e+02,1.9466043405676128e+03,0.0000000000000000e+00,5.3518245855400437e-01
7.6501130758516115e+02,1.9499415692821369e+03,0.0000000000000000e+00,5.3518245855400437e-01
7.6679733385335726e+02,1.9532787979966611e+03,0.0000000000000000e+00,5.3518245855400437e-01
7.6858336012155326e+02,1.9566160267111852e+03,0.0000000000000000e+00,5.3518245855400437e-01
7.7036938638974948e+02,1.9599532554257096e+03,0.0000000000000000e+00,5.3518245855400437e-01
7.7215541265794548e+02,1.9632904841402337e+03,0.0000000000000000e+00,5.3518245855400437e-01
7.7394143892614159e+02,1.9666277128547579e+03,0.0000000000000000e+00,5.3518245855400437e-01
7.7572746519433770e+02,1.9699649415692822e+03,0.0000000000000000e+00,5.3518245855400437e-01
7.7751349146253381e+02,1.9733021702838064e+03,0.0000000000000000e+00,5.3518245855400437e-01
7.7929951773072980e+02,1.9766393989983305e+03,0.0000000000000000e+00,5.3518245855400437e-01
7.8108554399892591e+02,1.9799766277128547e+03,0.0000000000000000e+00,5.3518245855400437e-01
7.8287157026712202e+02,1.9833138564273791e+03,0.0000000000000000e+00,5.3518245855400437e-01
7.8465759653531813e+02,1.9866510851419032e+03,0.0000000000000000e+00,5.3518245855400437e-01
7.8644362280351413e+02,1.9899883138564273e+03,0.0000000000000000e+00,5.3518245855400437e-01
7.8822964907171024e+02,1.9933255425709515e+03,0.0000000000000000e+00,5.3518245855400437e-01
7.9001567533990635e+02,1.9966627712854759e+03,0.0000000000000000e+00,5.3518245855400437e-01
7.9180170160810246e+02,2.0000000000000000e+03,0.0000000000000000e+00,5.3518245855400437e-01
