4.4446177857228358e-01,4.6960829941190085e-01,3.9488600137616298e-01,4.4322281465125007e-01,4.0900780719822244e-01,6.2197993373086435e-01,4.6218667138521335e-01,5.5477493599608574e-01,5.2177935247065166e-01,5.6427996657462820e-01,6.6622039661295140e-01,4.7860351803180862e-01,6.3496008467168741e-01,5.6488866307218799e-01,3.4888756314021196e-01,5.3400179827921901e-01,5.8097611828421514e-01,5.7118895389214741e-01,5.4503796555943596e-01,5.6690266663611577e-01,5.4376325884406762e-01,5.3101275081486632e-01,6.1807703065139097e-01,5.2848825329847360e-01,5.6371623254600411e-01,5.3308113413193314e-01,5.2380706603237259e-01,5.3912677649665830e-01,5.7356039549762206e-01,5.3933256136785623e-01
7.3937175468067073e-01,5.8018541851760819e-01,5.2991042602401017e-01,5.0451147855546519e-01,3.5697389249120032e-01,4.4281228309438353e-01,6.0890576054416345e-01,6.1518991414753454e-01,5.1447251900299562e-01,6.7971210684179117e-01,6.8295209900851539e-01,3.5489449745756713e-01,3.5459315761808247e-01,4.1680238376117823e-01,5.3425191878154543e-01,5.2933022733527324e-01,6.3290860339507415e-01,5.6368890310630948e-01,5.3792325818077369e-01,5.5581009865184572e-01,5.4415621499259648e-01,5.5250111333220753e-01,5.6324598224104072e-01,5.6445084139588508e-01,5.4814115917080719e-01,5.4688191157829869e-01,5.7707805704956505e-01,5.2778512250924570e-01,5.3628251628105816e-01,5.4409639198845561e-01
5.2975627750650145e-01,5.1568625437043003e-01,3.8718108826136138e-01,5.8024577423717105e-01,6.3125113323817128e-01,4.1606546011456902e-01,5.8313317584882463e-01,6.9727244791817544e-01,4.1219652924204109e-01,4.5088310053378938e-01,6.7181142713701492e-01,6.7789275178414554e-01,6.3737190715903169e-01,4.4689953827884860e-01,5.4371544354334700e-01,5.6804380963288570e-01,5.4744793114583323e-01,5.1653530413260595e-01,6.1424739627668079e-01,5.2606050427090001e-01,5.1159088666624952e-01,5.5732497336724118e-01,5.2426038381167350e-01,5.3471096269128116e-01,5.9744314343537896e-01,5.3692542109229469e-01,5.6374166944333814e-01,5.3066900909710690e-01,5.7758786139046159e-01,5.4362502329048401e-01
4.9998985297726084e-01,6.2052474781826161e-01,3.7055498698862444e-01,4.1920305425695953e-01,5.0828287298742658e-01,7.2975419642082373e-01,5.7518492285006284e-01,4.2234086287973938e-01,4.3814019447783520e-01,5.4986199054413309e-01,6.0418085498050400e-01,2.8861647367330873e-01,4.8096046332315984e-01,6.0905288092083953e-01,6.2561164011998205e-01,5.7711335989312418e-01,5.5016955992877525e-01,5.6996463549574750e-01,5.8268143991662635e-01,5.9626016766900369e-01,5.1930938668584614e-01,5.7990084745809090e-01,5.6776465821429301e-01,5.2238259500007134e-01,5.4502211063788431e-01,5.8236416885451314e-01,5.0479651373430179e-01,5.7665188489839381e-01,5.2301254103355077e-01,5.5124902057980152e-01
4.2177520345708180e-01,5.3549513500769974e-01,5.5378758147824003e-01,4.2693869893350128e-01,6.1803060101698892e-01,4.5152374840710491e-01,6.7693401466034242e-01,4.0647654637367764e-01,5.0985672386627945e-01,6.2519340159342585e-01,5.1448191026648227e-01,4.2461036145241154e-01,6.1171281287254731e-01,5.5900166597510303e-01,5.6948848371406013e-01,5.4601602415309913e-01,5.1657755076279599e-01,5.6339108456124010e-01,6.2257795508592162e-01,5.7061920314138548e-01,5.5917707130958805e-01,5.2116302541574400e-01,5.3335820096853148e-01,5.5063189812458191e-01,5.2175489317076518e-01,5.4490290947017828e-01,5.2969230056730876e-01,5.0651818689436312e-01,5.1054489268033765e-01,5.6033750303129759e-01
5.6156585931791902e-01,6.1167816585475232e-01,3.2707557901786560e-01,6.4902540059781677e-01,4.5486082994724764e-01,4.8387217430546153e-01,4.8388307588257035e-01,4.1557888696681206e-01,4.5036952287987714e-01,5.0468125931297536e-01,4.3713476663278322e-01,5.4135715368867132e-01,6.2097158526156804e-01,5.3327125244865681e-01,5.7665632331834693e-01,5.9629178694134632e-01,5.7291428575788528e-01,5.5008016321819653e-01,5.2397140031290412e-01,5.2700661770954760e-01,5.1767054681538271e-01,5.7350345769437128e-01,5.4653530960316421e-01,5.4681992355246634e-01,5.7634428100337731e-01,5.4502643935805117e-01,5.4235971931183846e-01,5.6800341193898096e-01,5.4041995528987674e-01,5.4522290379803029e-01
6.2736239794830184e-01,5.9565961813728319e-01,3.4451452061837129e-01,5.0867731474837774e-01,4.3965245671448105e-01,4.1768592647439196e-01,5.9914466120520538e-01,3.3224307313156132e-01,3.6929866411681284e-01,6.1556885012143658e-01,3.3594548283475162e-01,5.5955751032768875e-01,4.3594412000947003e-01,5.3272007490898610e-01,5.4820464070531960e-01,5.5999831931400501e-01,5.5877075115672958e-01,5.4668195673384790e-01,5.4065103679351245e-01,5.3984360778122920e-01,5.6308084051373331e-01,5.1405179370312570e-01,5.5206324577966581e-01,5.6090759763664744e-01,5.1743673242748534e-01,5.4418205412260812e-01,5.2434977166570240e-01,5.1862019098006340e-01,5.4354709441676574e-01,5.5110761886256521e-01
6.0262419066641415e-01,5.3841371471039667e-01,6.1328902342034863e-01,6.1451709275740873e-01,5.8466937685873843e-01,4.5549117728503991e-01,5.6023234286473111e-01,4.4414920155679155e-01,4.6660226611865768e-01,4.4184337992718264e-01,4.0287735121894347e-01,5.0937315285624207e-01,4.0455953097639724e-01,3.9084552368656228e-01,4.5415647848193075e-01,5.5863832608220920e-01,5.2999099957072726e-01,6.1557640732133434e-01,5.1568376088672907e-01,5.1806905030659722e-01,5.0897942960278419e-01,5.3918152526124796e-01,5.6705280009782377e-01,5.7295954940908733e-01,5.7871839014394655e-01,5.7848882027516180e-01,5.5749207008388213e-01,5.4702699171102265e-01,5.2360099817788730e-01,5.5821630314813708e-01
3.9298082315784549e-01,3.6628431527391353e-01,5.0355197120168338e-01,5.2449243124683398e-01,5.0551660427912015e-01,4.1502945540111180e-01,4.5597133816230145e-01,5.9010398883293413e-01,6.2880272907449297e-01,3.9131167298878711e-01,4.5529657946711127e-01,3.4819343382687795e-01,3.8722697123388466e-01,6.2136722602802763e-01,3.8783262675027491e-01,5.4141463723499061e-01,5.4721041591070996e-01,5.0417998810662490e-01,5.1816558767033749e-01,5.3955951619936837e-01,6.0413571971698921e-01,6.0061544074964512e-01,5.9646869694765814e-01,5.4037727909946276e-01,6.3466287224115603e-01,5.5867062339595852e-01,5.4919019220607290e-01,5.5054012822182585e-01,5.3212571406922982e-01,6.1526062498161649e-01
4.5839790522658003e-01,3.6911789447383003e-01,5.2351043646417683e-01,5.2699241137569874e-01,3.9469396638859511e-01,3.6895229434647475e-01,5.8130607845969051e-01,3.4218936605864925e-01,4.3699327438011065e-01,4.6637227986685875e-01,4.2146739356410573e-01,4.0249890548312078e-01,3.8382921173430934e-01,5.5667199432281145e-01,5.5649241260921078e-01,5.1468203074011687e-01,5.5359269424832569e-01,5.6558711802695827e-01,5.3627266197119394e-01,5.6771104225768798e-01,5.4219217476636217e-01,5.7020239100013592e-01,5.5386775647779918e-01,5.3112640153006052e-01,5.8005560761337815e-01,5.4255985621767833e-01,5.4312971998268000e-01,5.5705663693644103e-01,5.9298884552774977e-01,5.7580098320068984e-01
5.1376154326773327e-01,6.0518732483955495e-01,6.0944129186745177e-01,4.3380644413789704e-01,4.0893115973746447e-01,3.5724117983462161e-01,4.6026135354487480e-01,6.9661351182563302e-01,4.9038853484634343e-01,6.3289385252179009e-01,4.2187037208870692e-01,5.6266316313661424e-01,4.3834412413061163e-01,4.3856384071318288e-01,4.8450762556949106e-01,5.5281647454256722e-01,5.2693466044773063e-01,5.5316240603760503e-01,5.7476529069138660e-01,5.5036288701401803e-01,5.5734670725198732e-01,5.4509779719007456e-01,4.9581513449730485e-01,5.4361945368477504e-01,6.0356707006596233e-01,5.7803443901656415e-01,5.5249845051056057e-01,5.3619116223817676e-01,5.4236430947148939e-01,5.6254701938636920e-01
3.7930990416497679e-01,5.3922886103601431e-01,5.5894822073478834e-01,6.1692537922326329e-01,5.3979169703521890e-01,7.2638927837452638e-01,6.4176230397484435e-01,3.6799996236064175e-01,6.2928842426511455e-01,5.3249312260043280e-01,6.2233928781469627e-01,4.4797151346841219e-01,6.5403878164762119e-01,3.4815864213483172e-01,5.2687169270969025e-01,5.6952527363281646e-01,5.5818090759625305e-01,5.6339492674649372e-01,5.3795364762023101e-01,6.2842948930677367e-01,4.8214121280732297e-01,5.3206167558389450e-01,6.0638846149188197e-01,5.4414360371723958e-01,5.3630893320010453e-01,5.2257876105780499e-01,5.3253525134687862e-01,5.6804132919338968e-01,5.8713140096397076e-01,5.4968513856446000e-01
5.3695000336399856e-01,6.0435187105883859e-01,5.8215713151655846e-01,5.8360427589315278e-01,5.1703892510235538e-01,5.9536594053965908e-01,4.7572396615798723e-01,6.6888604517067607e-01,5.2152341923774836e-01,4.7662474765065660e-01,5.7460284680766793e-01,6.4036633826730871e-01,4.2147186732654535e-01,6.0070990693347415e-01,4.1138443679817710e-01,5.5710309507148847e-01,5.9377598165200252e-01,5.6304120527952728e-01,5.5682863513497471e-01,5.6399594677850795e-01,5.5149666882532100e-01,5.4248404185194776e-01,5.1833244913816023e-01,5.3164569870668832e-01,5.7726687088449480e-01,5.8174783645510386e-01,5.7446675812638737e-01,5.8629899920168183e-01,5.8621704019723642e-01,5.8477268990554310e-01
3.7598971235070994e-01,5.9909606233478774e-01,6.5567765904516173e-01,4.9130445927020139e-01,5.4484280608008417e-01,5.1182090786835155e-01,6.5469116627084001e-01,6.4368986836497333e-01,5.3236139939808613e-01,4.2442553082499163e-01,4.8218249000451446e-01,5.5449479281725678e-01,4.3093652348183636e-01,6.1564140746284723e-01,5.1561420661701785e-01,5.3433242448078722e-01,5.7459122665484363e-01,5.6695460942608022e-01,5.6837853206255562e-01,5.9621235104429893e-01,5.3641765006370501e-01,5.1597859528450096e-01,5.7872105601791812e-01,5.5110650444588871e-01,5.6510737346797701e-01,5.2850373984941901e-01,5.5703706047589918e-01,5.2646795805455926e-01,5.5650206949369940e-01,5.1555715323622708e-01
6.0981018388262775e-01,5.3804791962655496e-01,5.3454606602574506e-01,5.2808293707187814e-01,4.9672738715372927e-01,5.6006856610479061e-01,4.3259822961671524e-01,4.5394380054419892e-01,4.8736024235182746e-01,5.3718202431355122e-01,4.5503445095788275e-01,3.8963784263171042e-01,5.7917414990091942e-01,6.1401854491876706e-01,3.8297828474711088e-01,5.3434618608974849e-01,5.3891175645787082e-01,5.4725561998418659e-01,5.1916118628221875e-01,5.4495931056143132e-01,5.6183462751464996e-01,5.2821854417151526e-01,5.5444335886666940e-01,5.4157356799405032e-01,5.6064067694031905e-01,5.3840299498195610e-01,5.2324853028232243e-01,5.4881191528079964e-01,5.3747522453875596e-01,5.5658569734354846e-01
5.9331199684187041e-01,3.8638412031296920e-01,5.9781899947966799e-01,4.7684045764545768e-01,6.7142748749710035e-01,4.5019035443846417e-01,2.9752346363649629e-01,4.8261935046448118e-01,5.6420023475953651e-01,4.2929711018582384e-01,6.3186895521477771e-01,3.6644089328783497e-01,5.2916637213617945e-01,6.2926626845764355e-01,3.9812823384716123e-01,5.7347319790189588e-01,6.2387233695960354e-01,5.8831651771926363e-01,5.8393152664695047e-01,5.2587136275825441e-01,5.0368606147896700e-01,5.2593378627241361e-01,5.5295512581384987e-01,5.8245047632705893e-01,5.3831034823071311e-01,5.5956739176721926e-01,5.4359749171959615e-01,5.4459764301698876e-01,5.5554353695083392e-01,5.5832642041537328e-01
4.5300968412606557e-01,5.2329598239104047e-01,3.7837690445158190e-01,5.0214680565411418e-01,5.5628167186653543e-01,5.2047772365022515e-01,4.2360709601249669e-01,6.2653055536931890e-01,4.1637961209343421e-01,6.9680096843875849e-01,4.0148094740565304e-01,6.1356040647470833e-01,5.0434728542237417e-01,3.6310844124227293e-01,4.7457780901195895e-01,5.7324765375705877e-01,5.2347884299291747e-01,5.3830668224330025e-01,5.5372793820811717e-01,5.4798922962738428e-01,5.6316366025097231e-01,5.5565507862007757e-01,5.3402742096981903e-01,5.2659367922844014e-01,5.3068429529280237e-01,5.8498181529978655e-01,5.1660106027104180e-01,5.0354999580232396e-01,5.2289815575229293e-01,5.8480380905924012e-01
6.9371985719952300e-01,5.0472217802339936e-01,5.5757357882922198e-01,5.5677623380405883e-01,7.0341107026002370e-01,3.5454711953368662e-01,7.1322041311740747e-01,6.2620159331175584e-01,4.5201311597559529e-01,4.4235274587335621e-01,4.1728114497880625e-01,5.6157995150765783e-01,4.5842113443893179e-01,4.8246127864709898e-01,4.8447105807622265e-01,5.6737350630776251e-01,5.5611273571432895e-01,5.9331757915948002e-01,5.4482124047708047e-01,5.3796538372172864e-01,5.5857536975287159e-01,4.8752472479940218e-01,5.5076476087745529e-01,5.6300083702602410e-01,5.3175429219684522e-01,5.4560920515892652e-01,5.8654897407739048e-01,5.8986069511807027e-01,5.5112342591899588e-01,5.7955988220237908e-01
4.6033067992696264e-01,4.6003479322018470e-01,6.0679823387542497e-01,5.8898918669372069e-01,5.6895538365155585e-01,4.7162067802484592e-01,6.0861787124798650e-01,6.5270110757842992e-01,3.9616898844635734e-01,5.5453816657150345e-01,3.8694998127585539e-01,3.7094664836656482e-01,5.0998253583047115e-01,3.5846953787313135e-01,3.9731717511621661e-01,5.9441289446207635e-01,5.7246348642290146e-01,5.9780811877646634e-01,5.6622867112648734e-01,6.2029116099644865e-01,5.3240985603471780e-01,5.8480021185434017e-01,5.4044649905102726e-01,5.6415321533663254e-01,5.2740711319042477e-01,5.7226591625202539e-01,5.0901862481392690e-01,5.2670894750226438e-01,5.2717882898249913e-01,5.2577302929635927e-01
5.0388470646509020e-01,6.5689643491320115e-01,4.7386191542547446e-01,5.0374007056589865e-01,5.1512959431909466e-01,3.6583461767339087e-01,4.5163174303127268e-01,4.1159897377840265e-01,5.5245271543570684e-01,6.7213209544199026e-01,4.0514941808274302e-01,5.6788222924766762e-01,5.3899222188468487e-01,3.9713497578689716e-01,3.6786234423965175e-01,6.0549067891062480e-01,5.1734780214724974e-01,5.2781143959831034e-01,5.6086922787890869e-01,5.4591418956902515e-01,5.3595116269144782e-01,5.8043145442502053e-01,5.3913899760057504e-01,5.9275240233950077e-01,4.8490568239639542e-01,5.3484096981053608e-01,5.7667045804410499e-01,5.5439176582494609e-01,5.6758085800522307e-01,5.4399595783371102e-01
6.7898464438958073e-01,5.0022904393857559e-01,5.9283142515678111e-01,4.7074992990799691e-01,6.5038910009220463e-01,3.8083127378391080e-01,3.6762138461594668e-01,5.3057261963010527e-01,5.3498562286884221e-01,5.3216769129634578e-01,4.9592965292260754e-01,7.0314535386163923e-01,4.6785415078638132e-01,4.7677706357511118e-01,5.2317972869609697e-01,5.3720997317113350e-01,5.6155183410977050e-01,5.3765022067424739e-01,5.7374568350212818e-01,5.6659157780510405e-01,5.8122533175779423e-01,5.7074208658888537e-01,5.7067778316066209e-01,5.7151405909887676e-01,5.8828125544892018e-01,5.3146658577704442e-01,5.5005190742223031e-01,5.5091756454764140e-01,5.5602241414555720e-01,5.8371330433956758e-01
4.2593576615342926e-01,3.5909716277107950e-01,4.8548760156069259e-01,4.8028703455235194e-01,6.1799813425957384e-01,5.6384099387575537e-01,3.7057124749439224e-01,5.9377011236509436e-01,5.6669283477565735e-01,3.9235354642273057e-01,5.1448811354330970e-01,3.6386963766167163e-01,3.6810286165257100e-01,6.8321945490139535e-01,3.6516483151798246e-01,5.4245990942101163e-01,5.6674841652916885e-01,5.3768584100713235e-01,5.5575586871132943e-01,6.0233287507218258e-01,6.0672707699472228e-01,5.5851141441810026e-01,5.1903930324352476e-01,5.7379148912181688e-01,5.4755829431711178e-01,5.4691368297222287e-01,5.4799880627905084e-01,6.0584874227190344e-01,5.6434992189799882e-01,5.6008121663855825e-01
4.7666680647081688e-01,3.7090618547601290e-01,6.2900346810027163e-01,5.6586178333776549e-01,5.8029344448618847e-01,4.8880856726642324e-01,3.5615159857959466e-01,4.0733390725213109e-01,4.6186492795481310e-01,5.5871779207237815e-01,6.4383226800329929e-01,5.3701412992580555e-01,3.8667463905021338e-01,4.7498107078068652e-01,4.7777232926546059e-01,5.9663137925925536e-01,5.5436031224152937e-01,5.4454291262974119e-01,6.0808898061534145e-01,6.0668274385112841e-01,5.4006398637076913e-01,5.7737270758048354e-01,5.4060462864076153e-01,5.7713457357403375e-01,5.4995951539876364e-01,5.4339270808436591e-01,5.5280966947218735e-01,5.4917855823283435e-01,5.3681496944988116e-01,5.5251285426247798e-01
4.6397640712285765e-01,4.3698630478295070e-01,5.5786576727100468e-01,5.7650069589869590e-01,5.9357611978024050e-01,3.5745635093987754e-01,4.6140782076061843e-01,4.0499026463790999e-01,5.5359355393213772e-01,4.5875983685017957e-01,6.2941677676862551e-01,3.3761751801883166e-01,4.4887392210116706e-01,5.6533126817119639e-01,2.9225170914771531e-01,5.6279373145684986e-01,5.5469822598399543e-01,5.7713109506062032e-01,5.5329541398116067e-01,5.6433946572358107e-01,5.5064208448889684e-01,5.8240035396207990e-01,5.3524902831901200e-01,5.1374746251002157e-01,5.7335240121645425e-01,5.7891463523200537e-01,5.5112772369162077e-01,5.3243046980184205e-01,5.4795325187439881e-01,5.5104310563935077e-01
6.3696493475519833e-01,6.1107172755684058e-01,3.1655595820506105e-01,3.8628766298321304e-01,3.7163024089724200e-01,4.6408111189956419e-01,5.7535755639980568e-01,5.0611246298343071e-01,3.9297966514342070e-01,5.6642437929219513e-01,4.6786282813437241e-01,5.4466002859275109e-01,3.6828729412085998e-01,5.8299290401199200e-01,7.4474842985221468e-01,5.4549049845228015e-01,5.9238928402462310e-01,5.5697248627236584e-01,5.6012038425001287e-01,5.5846859550572059e-01,5.6983067323354208e-01,5.5142026976075476e-01,5.7057685906703137e-01,5.6408487873851865e-01,5.9297707526762777e-01,5.0535715741536602e-01,5.3836337018558378e-01,5.7970419090237546e-01,6.0944237049720773e-01,5.0921879584736796e-01
4.3333597931843110e-01,4.6604630907102185e-01,5.5134582216970640e-01,4.6261007838967577e-01,3.8434931339800388e-01,4.5069028299564623e-01,4.8242838172696495e-01,3.1549528464165855e-01,3.9939825061501483e-01,3.2488010809674089e-01,5.5778407730070056e-01,3.1009443529068131e-01,4.1779876756136569e-01,4.9824623290554815e-01,6.1253197485789090e-01,5.9062686684716403e-01,5.5966249704645321e-01,5.5269592817712898e-01,5.7412521414183060e-01,5.1893460212154696e-01,6.0552279162767719e-01,6.0317708608464282e-01,5.2450272793123587e-01,5.4850367153994151e-01,5.4726455761757331e-01,5.7159043798526521e-01,5.7798509536589748e-01,4.8358132954027971e-01,5.9509098124358639e-01,5.2509411942740469e-01
4.7829047512852335e-01,4.5021509432870094e-01,6.5099217293277767e-01,4.3852697987118200e-01,3.7034318585413101e-01,5.0287861025095915e-01,5.8381201251589210e-01,3.7507921387260912e-01,6.3778783391056526e-01,6.5923218496257496e-01,4.1572719331312841e-01,3.3419173886174852e-01,4.9154664489301841e-01,6.7033919430775590e-01,4.5782047279263405e-01,5.5543774084225506e-01,5.7191322513607812e-01,5.1248028390854905e-01,5.3444561537347057e-01,5.6880128625373438e-01,5.2993729272166146e-01,5.4083142020896724e-01,5.5688322140403768e-01,5.4596369990670479e-01,5.4557740730992588e-01,5.6797592975433386e-01,5.9866625085823733e-01,5.5805866772427914e-01,5.3775330740231009e-01,5.8942296778508807e-01
5.1074368619897281e-01,6.8583724428921211e-01,3.7363686995862760e-01,5.3948507735727180e-01,5.6916944876423869e-01,5.6460881672295726e-01,5.4360025252633026e-01,6.5855466149176900e-01,6.5310840145597393e-01,3.9120327355960399e-01,6.3423977019739375e-01,5.3842748873798618e-01,3.4286228195110069e-01,5.7624023088526366e-01,4.3520359028687067e-01,5.3725963784570019e-01,5.6983044213413858e-01,5.6048153624842101e-01,5.3625862549997572e-01,5.6344113733040424e-01,5.5575977872043103e-01,5.5910999751399260e-01,5.1351242326297331e-01,5.5254804106646305e-01,5.7261492069848274e-01,5.2396214896329296e-01,5.7435202324821888e-01,5.6682627008795228e-01,5.7366420438776899e-01,5.2922864090520860e-01
5.5699836170483463e-01,3.7193578011596751e-01,4.0412094958169709e-01,3.5184948361627483e-01,3.1359335584107567e-01,5.2875948309043974e-01,3.8473640958420147e-01,4.4515157829810875e-01,4.6135862371063863e-01,3.8627264182315763e-01,6.4421339175490311e-01,5.7600062069058344e-01,4.7030887432498902e-01,5.8031467634466172e-01,5.2462510488114089e-01,5.5307359220021590e-01,5.7880502627742270e-01,5.5261038791473838e-01,5.6549252160914143e-01,5.4769711858319137e-01,5.6229678329229205e-01,5.6067281311701023e-01,5.9608551411751431e-01,5.4287177562086630e-01,5.8303525467953532e-01,5.8499394832259977e-01,5.8441737327114229e-01,5.3812079822706460e-01,5.5681538640143291e-01,5.6170776317257776e-01
3.8022468673949378e-01,4.2502485204040125e-01,6.2913387042380620e-01,4.2755097660351510e-01,3.9165400514491733e-01,3.6690467016132461e-01,4.0647570519992254e-01,5.2603283277925528e-01,4.5549205999732084e-01,5.9553074021853958e-01,6.2642184248221744e-01,5.9637391071365797e-01,4.6426463682563651e-01,4.7864837103055669e-01,3.6682580653825303e-01,5.4130419198100710e-01,5.4063002158315554e-01,5.4456964849819234e-01,5.9986587008662862e-01,5.4694760310859492e-01,5.6560107536578630e-01,5.4184235796479008e-01,5.5647153769002622e-01,5.0551827710311392e-01,5.3303509924910797e-01,5.9351708567381445e-01,5.7028354987911034e-01,5.7066269457044194e-01,5.1882816162039891e-01,5.6757295207932601e-01
5.6992613898811706e-01,6.2295526303263171e-01,4.3168520057521209e-01,4.3011224528108344e-01,3.8021768047552779e-01,5.6788181381566349e-01,5.9267572937570756e-01,4.6736426834199890e-01,6.0317159099644513e-01,3.7695310858547498e-01,5.5014122231442986e-01,6.0739597252134858e-01,3.0490495991014227e-01,6.7370631781064716e-01,4.4972707416515451e-01,5.8524997919677690e-01,5.7937452523105992e-01,5.0027411282814338e-01,5.9677394297634900e-01,4.9476172950691027e-01,5.2234702139140810e-01,5.8452678738693320e-01,5.4147033170176095e-01,5.8888408240075918e-01,5.1102786836943592e-01,6.0053189809085228e-01,5.3028609652645708e-01,5.3235955705767035e-01,5.5189937605119577e-01,5.2049466659466526e-01
4.7801790434255831e-01,5.9808258604856135e-01,5.4868862092532578e-01,6.6887740100645798e-01,5.9352481816650948e-01,5.1041766268232414e-01,3.4183227285568368e-01,4.2675229473764692e-01,6.2474197471151716e-01,5.8126690944789328e-01,6.8307404738875233e-01,5.0630218464196008e-01,5.9779842108581505e-01,5.8314100763919774e-01,6.3636215843864841e-01,5.7986843020834100e-01,5.5943842954801304e-01,5.6628470154203669e-01,5.5847759330650260e-01,4.4539969759799930e-01,5.9962491213125257e-01,5.2983132729130822e-01,5.2857347626931017e-01,5.6668234225561886e-01,5.6034715129869395e-01,5.3858368692640046e-01,5.9563021488462387e-01,5.7249223680802386e-01,5.3481789549124781e-01,5.6751538941907720e-01
5.6918031311632233e-01,5.8671464718708888e-01,4.4971932384003788e-01,2.9888734095939623e-01,4.1365005906008295e-01,4.7303860768086481e-01,6.5744826033140702e-01,4.9749232505551233e-01,5.6994405168017248e-01,5.5204118186316120e-01,6.0720505265470881e-01,6.4253576426642389e-01,4.9897919179391531e-01,4.6389711068535333e-01,5.4936267470396116e-01,5.3480308795365827e-01,5.3008309595705982e-01,5.7278580115369127e-01,5.9101940559170529e-01,5.7474638981282666e-01,5.7421283578098969e-01,5.3925108888615469e-01,5.1652039434073049e-01,5.4999576152458918e-01,5.4804127582875162e-01,5.5884419718141420e-01,5.9782195473114730e-01,5.7361366997045171e-01,5.3343723004025601e-01,5.3918490401684105e-01
3.5488978135975136e-01,5.3946201369001912e-01,4.1993822386003948e-01,6.2358315599736569e-01,4.2874783057941429e-01,4.1928821015551593e-01,5.5248004160458342e-01,2.8937871637639206e-01,6.6772095502397777e-01,6.5432001252626426e-01,6.2654596883932157e-01,6.3406805286294998e-01,4.9829877223641272e-01,6.5033569748341746e-01,5.1634744548389888e-01,5.5857776129376091e-01,5.2814740102325874e-01,5.6077615191621955e-01,5.4525364600680892e-01,5.6178633769405351e-01,5.8559654856180254e-01,5.7356492266789094e-01,5.2235613603412823e-01,5.3420262606105706e-01,5.3803214767868568e-01,5.1452809996481297e-01,5.4674442123174960e-01,5.5143204243205068e-01,4.9125205783101250e-01,4.9532896903769907e-01
5.1837255205721322e-01,5.8422972837733389e-01,4.8859456933720047e-01,4.4072453210202833e-01,4.7954218880768623e-01,6.7433335490763169e-01,6.1279419337111019e-01,6.0193276393922046e-01,3.2809106182169756e-01,5.6471291629103415e-01,5.1226884136792572e-01,6.0210236685594232e-01,3.3415452840434773e-01,3.8244721853843305e-01,4.9497925566114970e-01,5.7632339948204392e-01,5.5409256877354474e-01,5.7413873438559893e-01,5.4032577390524650e-01,5.6534889203607031e-01,4.9804595262445339e-01,5.3598505866430235e-01,5.5562806754496075e-01,5.6983909480798656e-01,5.7179139848345639e-01,5.2720872858353363e-01,5.4254381321133072e-01,5.1170156131931299e-01,5.5843154673632411e-01,6.0122660439856235e-01
6.8471109204665526e-01,4.1114896011599478e-01,5.8068960067158937e-01,6.2270876163284250e-01,5.2575383600136771e-01,4.9879406952116295e-01,4.3451711807804067e-01,4.4542219178250875e-01,6.5600022282364667e-01,4.4614995977998478e-01,3.7940525779144146e-01,6.1907418316331808e-01,4.5690058598673006e-01,5.3102333093358334e-01,4.5473618890787360e-01,5.4347773736964766e-01,5.9801398971049802e-01,5.6571340990499608e-01,5.3597304522626632e-01,5.4267127840654417e-01,5.9534785893810449e-01,5.5659888716880868e-01,5.7593561868674614e-01,5.1547201847414614e-01,5.8028674007321057e-01,5.7103447125995621e-01,5.5690447426612333e-01,5.7220773386122248e-01,5.4664668411327422e-01,5.7818483483066352e-01
6.3482462413554275e-01,3.9836273255650445e-01,5.0174903544931326e-01,6.7124650561493038e-01,4.4903252449587033e-01,4.9670300527928135e-01,4.4667876729883838e-01,6.9714596909613802e-01,5.8145070787185249e-01,5.9273800173792057e-01,4.1557789276557783e-01,4.6551299250219191e-01,6.3207579019512250e-01,6.3690369666941138e-01,3.4222892829862173e-01,5.3340903729030109e-01,5.8474027130617989e-01,5.5525359633544780e-01,4.9577845171531615e-01,5.5156602699328128e-01,5.4718452503937953e-01,5.4334320056975882e-01,5.1046803126292073e-01,5.4058062145136399e-01,5.7368519710306531e-01,5.7988360860945221e-01,5.4540526123476452e-01,5.5095278355221577e-01,5.2125898228957934e-01,5.7893655857049808e-01
5.0633054143388490e-01,4.3088792887895572e-01,5.6377101672856866e-01,3.8506870519029035e-01,4.7491475630153607e-01,4.4289195502244744e-01,3.5533315424890205e-01,4.3085042031193216e-01,5.1764287419755284e-01,3.2682612285896345e-01,4.5237655323601600e-01,6.3808445033995886e-01,3.0602825800434624e-01,5.7217813586479160e-01,3.6134894884832708e-01,5.3031965725680230e-01,5.2893033793694089e-01,5.3871998717443281e-01,5.6112165577699857e-01,5.5345417708826461e-01,5.8017722744429323e-01,5.3434853097112389e-01,5.7978460934200238e-01,5.2547353886168635e-01,5.5056177601106993e-01,5.6184598626315096e-01,5.3460956029921880e-01,5.5249752758645898e-01,5.4758255155749769e-01,5.4642039855184421e-01
3.9007760172781364e-01,4.2625438410555549e-01,6.9339761673538847e-01,5.3523090492865188e-01,5.9619493242273769e-01,4.9967401818109636e-01,5.1179156149894633e-01,6.5979760138207011e-01,4.1293859846126524e-01,3.9643614729922172e-01,6.3990387419937289e-01,6.9378562678136779e-01,5.7665848751237769e-01,4.4181120524499390e-01,5.6952868112091959e-01,5.5067870248550366e-01,5.8356583310200061e-01,5.2623103501757851e-01,5.4085991418701485e-01,5.7273425773088149e-01,5.3817626794471651e-01,5.6234939161186526e-01,4.9738891748144870e-01,5.6624843329078089e-01,5.5508031449104445e-01,5.4606295095794133e-01,5.1598141119847030e-01,5.5627639900408365e-01,5.4022077698233706e-01,5.2659374457093899e-01
6.1865536013676348e-01,5.8677470984873692e-01,4.8301876253553916e-01,3.8321373201529396e-01,5.0729024600474892e-01,3.7523253373521220e-01,4.5513185935176953e-01,5.4065497179085675e-01,5.4514370074825835e-01,5.8153462979233783e-01,5.2276746643418293e-01,5.1791895564988932e-01,5.7076946746779278e-01,4.4576469727060092e-01,7.0040859801960231e-01,5.6506898793232740e-01,5.1558300770801535e-01,5.9807420891264362e-01,5.5541566034338119e-01,5.4002857346761401e-01,5.6050554506474859e-01,5.9535760616790800e-01,5.6332007120522865e-01,5.6626867927221514e-01,5.1145782893580916e-01,5.4064702346789584e-01,5.8989534940771482e-01,5.4578066240304235e-01,4.8938839816115848e-01,5.3076111147257166e-01
6.6264022458740435e-01,5.7967387680463767e-01,3.5725147973469867e-01,4.4052479462362587e-01,4.8896361418457585e-01,6.0750830966029390e-01,4.2226411438293643e-01,5.7069664856184732e-01,3.4845346045505227e-01,5.1191749280845456e-01,5.4231726130079905e-01,4.4425496804631948e-01,3.7582290508592303e-01,5.9102957401798839e-01,4.8784455684762734e-01,4.7407825007028004e-01,5.3253054976551528e-01,5.3888748026807121e-01,5.5880584909297293e-01,5.2190162735139345e-01,5.8024444192024682e-01,5.7230818779934656e-01,4.5744407584337488e-01,5.5193174200103456e-01,5.2951621783837055e-01,5.3492160188729565e-01,5.4673119979143436e-01,5.5332928668784942e-01,5.5369116391279904e-01,5.3206855315592572e-01
4.1251910493614480e-01,6.2728026672065718e-01,6.5691289048181589e-01,4.6392055177296260e-01,6.3683518305631093e-01,6.0610802697109134e-01,5.8270154140490815e-01,3.8397877217957005e-01,5.5264957212500143e-01,4.1966528638819939e-01,3.5082976988523296e-01,5.4782564477471174e-01,3.4345013997627621e-01,5.0357528460974932e-01,6.1202191440933196e-01,5.4178636691650806e-01,5.4869318261923283e-01,5.4517517941170768e-01,5.4810511237376991e-01,5.7363386406775574e-01,5.5112299065403392e-01,5.7153772215736165e-01,5.9662672412725404e-01,5.4964026994689441e-01,5.6108113815428173e-01,5.6310138540381738e-01,5.3447583212191518e-01,5.5566720540318637e-01,5.6068016573550161e-01,5.3391536003992024e-01
4.0187545690621357e-01,6.2492352090186365e-01,4.1785508369162722e-01,6.4647522864491946e-01,6.3290831629848165e-01,5.2807819874322437e-01,5.2626874701131332e-01,6.5808782197321325e-01,3.7857631817950471e-01,3.9026712443736694e-01,4.5270728982308461e-01,5.6192902861719762e-01,6.3140344636731061e-01,3.6873179232778314e-01,6.1192810530661690e-01,5.3280395321758278e-01,5.2895719089368842e-01,5.2332632029582327e-01,4.9863489109245285e-01,6.0395172536936703e-01,5.5458093979869716e-01,5.5114546820029031e-01,5.6187162163520388e-01,5.8584203965725401e-01,5.4882892100451253e-01,5.3046817573609784e-01,5.6436469345633433e-01,5.5969085413209974e-01,5.5212155613720115e-01,5.4332737980932100e-01
6.8147959523489909e-01,4.0239201569910493e-01,3.8708811042191910e-01,2.9845416016444570e-01,4.5062034237701165e-01,6.0080457407243915e-01,3.3761895809856979e-01,4.3151446243584274e-01,6.3706295798173529e-01,5.2086314112437904e-01,3.9494031937093910e-01,5.5507804434496533e-01,3.8180286781632961e-01,5.7580681438725234e-01,5.1107043363117677e-01,4.7576897956137454e-01,5.4519747707954491e-01,5.6287954020894770e-01,5.5903653289679078e-01,5.3476973517707516e-01,5.8524723652531618e-01,6.0892821549963194e-01,5.4337014181446674e-01,5.9110905206392439e-01,5.3951709836675843e-01,5.8205431037836752e-01,5.7315141427781779e-01,5.4522882376848147e-01,5.6597307550384657e-01,5.3058460846008337e-01
6.1741663801380342e-01,5.3674979111638965e-01,5.4814307979412458e-01,4.1439673724043380e-01,3.4948108938178724e-01,5.2417510232024600e-01,4.2736996733869365e-01,4.4714819888109925e-01,4.3629946844727163e-01,6.5053225445881691e-01,3.9164362043134221e-01,4.7341850833191962e-01,6.3352454202181807e-01,5.7268065819243141e-01,4.8625846179670323e-01,5.6020768206054827e-01,5.6061164066946145e-01,5.8810975494623829e-01,5.4148306872271523e-01,5.7986776469365076e-01,5.6647827252726590e-01,4.8619619164112232e-01,4.9556229419256514e-01,5.3647933888899435e-01,5.6807010131322999e-01,5.5824772423925517e-01,5.4081939351396779e-01,5.2447254907500085e-01,5.4824078031068091e-01,5.6048236507080140e-01
3.3192783105600288e-01,3.3913928680281780e-01,3.1413752729656513e-01,4.8678480362229970e-01,5.7557447681819518e-01,6.4987795402923698e-01,6.8137648247242344e-01,4.2355013735604469e-01,5.0222614150620704e-01,4.8837685717464169e-01,6.2780551666295648e-01,6.1288913579101767e-01,3.6322534988093635e-01,6.8449858137761532e-01,5.2603128838011359e-01,5.1390464909859845e-01,6.1106368574003733e-01,5.3931580371631771e-01,5.7228471409578396e-01,5.8850846762566378e-01,5.3480637221172178e-01,5.3491867908671575e-01,5.8729161193839319e-01,5.8475642111933512e-01,5.5617962937131771e-01,5.6461606037459156e-01,5.7965536316416211e-01,5.6780274749817794e-01,5.6744959865519695e-01,5.2245341047568250e-01
3.8968489713518489e-01,5.4708568984481565e-01,5.7857875820767179e-01,4.6769582302255169e-01,4.9133974601157737e-01,4.2602511994252706e-01,6.5732149729060296e-01,5.7988601235931636e-01,5.9037806124679970e-01,6.6760961479908965e-01,5.7480410677185001e-01,4.5797603364289224e-01,3.9776286337373373e-01,6.0662443569943336e-01,5.7189408142625087e-01,5.4587314359642813e-01,5.7289846392849642e-01,4.9783889274551940e-01,6.0788016218673047e-01,5.3126848422388695e-01,5.4715383207382107e-01,4.9809291524813226e-01,5.0206468063401910e-01,5.2657248248793553e-01,4.9889493284444908e-01,5.2061012142370455e-01,5.4505802244653134e-01,5.7000230878390601e-01,4.9046111853239821e-01,5.6774451177776986e-01
5.5653420134124454e-01,6.6834162524490670e-01,5.9590942721197948e-01,3.9806832666246694e-01,5.7866940003048828e-01,4.7713193140468491e-01,6.6799551381860134e-01,6.5436273505176790e-01,4.3132352947002178e-01,4.0025828533021346e-01,6.5656643413527205e-01,4.9663853044624323e-01,5.7140577850229590e-01,6.5785377036429493e-01,5.2406320458339206e-01,5.3123180964068983e-01,5.4960346382284209e-01,5.5728454975712682e-01,5.3412212052125452e-01,5.4040085741205313e-01,5.3640737731527488e-01,5.4081192611414630e-01,5.2768647338980723e-01,5.5657182388741711e-01,5.8981410669796552e-01,6.0846535831955162e-01,5.8307950700980471e-01,5.2198559341965733e-01,5.9571284621415344e-01,5.4255853093736706e-01
6.2712386175536361e-01,5.1017783862773680e-01,3.5560389075071069e-01,3.9733448501451063e-01,3.5925689232304742e-01,5.6029493499589711e-01,3.8456565053645253e-01,6.2303680069941769e-01,3.6255526274060618e-01,3.4706614807162661e-01,5.4330849398409053e-01,3.8699972128107540e-01,6.3783234204466077e-01,6.3609743366746352e-01,6.9408007074722222e-01,5.8666811509250638e-01,5.6463891827917290e-01,5.5360606674563417e-01,5.5122527778237873e-01,5.3715620098681172e-01,5.5406991885030410e-01,5.1644581263933154e-01,5.2035121724117894e-01,5.5486813193343942e-01,4.6892839408097126e-01,5.2902015541820713e-01,5.3156305712659346e-01,5.9935945982173866e-01,5.6580766412701911e-01,5.6871725451191157e-01
4.3402332597184595e-01,4.5737107519966463e-01,4.0757636948131593e-01,4.1718498682735966e-01,4.1432419845419904e-01,6.9317903242833279e-01,5.7670955938691981e-01,5.3443607294886553e-01,5.7431277930830971e-01,6.2629577878312337e-01,6.3694891941891141e-01,4.3275071458686437e-01,3.8590358576604911e-01,6.1883267616056392e-01,6.1766741846516660e-01,5.3267081059651478e-01,5.5549037997993733e-01,5.6822940791726606e-01,6.0329688181581576e-01,5.5599479744064473e-01,5.1975080543338126e-01,5.6301472684444398e-01,5.8928777803614896e-01,5.7002062927673725e-01,5.3078761719844803e-01,5.0188699518383495e-01,5.6966268370306561e-01,5.5629846258888027e-01,5.6206275325179489e-01,5.3744222909631734e-01
4.8758751540183481e-01,3.6154781987103063e-01,6.5306375499536473e-01,5.6847051367656298e-01,5.6203867092289106e-01,4.2391258864963305e-01,3.6049710255846640e-01,5.1697879574841921e-01,4.6474843237884783e-01,4.7973480240874139e-01,6.5327423566119103e-01,3.2808130882122216e-01,5.1883357522407114e-01,3.8032655681494654e-01,4.7285293334324424e-01,5.7761760405067841e-01,5.8723098266709062e-01,5.4736222886974284e-01,5.7703814296438438e-01,5.2096682319908916e-01,5.1100164834070205e-01,5.8417521494819302e-01,5.8721095751215713e-01,5.3874228442026939e-01,5.7217410872802310e-01,5.4239665943690107e-01,5.0269395934981165e-01,5.1579401518827461e-01,5.3945034189587859e-01,5.6192105415860261e-01
5.4561837791846024e-01,5.3622338532120084e-01,4.8852903577299950e-01,5.7303558687192513e-01,3.8423121892189988e-01,3.4516769557865734e-01,4.3950388813903984e-01,5.6407509876383466e-01,5.8976471436607802e-01,3.9993237423638855e-01,3.8016598228839010e-01,6.5755512628654356e-01,4.8355909972410543e-01,4.4688059023926940e-01,4.6980233591269460e-01,5.4903852695550381e-01,5.7687564099816080e-01,5.4833196999696843e-01,5.2766371022524505e-01,5.2280556297279301e-01,5.5055686312691288e-01,5.5530800941116754e-01,5.3719344952596804e-01,5.4030884971727677e-01,5.8444076360699193e-01,5.5547602069861657e-01,5.7461793471548817e-01,5.7205602410035761e-01,5.7732605368200240e-01,5.1022812190316291e-01
5.8548039599596724e-01,4.7839214151218273e-01,4.9726102503270742e-01,5.8213971560805167e-01,4.0616109782266219e-01,5.0641334628300028e-01,4.1472439878141382e-01,4.9412751428733043e-01,4.6362858817952551e-01,6.7618244478004064e-01,5.2850794558946768e-01,4.0259461032007815e-01,4.4481525846637249e-01,4.4915736441079512e-01,7.4572202045407010e-01,5.4562202447419961e-01,5.0414318837992378e-01,5.4973085974227343e-01,5.3651022651852265e-01,5.3689752276658387e-01,5.7379806767006669e-01,5.4807389146002949e-01,5.8764799276780688e-01,5.5379570711539283e-01,4.6473729955704224e-01,5.7425283514147130e-01,5.1863555396581540e-01,5.7033188954200620e-01,6.0411312366934955e-01,5.1803138396505088e-01
4.8447036789938841e-01,6.1399516292930267e-01,6.1971329603179848e-01,4.0927757846474672e-01,5.9909855292981218e-01,5.2755181510466587e-01,5.9854480897161244e-01,6.0101153695996001e-01,6.8687229661002702e-01,6.9103718359129918e-01,5.0378623783017040e-01,4.2397955235924129e-01,5.9838058523841797e-01,4.6774637156199611e-01,3.3991284174544206e-01,5.2762246946825031e-01,5.4620708843639565e-01,5.2630074850670083e-01,6.0907229903879667e-01,5.6671326089763130e-01,5.7482137955258694e-01,5.5326933121782051e-01,5.4978300590995977e-01,5.4798709723392225e-01,5.2648127848740922e-01,5.3993845358982229e-01,5.1655936648505951e-01,5.4564593383094040e-01,5.8110601988085775e-01,5.4277015046781607e-01
4.7550705761214518e-01,4.5157960283521953e-01,4.9623280902501116e-01,3.9629298876223001e-01,4.1751212277831806e-01,5.9869062037346199e-01,5.9881436719950909e-01,4.6408960764376633e-01,6.5091602644950353e-01,6.7014982178033999e-01,6.0043739052854028e-01,5.0334926859282880e-01,4.0975017430362420e-01,3.6387026822159219e-01,5.0687175694363062e-01,6.0306704256151666e-01,5.6811229623746462e-01,5.4604468817186302e-01,6.1570470842083824e-01,5.5596709472732841e-01,5.4781156632051398e-01,5.7173750377627075e-01,5.6271589802848221e-01,5.1591597955109292e-01,5.3261854822953014e-01,5.5255091554439306e-01,5.5316210536179289e-01,5.8156837395651462e-01,5.6004696064031090e-01,5.3126606981528934e-01
3.3809789813935626e-01,4.3408889711839843e-01,4.9048850634806213e-01,4.3181363875652251e-01,3.9373998504029301e-01,3.8345290853277864e-01,3.9025188758097756e-01,3.3344828952575645e-01,3.4383601663374591e-01,6.7704418213553452e-01,6.3002325111407187e-01,6.5337745189006158e-01,5.7302740898712068e-01,5.1499411407833906e-01,4.2827971498736878e-01,5.7712625492311398e-01,5.2475997533105601e-01,5.4981269804754762e-01,5.5355475039070257e-01,5.5197176829207839e-01,5.6486140308389721e-01,5.7125116551028698e-01,5.2084633241833389e-01,5.9143763431150198e-01,5.5633999894160069e-01,5.2349607794165220e-01,5.2992331193350928e-01,5.3672722259451622e-01,5.6378306922282984e-01,5.5357402433910241e-01
6.3176840982220028e-01,4.6070818150568144e-01,6.7753469160204405e-01,4.7298086666776351e-01,5.9432052712290118e-01,4.7501034744407572e-01,5.7349335445750915e-01,6.2198579034046830e-01,5.8369068463646112e-01,4.6155275532094225e-01,6.7394547669233651e-01,5.9973768218985735e-01,5.5892720256813444e-01,3.8289681415856885e-01,5.1051164138112226e-01,5.1959779838707243e-01,5.1348671288791448e-01,5.3266629152569256e-01,5.8152403677855036e-01,5.1861904215692056e-01,5.4180057429811757e-01,5.9522424549004060e-01,5.4985575132276332e-01,5.6935641187387465e-01,5.7844727364849913e-01,5.4158992381854731e-01,5.6165095194934433e-01,5.4111840656359023e-01,5.8980847951852278e-01,5.0774077601828060e-01
4.4063642839119826e-01,3.9170900535298686e-01,3.7754814162748068e-01,3.9067689550521734e-01,5.4264939412458302e-01,6.5075300087088872e-01,6.4946095075446386e-01,5.4542189876506830e-01,6.9396719824199804e-01,5.9812444290574407e-01,3.9242797941038088e-01,5.3784318645428586e-01,4.7735109462901454e-01,3.9640470274504813e-01,4.9454572681998227e-01,5.8578512381551628e-01,5.4246041119401367e-01,5.5893731809182146e-01,5.4209115050852497e-01,5.3248474363509546e-01,5.2716129490484276e-01,4.8862838773033268e-01,5.2038514498060195e-01,4.7910558871613834e-01,5.9059483394548495e-01,5.4684210699417624e-01,5.4902757873932573e-01,5.4800911291618104e-01,5.4703909105362869e-01,5.7981422244338765e-01
6.4309838772964234e-01,5.4438363348941143e-01,4.8956215464169789e-01,3.2651804217289288e-01,5.8632548673136975e-01,4.5473704906986145e-01,3.8581710384936457e-01,5.7489032723106703e-01,6.3248177190978228e-01,4.9107738396553308e-01,4.1347949425738056e-01,5.4597071528979924e-01,4.9043189436520102e-01,6.7687569189761831e-01,4.8335283498327647e-01,5.3033677502594823e-01,5.9385572996105274e-01,5.4603320766535257e-01,5.1693203546902622e-01,6.0867672003448337e-01,5.2118206069411266e-01,5.3227312231846002e-01,5.0287862561572660e-01,5.9241795290597032e-01,5.1306947990434482e-01,5.4623394602779196e-01,5.3951913612419533e-01,5.7024225552383023e-01,5.4287419656849245e-01,5.1910830096329852e-01
4.1540876958249756e-01,4.0990766965268416e-01,6.0174181602440613e-01,5.6047807335571231e-01,5.2154094150269303e-01,4.8215908763316712e-01,4.7005905329583081e-01,6.0373557892035701e-01,4.4605389335594792e-01,3.9068603076038738e-01,6.7415587279562350e-01,5.2413315319136988e-01,4.0094429622143418e-01,6.3284233071537810e-01,4.0624883910453446e-01,5.1464128827418554e-01,5.5102312796413633e-01,5.4700033125789116e-01,4.9253713045471403e-01,5.7607824803864238e-01,5.3344648355060076e-01,5.6646438544043654e-01,5.5748990300568890e-01,5.6020008885434147e-01,5.6515750392118513e-01,5.3697382503654711e-01,5.4076022799116019e-01,6.4023566897078121e-01,5.3488197978695395e-01,5.6248551039238281e-01
3.6145620726860123e-01,6.0955558779206120e-01,5.2417908761739740e-01,4.1785362122750408e-01,3.3474494638970337e-01,5.2145647364449366e-01,4.8628509221778393e-01,6.7526329985594291e-01,3.6708187752020888e-01,5.4612947583577121e-01,3.9829065814782288e-01,3.7692957854971748e-01,6.6684744570482202e-01,3.9204265292032364e-01,4.1051203402757563e-01,5.3219130356350841e-01,5.5138121161625520e-01,5.7014967434044728e-01,5.6773209508116440e-01,5.3880652107155380e-01,5.3318029596049232e-01,5.3991240304768540e-01,5.1371989759443271e-01,5.8827915353035487e-01,5.4445882608492635e-01,5.6096592733905659e-01,5.6303433914296441e-01,4.7927293726189513e-01,5.3824933640348216e-01,5.6911921635696883e-01
6.6487987613797761e-01,6.1605679909211719e-01,5.9723861496826169e-01,3.7344719189602632e-01,4.3972858958197020e-01,5.3020961789236687e-01,6.2547615336018414e-01,5.7280526787677721e-01,5.5811959398948885e-01,6.3599175772606198e-01,3.9323264032774879e-01,4.7353817703945061e-01,6.3724702686216195e-01,2.9794257635176591e-01,4.3864353454789223e-01,5.4110687935658963e-01,5.5875801071773068e-01,5.3652813164186453e-01,5.3103703105979849e-01,5.5957802048929817e-01,5.5785820629431970e-01,5.8877233347126789e-01,5.8672124173563223e-01,5.2602971830977485e-01,4.6789171706589716e-01,5.6111673369152804e-01,5.0609520168150857e-01,5.5189651280911989e-01,5.6399738020109091e-01,5.5116918683434724e-01
6.4901310752150232e-01,6.2706470178621643e-01,3.4441294623250296e-01,5.3913712016931392e-01,5.2637389887061126e-01,4.4927488372834007e-01,3.2001677820996532e-01,5.9032962389983901e-01,3.9252152542373925e-01,4.2416672973781316e-01,4.4919643192829528e-01,5.1647683585648674e-01,4.4405353414761956e-01,5.4632527937875464e-01,4.7051918483352284e-01,5.3326842352622272e-01,5.3938494493342115e-01,5.3385999383424643e-01,5.8034535828454181e-01,5.6842261482015588e-01,5.3435124809712609e-01,5.7891802639724743e-01,5.5885630007662468e-01,5.8772356794740221e-01,5.9145334050560927e-01,5.7212269144598238e-01,5.4664128594450989e-01,5.6664729216968657e-01,5.8159163505628497e-01,5.5827131774243055e-01
3.9225259041289529e-01,6.6463248090760596e-01,4.5233211368002285e-01,5.5819147779231193e-01,6.1213060942166997e-01,3.2570825813043430e-01,4.8418676854432424e-01,7.0114293171606457e-01,3.4840665087616846e-01,4.4259986337627816e-01,5.7818301581491272e-01,5.1986634033688695e-01,5.7956019035231010e-01,3.6609181463709456e-01,6.7390159336102473e-01,5.6005695947972933e-01,5.4563347503144310e-01,5.8341181847927970e-01,5.7011210954663860e-01,5.7394885806814744e-01,5.5651471408475617e-01,5.4257115029672454e-01,5.0274835174256083e-01,5.6600197706606092e-01,5.7061882182056833e-01,5.2070985158328853e-01,5.6648100390917810e-01,5.1819581935015502e-01,5.6068838841003843e-01,5.1318968402332976e-01
6.3158417313313586e-01,6.0132708030689186e-01,3.0982850439534926e-01,4.3635296223831288e-01,3.3233310636595986e-01,4.7789363072436503e-01,3.6514958799726260e-01,4.9176154751353113e-01,3.1757011343948299e-01,4.8697210539131902e-01,4.1970216591761672e-01,6.2052039892872235e-01,6.7520655785102912e-01,6.1487712540384121e-01,4.1986680126527381e-01,5.6467969820543007e-01,5.1716521964488515e-01,5.0530809605442140e-01,5.3794370659971280e-01,5.7202271560245932e-01,5.1930927730669452e-01,5.6842286951589072e-01,5.9813617482458104e-01,5.6336105339257703e-01,5.8850300730280503e-01,5.4320872799876796e-01,5.0662902790437070e-01,5.6226121138089369e-01,5.5700318552876049e-01,5.5873726559167425e-01
4.4870027734806633e-01,5.0305630801143608e-01,4.6328285920628121e-01,4.7706244855889146e-01,5.5539401601085114e-01,6.5108462448103432e-01,3.7075995100098241e-01,5.9606851976775976e-01,3.0676671645746856e-01,3.8899860497887606e-01,5.9175179209470652e-01,3.4561239176080250e-01,4.2032997812188616e-01,3.8313063603315373e-01,5.9989714923446258e-01,5.2978502246177928e-01,5.3407637931537000e-01,5.6526099735567181e-01,5.7095309525834725e-01,5.9336178295762632e-01,5.5484621960937508e-01,5.9777102412186378e-01,5.3763621721588617e-01,5.4560248263897548e-01,5.6522257661376218e-01,5.7794793305744974e-01,5.1786928677659749e-01,5.3908894300627808e-01,5.7529526227802219e-01,5.0318258341796718e-01
4.9061561513677648e-01,3.4877170529184093e-01,4.0993241709856343e-01,6.0624240664623563e-01,4.7340111952015618e-01,3.7197267949400370e-01,6.2456301591115260e-01,4.9723719771479830e-01,4.1524006619986609e-01,3.2680819436811265e-01,6.0017546564778645e-01,3.7723207386500884e-01,3.5819171111861975e-01,5.8680086122685571e-01,3.5949735839615871e-01,5.6970210979570890e-01,5.7302418990486892e-01,6.1456040161567704e-01,5.2050328263164891e-01,5.5104497078731662e-01,5.2326524572808597e-01,5.6451015648725078e-01,5.8646126681080224e-01,5.6077353122638995e-01,5.1950491855219705e-01,5.7451392464264994e-01,5.7292489265442703e-01,5.6850127687596752e-01,5.6211434326680287e-01,5.6164479707071224e-01
3.4832905779471979e-01,5.8129756285384382e-01,4.2554277798278806e-01,6.0347523003980108e-01,6.2436661168736884e-01,4.5702704815330425e-01,4.3639450704425714e-01,3.2490273567138034e-01,6.0481424682685514e-01,3.8122020291881720e-01,4.1329021114199910e-01,4.4591741382030353e-01,5.5493077152120207e-01,6.2373135203495544e-01,3.8730252803887177e-01,5.8255348438874321e-01,5.2556601364147826e-01,5.3449758713032991e-01,5.6155245004229370e-01,5.9784033086031574e-01,5.5640587487294502e-01,5.8477967941658893e-01,5.4946137975458487e-01,5.7418234979797045e-01,5.6422913903299654e-01,5.4202248786076812e-01,5.8129058536050715e-01,5.6591672492828249e-01,5.3191734918629741e-01,5.9161032244568479e-01
3.5963493110918043e-01,4.7366358304951595e-01,6.6581645128643874e-01,6.0176258277555050e-01,5.2297266885461569e-01,5.6550166117836465e-01,6.5009967586257222e-01,5.3480617160318611e-01,5.1973795149003588e-01,5.2869541280386922e-01,5.5371932109850164e-01,5.4055027560256208e-01,3.7661263732451628e-01,4.3739288150347583e-01,4.3914620132281240e-01,5.8291451602928079e-01,5.5514926728309688e-01,5.3949878855745381e-01,5.5623847023771367e-01,5.3602391962155282e-01,5.8771475847295862e-01,5.0525528134625142e-01,5.5034770036882508e-01,5.5242524045237773e-01,5.8473375207455380e-01,5.4450897804992482e-01,5.4673865589642934e-01,5.5867525289760223e-01,5.7829111623274099e-01,5.7861368707126470e-01
3.6129774664565195e-01,4.7811331181626265e-01,5.6607649911702718e-01,5.3653127280214852e-01,3.9067020803541785e-01,4.5317923143503935e-01,3.4102274069488447e-01,6.2271346054934096e-01,4.5334275232243137e-01,4.0504169060808398e-01,3.4695906944950333e-01,3.5342649727385478e-01,2.8570587137259512e-01,7.1576370725258587e-01,4.5219310353049402e-01,5.4861968953696549e-01,5.7038842176140681e-01,5.8587333842675393e-01,5.9253968817365665e-01,5.2057503911447567e-01,5.9196007187779653e-01,5.4482227541992378e-01,5.4958175655307451e-01,5.4782046107418980e-01,5.9594484284050786e-01,5.7891286090750016e-01,5.3754129471877099e-01,5.7654571542680988e-01,5.5029249221544529e-01,5.6211485795228044e-01
5.4656334810746476e-01,6.0560476973063659e-01,5.1558635272006470e-01,4.9607318734610745e-01,5.0228123173564210e-01,6.7756149039547087e-01,3.4146601071517413e-01,5.5270685854073964e-01,4.3507396533440740e-01,5.7048853653476483e-01,5.5555624912980239e-01,5.9151826076488445e-01,6.8155895196766281e-01,6.3425784812873187e-01,4.3726543059938766e-01,5.5390985001843307e-01,5.7436733897300773e-01,5.7735633101652506e-01,5.6372646851951880e-01,4.9769501912843184e-01,4.8144906998367665e-01,6.1719058820439232e-01,5.7362890625667795e-01,5.8418787556967022e-01,5.6793535582510513e-01,5.5982515566732316e-01,5.6755306713600162e-01,5.1303330645211420e-01,5.5765578748855904e-01,5.4083869786903915e-01
4.5783742655860360e-01,3.4321352236067065e-01,6.5703657182776809e-01,6.0759128479270708e-01,6.3642599255519716e-01,4.4635259578874087e-01,5.8999616821618595e-01,3.5707910299482859e-01,6.3092746747574735e-01,5.3504743991659887e-01,6.4982391620566571e-01,4.8278270928310735e-01,4.8746686543984064e-01,4.4224144895014422e-01,4.8150572355497978e-01,5.3721946110805319e-01,5.7821494694776820e-01,4.8092956377937701e-01,5.6783567937235557e-01,5.7268838200458561e-01,5.7947969659666976e-01,5.3939258631211395e-01,5.4778168699966656e-01,5.2284340310745459e-01,5.3781738214438191e-01,5.9473881722453859e-01,5.5271967869303951e-01,5.2921427979720070e-01,5.6209260471413081e-01,5.2956806118799049e-01
4.4510662640388382e-01,5.9620484415001895e-01,7.0455017864732905e-01,5.4681773154660929e-01,5.7951818806568534e-01,3.9836727561450863e-01,4.3120380202957681e-01,4.0413435740843018e-01,5.9267697603134606e-01,6.9269518839536126e-01,3.2577705106985705e-01,6.6094927412097981e-01,6.8597812052613927e-01,6.1144326619117284e-01,3.8000061511438993e-01,5.5964694000789084e-01,4.6886084958418472e-01,5.4492718774943016e-01,5.6941030546473081e-01,5.4384649439737298e-01,5.3876992654126687e-01,5.6383926680845176e-01,6.0121173279777618e-01,5.3614294128054585e-01,5.4382831910835761e-01,5.0810038533349700e-01,5.6199438883064301e-01,5.3394876231271959e-01,5.8619902175528849e-01,5.1724268830963394e-01
3.6877112853591948e-01,5.9712384828568943e-01,6.1246863595446921e-01,2.7893405946576671e-01,4.1837966229075030e-01,6.1278820625504127e-01,6.2507602244408522e-01,4.3972081314893069e-01,5.6595023889311069e-01,5.1493947297815690e-01,3.5121334315983238e-01,5.8553114331592016e-01,6.7945070447341271e-01,4.6893486151582864e-01,7.3182147806658204e-01,5.5354082328907261e-01,5.3441855488848300e-01,5.6610839375439848e-01,5.9740331805294866e-01,5.2802806630983989e-01,5.6274682828250910e-01,5.6779777156685973e-01,5.4724215341223581e-01,5.2984158280015192e-01,5.2403716366911346e-01,5.5602532612094002e-01,5.5476324494204188e-01,5.2421233878739559e-01,5.3485955927165940e-01,5.0324170692176884e-01
6.0856850826923081e-01,4.8807404394127579e-01,7.4801296837883136e-01,3.7755110989782031e-01,4.3038760264408799e-01,4.4860441043190530e-01,6.4718608989331183e-01,3.9943260481353082e-01,5.1069194261883410e-01,6.5349329932973643e-01,5.9889205947432300e-01,4.7607186611219326e-01,6.0211819629170604e-01,5.2147444213850047e-01,4.8515048585670811e-01,5.7673321915929365e-01,5.2777555096391737e-01,5.1261291240963813e-01,5.5686447135653072e-01,5.4479713507544736e-01,5.5078932261805691e-01,5.5535876744467128e-01,5.3909704120992230e-01,5.4354650946192429e-01,5.3611538983963125e-01,5.4475123403161851e-01,5.8879458893348768e-01,5.4556594702468941e-01,4.7750714945937139e-01,5.7128031401105428e-01
6.1417694706895054e-01,4.5045157215838511e-01,5.6551655883657403e-01,5.8585067945577585e-01,5.6695376412751630e-01,6.3250168244712124e-01,5.8341029561970859e-01,3.8007519732783884e-01,3.9608583716867879e-01,5.7887191632165613e-01,7.0651209951065541e-01,4.9367842991940858e-01,6.5106266407278546e-01,6.4495646511862303e-01,5.3274450011626562e-01,5.8206918163600407e-01,5.7523601367933241e-01,6.0300267080264169e-01,5.8914245946233157e-01,5.5477304771105596e-01,5.5383946864172018e-01,5.3815686979235866e-01,5.5893504824227747e-01,5.5209846539192065e-01,5.3902075131770633e-01,5.2919275713662206e-01,5.6568366073150644e-01,5.6299145635961745e-01,5.3090288533742025e-01,5.3934791246764291e-01
4.5727678611390554e-01,6.6089166848031355e-01,5.9182653839425525e-01,3.5650738585967656e-01,4.7050856290514309e-01,5.5672305269904632e-01,5.0293364305866228e-01,5.2530357622011448e-01,4.6136955897092152e-01,3.1453345480016948e-01,3.7202465031786519e-01,5.7850866255332389e-01,7.1145905852100844e-01,3.2716591784952792e-01,4.8805136891480400e-01,5.6621821003735495e-01,5.5847217221662915e-01,5.4642313276113719e-01,5.5557886527218825e-01,6.0904303448878028e-01,5.8734890770232906e-01,6.0984442057486543e-01,5.2259965151970955e-01,5.5095244413247468e-01,5.2821512423803874e-01,5.2018594551052422e-01,5.4299296215355575e-01,4.8953788204968546e-01,5.9189981844623207e-01,5.4975595993264115e-01
6.1196629344495579e-01,6.0404354133212335e-01,6.6724807026428612e-01,6.1224972384491516e-01,5.0753647615371345e-01,3.0979822480872166e-01,4.1773771774657292e-01,5.4787368544859116e-01,4.4235491749116868e-01,5.6207408366306200e-01,6.1795319112233438e-01,3.6191197074554388e-01,6.4977806035644015e-01,5.4261420116597070e-01,4.2700865516497188e-01,5.4089133062680339e-01,5.5255953402987756e-01,5.0670786978562687e-01,5.4175349010344664e-01,5.6596792895913361e-01,5.7503908258188008e-01,5.2107273657538189e-01,5.4601702226355209e-01,5.3203902845921713e-01,5.4351974153754412e-01,5.3805648223567726e-01,5.4195965423281489e-01,5.3257860703115134e-01,5.8739962012549696e-01,5.8047841004036049e-01
6.0971211539390702e-01,4.4697501680707208e-01,5.4062030780641823e-01,3.9982355129948782e-01,5.3444466526075884e-01,4.4187429945696755e-01,5.8538425540570660e-01,4.6744938845349743e-01,6.3337689424467980e-01,6.1432531597035833e-01,3.5439219089227975e-01,4.2891830715023455e-01,3.8629971422970000e-01,5.9844339016747516e-01,5.9393877326796607e-01,5.3870891921824471e-01,5.3725368131638018e-01,5.4106243972857060e-01,5.8483583854598487e-01,6.0309232319081840e-01,5.8932385189034664e-01,5.2674337536208726e-01,5.9405777361106404e-01,5.1136660037850212e-01,5.6677528999594073e-01,5.1267923381955716e-01,5.3526939850708399e-01,5.4471105592231717e-01,5.3855860538291489e-01,4.9316775409966740e-01
5.9977031477422960e-01,6.1299132327860439e-01,5.8943367556415027e-01,3.2971899038139812e-01,3.7798447910917332e-01,5.4203349884870167e-01,6.3041760976570604e-01,2.8139594919728639e-01,6.1790233222972024e-01,6.4239788221358662e-01,6.3109377283045875e-01,4.5984208317542979e-01,5.1447312824163383e-01,6.0980958845992483e-01,3.7971789031595043e-01,5.8140044966889515e-01,5.4975504442588374e-01,5.4311427537315782e-01,5.3756033149262605e-01,5.5502855936478934e-01,5.3741729505277913e-01,6.0297403380251913e-01,5.8574724269106582e-01,5.9262467958308396e-01,5.3997255971963409e-01,5.3139240238735641e-01,5.2293460854167295e-01,5.5073161846833918e-01,5.4545962589053787e-01,5.9863465183862441e-01
4.5827191731344447e-01,4.5239162861709104e-01,4.1568333477280789e-01,3.3842076768978524e-01,4.3552337472975627e-01,3.8068076915132604e-01,5.6336629673813587e-01,6.4381090199941449e-01,4.3393629430325431e-01,4.7360468978931158e-01,6.8049355246095355e-01,5.3755592291343335e-01,3.6176318027922294e-01,5.6680833378792528e-01,7.0752519358754229e-01,5.3315614120031163e-01,5.4725301463832854e-01,5.4262626517465162e-01,5.7144269938524139e-01,5.7634771252882988e-01,5.4446805485788097e-01,5.6640566975516948e-01,5.4936322880606359e-01,5.8914368470876655e-01,5.6532082011490636e-01,5.1857835563460042e-01,5.6275892511063952e-01,5.4711506113868980e-01,5.4817190993147558e-01,4.7999144071137917e-01
6.7956193411158017e-01,3.2199397940336721e-01,3.8910086328530175e-01,4.4755892155030413e-01,5.7874243827858185e-01,5.4466908154863647e-01,6.2432501251557804e-01,5.3399252175231637e-01,3.6506758232026620e-01,5.2409876311186043e-01,3.5026486204863866e-01,4.0079239621008611e-01,4.8388555338301892e-01,5.0286158059254971e-01,4.7632395551435941e-01,5.5039818459276124e-01,5.4062292490130903e-01,5.4430184016833350e-01,5.8798972350912804e-01,5.3344879823343239e-01,5.6830281634735513e-01,5.2711930872004076e-01,5.5962288824909068e-01,5.5942498137367891e-01,5.3958995001428656e-01,5.5674697806077500e-01,5.8920142167769252e-01,5.6140059740435322e-01,5.0025470745366341e-01,5.7493913916592831e-01
4.3763568228640776e-01,5.5593725159486407e-01,4.2680539132143047e-01,3.2733659404545151e-01,6.1566183608422642e-01,5.7904006744277614e-01,6.7248050242704938e-01,3.6409354795248755e-01,4.1585457545095478e-01,6.0353839376528240e-01,5.5627821434926350e-01,4.3861209768315046e-01,6.7564397487179118e-01,4.2542526185509999e-01,6.8055549850474473e-01,5.6522048932592517e-01,5.3655648959705160e-01,6.0711834431188239e-01,5.4078009160889651e-01,5.6520317654661401e-01,5.4717508983447805e-01,5.0902129491409176e-01,5.5333239421172997e-01,5.1997323281470464e-01,5.4120357236003391e-01,5.5970814774735744e-01,5.4439551756529736e-01,5.0771376272647784e-01,5.2549313630375682e-01,5.2826357502311561e-01
3.5449842908596163e-01,3.7554756161154085e-01,3.6909704883705757e-01,6.6797328366387954e-01,3.5151660885932495e-01,6.3045615022633361e-01,6.8691646852088051e-01,4.3588465643528052e-01,6.4960362910557212e-01,4.3025263530141128e-01,4.1129525467458500e-01,3.3731954344368736e-01,5.5904941656012441e-01,3.8281977219980451e-01,6.0679078463381309e-01,5.5347349203216267e-01,5.8740880049265343e-01,5.4961054633214801e-01,5.8722372807625123e-01,5.4980720034823871e-01,5.2972703387536524e-01,5.2628556346018296e-01,5.9960974606486661e-01,5.1783875829956083e-01,5.6528870452973290e-01,5.2603885261889161e-01,5.1903454373563307e-01,5.4273873768460856e-01,5.4089250443680970e-01,5.8269258209065034e-01
4.1825729475061940e-01,4.8271560955560022e-01,5.8907751212291781e-01,4.5604229222835380e-01,3.9884095309678896e-01,4.1844194869432433e-01,4.5224060020436191e-01,5.6966085419382562e-01,4.4209675080495386e-01,5.9548309345165673e-01,4.9681956766049501e-01,5.9282833194473772e-01,4.4173050274870723e-01,4.5621077062178683e-01,3.9778060308820223e-01,5.3870989518609602e-01,5.5299701478629570e-01,5.7441303046542569e-01,5.2774502219279484e-01,5.6107858397135679e-01,5.3412360750636556e-01,5.4906783520099289e-01,5.4879063078339685e-01,5.2682385308957314e-01,5.6253300323560107e-01,5.6910265337773336e-01,5.5765544262097133e-01,5.3777722966074060e-01,5.7135696337602360e-01,5.3745424462020019e-01
5.2546034046565893e-01,5.0753335656145293e-01,5.1457602992389095e-01,5.7985134068891597e-01,5.8849640753186272e-01,5.3484833369304419e-01,3.9366010398928997e-01,6.1396590184004929e-01,4.1065045846379417e-01,4.8747731962304502e-01,6.2942009752113226e-01,6.4823689358959358e-01,3.4475414212633143e-01,5.2870571421057333e-01,4.4300450347779324e-01,5.2355459476623523e-01,5.3175639056099722e-01,5.5783209413544677e-01,5.2232702708982481e-01,5.5852465561342723e-01,5.6512588802506969e-01,5.6604126558151058e-01,5.3897429676761122e-01,5.6451960587821137e-01,5.6390043213318974e-01,5.3029896006732202e-01,5.6234287734281507e-01,5.9240385408946472e-01,5.8890434865380803e-01,5.7637828118596801e-01
3.2550474967578208e-01,6.1255115948672567e-01,5.2507814380048312e-01,3.3123077152438413e-01,5.7799694709858762e-01,4.1717933604030000e-01,5.3483809965015405e-01,4.4780276413979764e-01,3.8504181483097555e-01,3.5987979934024911e-01,5.9896320137374259e-01,6.4575270323498446e-01,6.5644261072977839e-01,5.3969998383899065e-01,4.8302497082418122e-01,5.7616684909786953e-01,5.5817975249196428e-01,5.3978854640615448e-01,5.7707195204160566e-01,5.8001123997027382e-01,5.5615487185691248e-01,5.6514396743073514e-01,5.5915753188140305e-01,5.8267402949641167e-01,5.7927827876517202e-01,5.3015936559100241e-01,5.3142794273946647e-01,5.2723959120863850e-01,5.7182286977562113e-01,5.7295685145192976e-01
5.3709637704816049e-01,4.5056992454738726e-01,6.1791838120812981e-01,5.6662880737499333e-01,6.3001966724503433e-01,6.1436284742472691e-01,5.5327683102536063e-01,4.7097371176304365e-01,5.8247789217270796e-01,4.7916248720563398e-01,5.2486773471503179e-01,4.9312258576054036e-01,5.0835912532891669e-01,5.9894993937875574e-01,3.2632700852063873e-01,6.1384651632716503e-01,5.3111815229056214e-01,5.5451980660262135e-01,5.5397326734666064e-01,5.5283270411750896e-01,5.4327846035304250e-01,6.1587358722481200e-01,5.6515824978469620e-01,5.6128589555173802e-01,6.1245318974738638e-01,5.8136911118856516e-01,5.5296628662083702e-01,5.8435345957155471e-01,5.3990076543559484e-01,5.4314621943226438e-01
3.9405355761951849e-01,3.7656026053173042e-01,6.7411519659311347e-01,5.1084525726083718e-01,5.3815787426118378e-01,6.3591882260004395e-01,5.6319500398095002e-01,4.6698924972622219e-01,3.8591307097166466e-01,3.6723379174704424e-01,3.8542432446425834e-01,5.1016902335115255e-01,5.2308473305012637e-01,3.7862855965991238e-01,4.7643254657183892e-01,5.6634316263808715e-01,5.4726019055187991e-01,5.7431295312088881e-01,5.4517102652528637e-01,5.3483238675395739e-01,5.6541444142137520e-01,5.6265774485906861e-01,5.4992690981722026e-01,5.5674650316383578e-01,5.7072965105849227e-01,5.6099944408514102e-01,5.6060599424366986e-01,5.1642686268006410e-01,5.7760507284487228e-01,5.7512438069301175e-01
4.5503912380072187e-01,3.5416929164942595e-01,4.6200653208182874e-01,5.4328727435418778e-01,5.0730014823922331e-01,5.6969799083309047e-01,5.2983391667917690e-01,6.7926797516447646e-01,5.6669261859951536e-01,5.8921345146100301e-01,7.0064675714156888e-01,6.6678444839498419e-01,4.1821042400334751e-01,6.8392239245915987e-01,6.1191406518117786e-01,5.4033034971667360e-01,5.5123577875813190e-01,5.1587721061386893e-01,6.0741866678934731e-01,5.6131096634118216e-01,5.5620113648005698e-01,5.9543247095938301e-01,5.6325392312530798e-01,5.5851358090501713e-01,5.6236056401072987e-01,5.3432944022138873e-01,4.8547572213158335e-01,5.5764622479990056e-01,5.2515009879015195e-01,5.7746719330630758e-01
3.4901314094709340e-01,6.5667137241090145e-01,4.1035354466853979e-01,4.6439607304759956e-01,5.5462370665907690e-01,5.5339672143112961e-01,5.1441673525834941e-01,5.0014728446167633e-01,6.5527435407678170e-01,3.6310836849578987e-01,6.3304458948106479e-01,4.9760845774089435e-01,4.4676912801279983e-01,5.6130600205461478e-01,6.0466826037272570e-01,5.2954089669632043e-01,5.6501766529452246e-01,5.4803165898017070e-01,5.5370289499912184e-01,5.2464157964762781e-01,5.2026080241073480e-01,5.4597667136693262e-01,4.6970399246205929e-01,5.4550501680913699e-01,5.6088233960074718e-01,5.4604649656846760e-01,5.6817766531786129e-01,5.2195703535341198e-01,5.6412112746211418e-01,5.5160582265835234e-01
5.5352896131485974e-01,3.9432525004752544e-01,6.0747308875347850e-01,6.1690646532582527e-01,6.3967440326310465e-01,6.8285755901421075e-01,5.0661453509570820e-01,4.1057649210962704e-01,5.1462551098301379e-01,4.8128107935102732e-01,6.1982790877569249e-01,5.6521423223518763e-01,4.5788366256305912e-01,4.3696161292044450e-01,3.9852690955539544e-01,5.4952572272282885e-01,5.7865280473842184e-01,5.8197431158338164e-01,5.1386469973461635e-01,5.0887093205537248e-01,4.9503574379336568e-01,5.6806273422602360e-01,5.1421063272340273e-01,6.0277727627623112e-01,5.6879394039426834e-01,5.2826532112165547e-01,5.3459041096949300e-01,5.8145118572795673e-01,5.6770999616066931e-01,5.5208220721765444e-01
5.9977737742000703e-01,6.6863950068515121e-01,6.2938966810909569e-01,4.4042934990120264e-01,5.4187373411434858e-01,5.3707911018379917e-01,5.8708645548246308e-01,6.6251757014264800e-01,4.5431564681854503e-01,5.9159285658799654e-01,5.0065274456564468e-01,4.4944900515992137e-01,5.9309575026954553e-01,5.3388468543488621e-01,4.7534057172299921e-01,5.4887543039889375e-01,5.5010715003679767e-01,5.7496352816609053e-01,5.7082789191085737e-01,5.8014818874356044e-01,6.1245493158222630e-01,5.3846101217870346e-01,5.1019597912366277e-01,5.3954731029861924e-01,5.7857591785472318e-01,5.8674190515870062e-01,5.3335406147223829e-01,5.6976516137937083e-01,5.6954517044795450e-01,5.5069511658649861e-01
5.6077268798600932e-01,6.3019382977255767e-01,5.8298534547507797e-01,4.3077152562283366e-01,6.5229204750848313e-01,3.8020042197034765e-01,6.4213019865306509e-01,3.7189193454305064e-01,5.4683501541044188e-01,5.5013767557043969e-01,4.4317707072784968e-01,4.0702192390434688e-01,5.7903236139781267e-01,6.2395437823406097e-01,5.5929371473026335e-01,5.5298331976615311e-01,5.4026909807631074e-01,5.6553884224911322e-01,5.2351641699928098e-01,5.3298903822822574e-01,5.2278984933163009e-01,5.3497460290234888e-01,5.4384711562081700e-01,5.4278158203191584e-01,5.1963155782210557e-01,5.9884001953135813e-01,5.6614177741932981e-01,5.5910536344056216e-01,5.3163325905675929e-01,4.9136115900243899e-01
6.5726673612982733e-01,5.8342106824432494e-01,6.0802660638256367e-01,4.0111822352258791e-01,3.2706601317100109e-01,7.0211629177067714e-01,5.9138861852708258e-01,5.3057454219787059e-01,3.5867415505453998e-01,5.3662355382105942e-01,4.8549116229097461e-01,5.5494711281653364e-01,4.5822671231080475e-01,3.3571822917158317e-01,4.1846069616879489e-01,5.8034418044404301e-01,5.5708452555762289e-01,5.3533980982070284e-01,5.5395591366659502e-01,5.5865595837360726e-01,5.0587871403220841e-01,5.8165265503775698e-01,5.3791406238344996e-01,5.4080224735380078e-01,5.2418589251198222e-01,5.6236600772996548e-01,5.7511865612899027e-01,5.6198679633851245e-01,5.2060510623627176e-01,5.5310211208819671e-01
3.3122399388282203e-01,4.1174347884546009e-01,5.9221783319270271e-01,5.2313623317845037e-01,5.3896155341961516e-01,3.9804701616247584e-01,4.6647672404282980e-01,3.9015336306590287e-01,6.6289477464200941e-01,5.8486352310989498e-01,6.3481510583629375e-01,6.2446518728697120e-01,4.4089347979742727e-01,4.5232134719126865e-01,4.3997505277351484e-01,5.8836124306444282e-01,5.6605353701942718e-01,5.5755592584829361e-01,5.5428243026316271e-01,5.2653613956551182e-01,5.7374281015076833e-01,5.6799837122163643e-01,5.5679168457927652e-01,5.6937294439621333e-01,5.5251633950958845e-01,4.8035671842782374e-01,5.0004934489692254e-01,5.4212397766263165e-01,5.2259575509768597e-01,5.2803170028336044e-01
3.7440592394994149e-01,5.8332605561425155e-01,5.0556133102810918e-01,5.6203213021507981e-01,5.3605406150126067e-01,5.5341338354066072e-01,5.3183159213948927e-01,5.6147807526997917e-01,4.2242189513046385e-01,4.2881757088681888e-01,5.8345400394027702e-01,4.2932055237662375e-01,4.9545268400751535e-01,4.3469093965970124e-01,5.2111073465376601e-01,5.2691503546646401e-01,5.5740902537610271e-01,5.7975678931646368e-01,5.8325250323183053e-01,5.7511688683174822e-01,5.6300077174217855e-01,5.5790160661457011e-01,5.5268816645868857e-01,5.9303782136007599e-01,5.6523229352421134e-01,5.5677645464588765e-01,5.2217124694908623e-01,5.6285076276770085e-01,5.5494756968027148e-01,5.5198923503671726e-01
5.0771674352348184e-01,4.0771004736975752e-01,4.6752508380571206e-01,6.0040946460003763e-01,4.9500839676767860e-01,6.9029162333181071e-01,5.1183805088293066e-01,4.8999485095132939e-01,5.4648506463479041e-01,4.5798241511550358e-01,6.5871500948006301e-01,6.5613552857280277e-01,7.2327921962312391e-01,4.2351861302009675e-01,5.7182736828980429e-01,5.6078354253165941e-01,5.4225747687686554e-01,5.5753241087519179e-01,5.4615684246294216e-01,5.9693142035092694e-01,5.6884729117733479e-01,6.1265734536878691e-01,5.6333643894382435e-01,6.1902463860601098e-01,5.3812419172847481e-01,5.6518511198646604e-01,5.7350561965977209e-01,5.0913878100927701e-01,5.7642562356884641e-01,5.4592764556261619e-01
3.6576748791429742e-01,6.1585897973150094e-01,6.6642597248036495e-01,6.6239776377477966e-01,6.2169615441972770e-01,3.7172880687049042e-01,6.1421185550825463e-01,7.0452497926824298e-01,4.4658692123049226e-01,4.9438666788169289e-01,6.1360292715034637e-01,6.3549469450880181e-01,5.2425640905140847e-01,6.7174856561608542e-01,6.2088740390840780e-01,5.7981167007400347e-01,5.7207512732206767e-01,5.5482173673004986e-01,5.9348668266683480e-01,5.5210381278631260e-01,5.6012682742538411e-01,5.2401293297636320e-01,5.4432276599152174e-01,5.4149166307684504e-01,5.3685174286705262e-01,5.3625378791072886e-01,4.8424697085618507e-01,5.1402034536901986e-01,5.5466592452772190e-01,5.4751115702493902e-01
3.7957543210439937e-01,3.9119517505532547e-01,3.8141126951945631e-01,4.2265268429681574e-01,6.3702314649005298e-01,4.4564760985120011e-01,4.2194787133638401e-01,4.3959746403848715e-01,6.5006945118418724e-01,4.9026115951813970e-01,4.9601229695039467e-01,3.5329217028996962e-01,4.8268792853705250e-01,5.0207037020082068e-01,6.5440207554764285e-01,5.9670145301634414e-01,5.7005328596028249e-01,5.3901882344695551e-01,4.9891174667447513e-01,5.2643497393327743e-01,5.5472573471336339e-01,5.1420447972192651e-01,5.3294270467534832e-01,5.5387368976124074e-01,5.1993339674931682e-01,5.4220361886121693e-01,5.6438300477958525e-01,5.4788145240618058e-01,5.7530940619956383e-01,5.7405017288426652e-01
