1.0076419356495681e-03,1.0000000000000000e+00,0.0000000000000000e+00,1.0251224172878263e-03
5.1681312533651425e-03,4.3372287145242074e+00,0.0000000000000000e+00,1.6433804132985675e-03
1.2124166469719460e-02,7.6744574290484140e+00,0.0000000000000000e+00,2.4355229654403135e-03
2.0944872645539001e-02,1.1011686143572621e+01,0.0000000000000000e+00,2.8218950479258938e-03
3.0823507468196992e-02,1.4348914858096828e+01,0.0000000000000000e+00,3.0945768424329896e-03
4.1524405337281092e-02,1.7686143572621035e+01,0.0000000000000000e+00,3.3124041945085565e-03
5.2913042285833975e-02,2.1023372287145243e+01,0.0000000000000000e+00,3.4952837154569351e-03
6.4867094148048365e-02,2.4360601001669448e+01,0.0000000000000000e+00,3.5694385799518794e-03
7.8583381679124958e-02,2.7697829716193656e+01,0.0000000000000000e+00,5.0499215087508459e-03
9.7731160347883567e-02,3.1035058430717864e+01,0.0000000000000000e+00,5.8586630003829646e-03
1.1667466029665532e-01,3.4372287145242069e+01,0.0000000000000000e+00,5.5263585561254394e-03
1.3468753675520656e-01,3.7709515859766277e+01,0.0000000000000000e+00,5.2747171903706758e-03
1.5210889989982651e-01,4.1046744574290486e+01,0.0000000000000000e+00,5.1777314442604944e-03
1.6936967396711922e-01,4.4383973288814694e+01,0.0000000000000000e+00,5.1869952557677818e-03
1.8685460016221977e-01,4.7721202003338895e+01,0.0000000000000000e+00,5.3106558298139234e-03
2.0494030497353546e-01,5.1058430717863104e+01,0.0000000000000000e+00,5.5465119440931548e-03
2.2399569917294226e-01,5.4395659432387312e+01,0.0000000000000000e+00,5.8913118221646105e-03
2.4437958857483033e-01,5.7732888146911520e+01,0.0000000000000000e+00,6.3420873106676823e-03
2.6643954683842658e-01,6.1070116861435729e+01,0.0000000000000000e+00,6.8954290147507924e-03
2.9051469298411930e-01,6.4407345575959937e+01,0.0000000000000000e+00,7.5490260551757948e-03
3.1693209518659882e-01,6.7744574290484138e+01,0.0000000000000000e+00,8.2991701445966071e-03
3.4601311304355364e-01,7.1081803005008354e+01,0.0000000000000000e+00,9.1444153991116217e-03
3.7806617932307113e-01,7.4419031719532555e+01,0.0000000000000000e+00,1.0079638802987789e-02
4.1338733527390070e-01,7.7756260434056756e+01,0.0000000000000000e+00,1.1103408996837816e-02
4.5226869247093865e-01,8.1093489148580971e+01,0.0000000000000000e+00,1.2211595467794240e-02
4.9498600802089809e-01,8.4430717863105173e+01,0.0000000000000000e+00,1.3402771151922455e-02
5.4181053831689840e-01,8.7767946577629388e+01,0.0000000000000000e+00,1.4671732475243060e-02
5.9299786622203376e-01,9.1105175292153589e+01,0.0000000000000000e+00,1.6017277297616705e-02
6.4879671764440028e-01,9.4442404006677791e+01,0.0000000000000000e+00,1.7434845529220644e-02
7.0944570437787113e-01,9.7779632721202006e+01,0.0000000000000000e+00,1.8922870085469112e-02
7.7516523000033988e-01,1.0111686143572621e+02,0.0000000000000000e+00,2.0476166823006681e-02
8.4619558493785374e-01,1.0445409015025042e+02,0.0000000000000000e+00,2.2097798842652117e-02
9.2270714212447036e-01,1.0779131886477462e+02,0.0000000000000000e+00,2.3772884557371809e-02
1.0049385346926345e+00,1.1112854757929883e+02,0.0000000000000000e+00,2.5512563027852542e-02
1.0930400150790391e+00,1.1446577629382304e+02,0.0000000000000000e+00,2.7298455403673594e-02
1.1872059623548237e+00,1.1780300500834724e+02,0.0000000000000000e+00,2.9144856929512852e-02
1.2875993768130765e+00,1.2114023372287146e+02,0.0000000000000000e+00,3.1024420494017435e-02
1.3943607066697532e+00,1.2447746243739566e+02,0.0000000000000000e+00,3.2969647921608836e-02
1.5076613478867560e+00,1.2781469115191986e+02,0.0000000000000000e+00,3.4936445652480108e-02
1.6276254472189331e+00,1.3115191986644408e+02,0.0000000000000000e+00,3.6965542208164281e-02
1.7543800535422092e+00,1.3448914858096828e+02,0.0000000000000000e+00,3.9008146208686090e-02
1.8880621055665876e+00,1.3782637729549248e+02,0.0000000000000000e+00,4.1107939841668939e-02
2.0287273171389431e+00,1.4116360601001671e+02,0.0000000000000000e+00,4.3207622070920881e-02
2.1765217754222097e+00,1.4450083472454091e+02,0.0000000000000000e+00,4.5367411510917055e-02
2.3315224923983542e+00,1.4783806343906511e+02,0.0000000000000000e+00,4.7524016089795618e-02
2.4937431456801433e+00,1.5117529215358931e+02,0.0000000000000000e+00,4.9715796529224532e-02
2.6633594083815213e+00,1.5451252086811351e+02,0.0000000000000000e+00,5.1925987833154386e-02
2.8403294730013720e+00,1.5784974958263774e+02,0.0000000000000000e+00,5.4143948040707768e-02
3.0247644604174391e+00,1.6118697829716194e+02,0.0000000000000000e+00,5.6390213069105410e-02
3.2166919110804701e+00,1.6452420701168614e+02,0.0000000000000000e+00,5.8628744328864224e-02
3.4161137156887063e+00,1.6786143572621035e+02,0.0000000000000000e+00,6.0888613750066378e-02
3.6231140049362880e+00,1.7119866444073455e+02,0.0000000000000000e+00,6.3165284512219033e-02
3.8376683831617422e+00,1.7453589315525878e+02,0.0000000000000000e+00,6.5414228592289181e-02
4.0597490682595136e+00,1.7787312186978298e+02,0.0000000000000000e+00,6.7676426335258055e-02
4.2893413928427542e+00,1.8121035058430718e+02,0.0000000000000000e+00,6.9922099088292278e-02
4.5265072579191026e+00,1.8454757929883138e+02,0.0000000000000000e+00,7.2202084485413653e-02
4.7711949636345521e+00,1.8788480801335558e+02,0.0000000000000000e+00,7.4445908595551114e-02
5.0234309684834857e+00,1.9122203672787981e+02,0.0000000000000000e+00,7.6697885567836188e-02
5.2830419068723664e+00,1.9455926544240401e+02,0.0000000000000000e+00,7.8891396432821281e-02
5.5500382274926983e+00,1.9789649415692821e+02,0.0000000000000000e+00,8.1123193071907185e-02
5.8244720002464430e+00,2.0123372287145241e+02,0.0000000000000000e+00,8.3313773075346820e-02
6.1061135380533296e+00,2.0457095158597662e+02,0.0000000000000000e+00,8.5493831199686010e-02
6.3950716010203710e+00,2.0790818030050085e+02,0.0000000000000000e+00,8.7648115835326834e-02
6.6911022046911226e+00,2.1124540901502505e+02,0.0000000000000000e+00,8.9768341927678907e-02
6.9942088762240333e+00,2.1458263772954925e+02,0.0000000000000000e+00,9.1877572849700773e-02
7.3043083703395997e+00,2.1791986644407345e+02,0.0000000000000000e+00,9.3959832290814838e-02
7.6213197670840849e+00,2.2125709515859765e+02,0.0000000000000000e+00,9.6020349811723360e-02
7.9451067572236447e+00,2.2459432387312188e+02,0.0000000000000000e+00,9.8020516224690102e-02
8.2754582580704223e+00,2.2793155258764608e+02,0.0000000000000000e+00,9.9972648586005519e-02
8.6127537437356736e+00,2.3126878130217028e+02,0.0000000000000000e+00,1.0221078577231602e-01
8.9580195482479930e+00,2.3460601001669448e+02,0.0000000000000000e+00,1.0479015444367867e-01
9.3127995496897160e+00,2.3794323873121868e+02,0.0000000000000000e+00,1.0790498412210958e-01
9.6786792082670718e+00,2.4128046744574291e+02,0.0000000000000000e+00,1.1143917953112759e-01
1.0056894035889284e+01,2.4461769616026712e+02,0.0000000000000000e+00,1.1522248466651952e-01
1.0447605106330114e+01,2.4795492487479132e+02,0.0000000000000000e+00,1.1890736986387385e-01
1.0850499419757378e+01,2.5129215358931552e+02,0.0000000000000000e+00,1.2257402642337922e-01
1.1266079085557271e+01,2.5462938230383972e+02,0.0000000000000000e+00,1.2651790216132852e-01
1.1695117587611985e+01,2.5796661101836395e+02,0.0000000000000000e+00,1.3063059834161983e-01
1.2138142131800453e+01,2.6130383973288815e+02,0.0000000000000000e+00,1.3490084629473920e-01
1.2595700179518806e+01,2.6464106844741235e+02,0.0000000000000000e+00,1.3934470637616680e-01
1.3068410031725993e+01,2.6797829716193655e+02,0.0000000000000000e+00,1.4398253110342107e-01
1.3556920446129750e+01,2.7131552587646075e+02,0.0000000000000000e+00,1.4881420217919050e-01
1.4061889055973408e+01,2.7465275459098496e+02,0.0000000000000000e+00,1.5384870882486279e-01
1.4584030236597469e+01,2.7798998330550916e+02,0.0000000000000000e+00,1.5911003189626616e-01
1.5124127095894746e+01,2.8132721202003341e+02,0.0000000000000000e+00,1.6460869531167432e-01
1.5682969127272262e+01,2.8466444073455762e+02,0.0000000000000000e+00,1.7034650764219084e-01
1.6261393548662124e+01,2.8800166944908182e+02,0.0000000000000000e+00,1.7635040269768520e-01
1.6860332460381905e+01,2.9133889816360602e+02,0.0000000000000000e+00,1.8264195049283050e-01
1.7480758586697910e+01,2.9467612687813022e+02,0.0000000000000000e+00,1.8922985532347969e-01
1.8123690073630051e+01,2.9801335559265442e+02,0.0000000000000000e+00,1.9613277230374493e-01
1.8790210710813874e+01,3.0135058430717862e+02,0.0000000000000000e+00,2.0337096097399687e-01
1.9481486728241176e+01,3.0468781302170282e+02,0.0000000000000000e+00,2.1097235007253623e-01
2.0198754676660855e+01,3.0802504173622702e+02,0.0000000000000000e+00,2.1894976539396716e-01
2.0943286242575525e+01,3.1136227045075123e+02,0.0000000000000000e+00,2.2730998037006422e-01
2.1716353728788146e+01,3.1469949916527548e+02,0.0000000000000000e+00,2.3605672861853400e-01
2.2519305492394476e+01,3.1803672787979968e+02,0.0000000000000000e+00,2.4522523871237389e-01
2.3353626322912376e+01,3.2137395659432389e+02,0.0000000000000000e+00,2.5486533029329372e-01
2.4220911192327261e+01,3.2471118530884809e+02,0.0000000000000000e+00,2.6497372390101859e-01
2.5122703726183374e+01,3.2804841402337229e+02,0.0000000000000000e+00,2.7555187419966742e-01
2.6060605616546376e+01,3.3138564273789649e+02,0.0000000000000000e+00,2.8660533284421064e-01
2.7036158650617324e+01,3.3472287145242069e+02,0.0000000000000000e+00,2.9813319388282977e-01
2.8051078521493089e+01,3.3806010016694489e+02,0.0000000000000000e+00,3.1018458111397074e-01
2.9106913771308292e+01,3.4139732888146909e+02,0.0000000000000000e+00,3.2263826607628765e-01
3.0204887413481821e+01,3.4473455759599329e+02,0.0000000000000000e+00,3.3542523600651464e-01
3.1346078269848618e+01,3.4807178631051755e+02,0.0000000000000000e+00,3.4857495192563270e-01
3.2531917051390572e+01,3.5140901502504175e+02,0.0000000000000000e+00,3.6214218442530921e-01
3.3763302301472748e+01,3.5474624373956595e+02,0.0000000000000000e+00,3.7583758403664902e-01
3.5040444460024318e+01,3.5808347245409016e+02,0.0000000000000000e+00,3.8954789423697989e-01
3.6363232701304909e+01,3.6142070116861436e+02,0.0000000000000000e+00,4.0317177831424011e-01
3.7731077162063315e+01,3.6475792988313856e+02,0.0000000000000000e+00,4.1651815555169946e-01
3.9142942471316942e+01,3.6809515859766276e+02,0.0000000000000000e+00,4.2953468190471966e-01
4.0597243798333707e+01,3.7143238731218696e+02,0.0000000000000000e+00,4.4188913942606689e-01
4.2091321435081966e+01,3.7476961602671116e+02,0.0000000000000000e+00,4.5334487780371902e-01
4.3621846130292830e+01,3.7810684474123542e+02,0.0000000000000000e+00,4.6370342376672014e-01
4.5184900068635372e+01,3.8144407345575962e+02,0.0000000000000000e+00,4.7281078615196748e-01
4.6776021003181576e+01,3.8478130217028382e+02,0.0000000000000000e+00,4.8051324279658303e-01
4.8390480568231482e+01,3.8811853088480802e+02,0.0000000000000000e+00,4.8678639996504458e-01
5.0023380275812087e+01,3.9145575959933223e+02,0.0000000000000000e+00,4.9154811853946612e-01
5.1669535214796596e+01,3.9479298831385643e+02,0.0000000000000000e+00,4.9474116949230762e-01
5.3323680841739488e+01,3.9813021702838063e+02,0.0000000000000000e+00,4.9631757127040288e-01
5.4980717082045288e+01,4.0146744574290483e+02,0.0000000000000000e+00,4.9654463613559230e-01
5.6636543713061698e+01,4.0480467445742903e+02,0.0000000000000000e+00,4.9559648210374974e-01
5.8287351335712017e+01,4.0814190317195323e+02,0.0000000000000000e+00,4.9356516747500834e-01
5.9929754595070314e+01,4.1147913188647749e+02,0.0000000000000000e+00,4.9055704282360324e-01
6.1560557285263179e+01,4.1481636060100169e+02,0.0000000000000000e+00,4.8666990166747581e-01
6.3177555105416339e+01,4.1815358931552589e+02,0.0000000000000000e+00,4.8233059226327768e-01
6.4779306390309770e+01,4.2149081803005009e+02,0.0000000000000000e+00,4.7750763691986720e-01
6.6364157214042308e+01,4.2482804674457429e+02,0.0000000000000000e+00,4.7224164562801363e-01
6.7931135390610621e+01,4.2816527545909850e+02,0.0000000000000000e+00,4.6683649273737160e-01
6.9479945347759013e+01,4.3150250417362270e+02,0.0000000000000000e+00,4.6134958260284975e-01
7.1010361981092103e+01,4.3483973288814690e+02,0.0000000000000000e+00,4.5583272661341212e-01
7.2522408164497165e+01,4.3817696160267110e+02,0.0000000000000000e+00,4.5034674511633455e-01
7.4016288444119738e+01,4.4151419031719530e+02,0.0000000000000000e+00,4.4494866697577251e-01
7.5492319511427667e+01,4.4485141903171956e+02,0.0000000000000000e+00,4.3965975306154803e-01
7.6950954625499904e+01,4.4818864774624376e+02,0.0000000000000000e+00,4.3452888975197368e-01
7.8392782910012087e+01,4.5152587646076796e+02,0.0000000000000000e+00,4.2959666275080721e-01
7.9818511129368517e+01,4.5486310517529216e+02,0.0000000000000000e+00,4.2487278759621461e-01
8.1228879283999859e+01,4.5820033388981636e+02,0.0000000000000000e+00,4.2040813946631772e-01
8.2624790853698755e+01,4.6153756260434056e+02,0.0000000000000000e+00,4.1619833100828529e-01
8.4006986036334141e+01,4.6487479131886477e+02,0.0000000000000000e+00,4.1217565690288893e-01
8.5376054104007864e+01,4.6821202003338897e+02,0.0000000000000000e+00,4.0834822537390636e-01
8.6732852778895690e+01,4.7154924874791317e+02,0.0000000000000000e+00,4.0483699199446477e-01
8.8078464342910877e+01,4.7488647746243737e+02,0.0000000000000000e+00,4.0162894931362558e-01
8.9413657580880738e+01,4.7822370617696163e+02,0.0000000000000000e+00,3.9856314733336973e-01
9.0738834157311629e+01,4.8156093489148583e+02,0.0000000000000000e+00,3.9565003401959586e-01
9.2054704113978957e+01,4.8489816360601003e+02,0.0000000000000000e+00,3.9301266101468713e-01
9.3362357842233919e+01,4.8823539232053423e+02,0.0000000000000000e+00,3.9070255364124762e-01
9.4662671444691455e+01,4.9157262103505843e+02,0.0000000000000000e+00,3.8860623299217423e-01
9.5956257967499397e+01,4.9490984974958263e+02,0.0000000000000000e+00,3.8667106084957936e-01
9.7243742398434080e+01,4.9824707846410683e+02,0.0000000000000000e+00,3.8495617158779538e-01
9.8525901538874777e+01,5.0158430717863104e+02,0.0000000000000000e+00,3.8348365399464512e-01
9.9803540578320678e+01,5.0492153589315524e+02,0.0000000000000000e+00,3.8223938498853016e-01
1.0107734731618586e+02,5.0825876460767944e+02,0.0000000000000000e+00,3.8117904373920908e-01
1.0234789018872678e+02,5.1159599332220370e+02,0.0000000000000000e+00,3.8029287709885295e-01
1.0361585103381843e+02,5.1493322203672790e+02,0.0000000000000000e+00,3.7963558476035786e-01
1.0488204369801481e+02,5.1827045075125204e+02,0.0000000000000000e+00,3.7923445823962965e-01
1.0614727241549039e+02,5.2160767946577630e+02,0.0000000000000000e+00,3.7905291891419068e-01
1.0741225850117064e+02,5.2494490818030044e+02,0.0000000000000000e+00,3.7908706542221893e-01
1.0867772738444791e+02,5.2828213689482470e+02,0.0000000000000000e+00,3.7934879033477387e-01
1.0994443691331813e+02,5.3161936560934896e+02,0.0000000000000000e+00,3.7981873983724768e-01
1.1121298121086447e+02,5.3495659432387311e+02,0.0000000000000000e+00,3.8045360064475631e-01
1.1248403259105842e+02,5.3829382303839736e+02,0.0000000000000000e+00,3.8133191662708299e-01
1.1375853424449160e+02,5.4163105175292151e+02,0.0000000000000000e+00,3.8254061870626543e-01
1.1503761648153480e+02,5.4496828046744577e+02,0.0000000000000000e+00,3.8405664791479666e-01
1.1632218143247198e+02,5.4830550918196991e+02,0.0000000000000000e+00,3.8581151547055015e-01
1.1761287382749936e+02,5.5164273789649417e+02,0.0000000000000000e+00,3.8774613337290020e-01
1.1891052307073946e+02,5.5497996661101831e+02,0.0000000000000000e+00,3.8998815290776889e-01
1.2021625190722690e+02,5.5831719532554257e+02,0.0000000000000000e+00,3.9260087822186307e-01
1.2153132569930281e+02,5.6165442404006683e+02,0.0000000000000000e+00,3.9558296803807735e-01
1.2285694344806672e+02,5.6499165275459097e+02,0.0000000000000000e+00,3.9890151156934195e-01
1.2419408408206002e+02,5.6832888146911523e+02,0.0000000000000000e+00,4.0251589154501488e-01
1.2554402571941336e+02,5.7166611018363938e+02,0.0000000000000000e+00,4.0658453836368835e-01
1.2690841751533054e+02,5.7500333889816363e+02,0.0000000000000000e+00,4.1118794756523869e-01
1.2828908459023415e+02,5.7834056761268778e+02,0.0000000000000000e+00,4.1633436489003373e-01
1.2968786509964610e+02,5.8167779632721204e+02,0.0000000000000000e+00,4.2207704756854980e-01
1.3110685454390625e+02,5.8501502504173618e+02,0.0000000000000000e+00,4.2835292465086638e-01
1.3254756572391571e+02,5.8835225375626044e+02,0.0000000000000000e+00,4.3524183525546078e-01
1.3401365688038402e+02,5.9168948247078470e+02,0.0000000000000000e+00,4.4361334883994630e-01
1.3550842245282888e+02,5.9502671118530884e+02,0.0000000000000000e+00,4.5168158998904318e-01
1.3702339817738431e+02,5.9836393989983310e+02,0.0000000000000000e+00,4.5596769254449754e-01
1.3855072565045268e+02,6.0170116861435724e+02,0.0000000000000000e+00,4.5913834924677843e-01
1.4008711898663717e+02,6.0503839732888150e+02,0.0000000000000000e+00,4.6159774433493794e-01
1.4163154458113274e+02,6.0837562604340565e+02,0.0000000000000000e+00,4.6395488894385295e-01
1.4318340375524136e+02,6.1171285475792990e+02,0.0000000000000000e+00,4.6595673640379687e-01
1.4474053931090799e+02,6.1505008347245405e+02,0.0000000000000000e+00,4.6715835718789123e-01
1.4630138542767935e+02,6.1838731218697831e+02,0.0000000000000000e+00,4.6833082689638417e-01
1.4786702919323469e+02,6.2172454090150245e+02,0.0000000000000000e+00,4.7006375683974255e-01
1.4943919325232500e+02,6.2506176961602671e+02,0.0000000000000000e+00,4.7214599600829388e-01
1.5101793952709744e+02,6.2839899833055097e+02,0.0000000000000000e+00,4.7394163683181745e-01
1.5260245607064513e+02,6.3173622704507511e+02,0.0000000000000000e+00,4.7565882763380074e-01
1.5419269457478347e+02,6.3507345575959937e+02,0.0000000000000000e+00,4.7737095888965797e-01
1.5578865174445426e+02,6.3841068447412351e+02,0.0000000000000000e+00,4.7908500775447749e-01
1.5739031067036836e+02,6.4174791318864777e+02,0.0000000000000000e+00,4.8078436120351142e-01
1.5899760458874468e+02,6.4508514190317192e+02,0.0000000000000000e+00,4.8246367410285274e-01
1.6061047913402322e+02,6.4842237061769617e+02,0.0000000000000000e+00,4.8412939960255130e-01
1.6222889168976312e+02,6.5175959933222032e+02,0.0000000000000000e+00,4.8578245232683059e-01
1.6385279712149801e+02,6.5509682804674458e+02,0.0000000000000000e+00,4.8742062616153703e-01
1.6548214271469442e+02,6.5843405676126883e+02,0.0000000000000000e+00,4.8904417481826101e-01
1.6711688410867794e+02,6.6177128547579298e+02,0.0000000000000000e+00,4.9065122242301129e-01
1.6875693786706995e+02,6.6510851419031724e+02,0.0000000000000000e+00,4.9222661974408766e-01
1.7040219347182523e+02,6.6844574290484138e+02,0.0000000000000000e+00,4.9377001851708258e-01
1.7205256918196278e+02,6.7178297161936564e+02,0.0000000000000000e+00,4.9529698930775368e-01
1.7370800916802540e+02,6.7512020033388978e+02,0.0000000000000000e+00,4.9680513545712301e-01
1.7536846491181410e+02,6.7845742904841404e+02,0.0000000000000000e+00,4.9830537170317513e-01
1.7703392943166980e+02,6.8179465776293819e+02,0.0000000000000000e+00,4.9980719149006347e-01
1.7870439849297875e+02,6.8513188647746244e+02,0.0000000000000000e+00,5.0130097594311707e-01
1.8037982803867351e+02,6.8846911519198659e+02,0.0000000000000000e+00,5.0278225645342189e-01
1.8206017933085846e+02,6.9180634390651085e+02,0.0000000000000000e+00,5.0424775897356966e-01
1.8374536980169029e+02,6.9514357262103510e+02,0.0000000000000000e+00,5.0568006679126398e-01
1.8543528097475064e+02,6.9848080133555925e+02,0.0000000000000000e+00,5.0707968737760467e-01
1.8712984140781782e+02,7.0181803005008351e+02,0.0000000000000000e+00,5.0846681724496534e-01
1.8882899901036120e+02,7.0515525876460765e+02,0.0000000000000000e+00,5.0983641412112490e-01
1.9053272834745565e+02,7.0849248747913191e+02,0.0000000000000000e+00,5.1121231750775564e-01
1.9224109476582470e+02,7.1182971619365605e+02,0.0000000000000000e+00,5.1261552813065236e-01
1.9395416133490644e+02,7.1516694490818031e+02,0.0000000000000000e+00,5.1402181149140347e-01
1.9567189710544821e+02,7.1850417362270446e+02,0.0000000000000000e+00,5.1541473735859711e-01
1.9739425852211474e+02,7.2184140233722871e+02,0.0000000000000000e+00,5.1679177840276225e-01
1.9912115208614097e+02,7.2517863105175297e+02,0.0000000000000000e+00,5.1812674330345487e-01
2.0085242254229681e+02,7.2851585976627712e+02,0.0000000000000000e+00,5.1941817082503405e-01
2.0258797062896969e+02,7.3185308848080138e+02,0.0000000000000000e+00,5.2069397921876259e-01
2.0432776470288161e+02,7.3519031719532552e+02,0.0000000000000000e+00,5.2196164554982261e-01
2.0607176787066845e+02,7.3852754590984978e+02,0.0000000000000000e+00,5.2321839809444270e-01
2.0781996184859761e+02,7.4186477462437392e+02,0.0000000000000000e+00,5.2447331649123896e-01
2.0957233555560285e+02,7.4520200333889818e+02,0.0000000000000000e+00,5.2572178004299985e-01
2.1132885413984650e+02,7.4853923205342232e+02,0.0000000000000000e+00,5.2695667971785554e-01
2.1308947347988448e+02,7.5187646076794658e+02,0.0000000000000000e+00,5.2818038251832888e-01
2.1485416114663332e+02,7.5521368948247084e+02,0.0000000000000000e+00,5.2939474946052201e-01
2.1662288623873218e+02,7.5855091819699499e+02,0.0000000000000000e+00,5.3060021199245000e-01
2.1839562114664619e+02,7.6188814691151924e+02,0.0000000000000000e+00,5.3179736970012925e-01
2.2017232975528066e+02,7.6522537562604339e+02,0.0000000000000000e+00,5.3298177643807776e-01
2.2195297867821574e+02,7.6856260434056765e+02,0.0000000000000000e+00,5.3416052116266144e-01
2.2373756447352440e+02,7.7189983305509179e+02,0.0000000000000000e+00,5.3534161021741511e-01
2.2552609204731536e+02,7.7523706176961605e+02,0.0000000000000000e+00,5.3652034653592295e-01
2.2731853609754688e+02,7.7857429048414019e+02,0.0000000000000000e+00,5.3769047902247280e-01
2.2911487725445201e+02,7.8191151919866445e+02,0.0000000000000000e+00,5.3885386296174431e-01
2.3091506331688470e+02,7.8524874791318859e+02,0.0000000000000000e+00,5.3999042692736055e-01
2.3271897689426396e+02,7.8858597662771285e+02,0.0000000000000000e+00,5.4108818031700423e-01
2.3452651687669794e+02,7.9192320534223711e+02,0.0000000000000000e+00,5.4216905187460895e-01
2.3633764452902557e+02,7.9526043405676126e+02,0.0000000000000000e+00,5.4323640398737894e-01
2.3815231896164909e+02,7.9859766277128551e+02,0.0000000000000000e+00,5.4429842598837297e-01
2.3997057358832575e+02,8.0193489148580966e+02,0.0000000000000000e+00,5.4538665194739622e-01
2.4179251335947097e+02,8.0527212020033392e+02,0.0000000000000000e+00,5.4650317060777809e-01
2.4361817182739691e+02,8.0860934891485806e+02,0.0000000000000000e+00,5.4761186472710222e-01
2.4544752314693915e+02,8.1194657762938232e+02,0.0000000000000000e+00,5.4871600771639351e-01
2.4728052858897172e+02,8.1528380634390646e+02,0.0000000000000000e+00,5.4979576181672485e-01
2.4911704578145640e+02,8.1862103505843072e+02,0.0000000000000000e+00,5.5081870280513101e-01
2.5095689296721397e+02,8.2195826377295498e+02,0.0000000000000000e+00,5.5179935264099811e-01
2.5280000414448261e+02,8.2529549248747912e+02,0.0000000000000000e+00,5.5277450091462299e-01
2.5464635107609396e+02,8.2863272120200338e+02,0.0000000000000000e+00,5.5374037140069277e-01
2.5649593253733133e+02,8.3196994991652753e+02,0.0000000000000000e+00,5.5471851128683625e-01
2.5834883225142897e+02,8.3530717863105178e+02,0.0000000000000000e+00,5.5572856156531714e-01
2.6020513085050629e+02,8.3864440734557593e+02,0.0000000000000000e+00,5.5674784883599671e-01
2.6206480819048664e+02,8.4198163606010019e+02,0.0000000000000000e+00,5.5775485091930932e-01
2.6392783180165719e+02,8.4531886477462433e+02,0.0000000000000000e+00,5.5875280921449644e-01
2.6579415877401550e+02,8.4865609348914859e+02,0.0000000000000000e+00,5.5973203634874835e-01
2.6766371307399424e+02,8.5199332220367273e+02,0.0000000000000000e+00,5.6068757027082938e-01
2.6953643312592101e+02,8.5533055091819699e+02,0.0000000000000000e+00,5.6163236577974374e-01
2.7141230292789260e+02,8.5866777963272125e+02,0.0000000000000000e+00,5.6257548893240994e-01
2.7329130824946247e+02,8.6200500834724539e+02,0.0000000000000000e+00,5.6350947779073124e-01
2.7517340673490264e+02,8.6534223706176965e+02,0.0000000000000000e+00,5.6442905360894713e-01
2.7705855158093038e+02,8.6867946577629380e+02,0.0000000000000000e+00,5.6533581734919380e-01
2.7894671141278042e+02,8.7201669449081805e+02,0.0000000000000000e+00,5.6623665832027825e-01
2.8083785543742999e+02,8.7535392320534220e+02,0.0000000000000000e+00,5.6712321407808020e-01
2.8273195919856164e+02,8.7869115191986646e+02,0.0000000000000000e+00,5.6801506177842498e-01
2.8462907241231602e+02,8.8202838063439060e+02,0.0000000000000000e+00,5.6892771547033760e-01
2.8652925868301156e+02,8.8536560934891486e+02,0.0000000000000000e+00,5.6985375808613981e-01
2.8843252142875303e+02,8.8870283806343912e+02,0.0000000000000000e+00,5.7076950657192072e-01
2.9033884158468254e+02,8.9204006677796326e+02,0.0000000000000000e+00,5.7168642290460525e-01
2.9224818427535979e+02,8.9537729549248752e+02,0.0000000000000000e+00,5.7257537283105364e-01
2.9416042060315198e+02,8.9871452420701166e+02,0.0000000000000000e+00,5.7342044307067397e-01
2.9607542149165118e+02,9.0205175292153592e+02,0.0000000000000000e+00,5.7423674540258673e-01
2.9799314472293383e+02,9.0538898163606007e+02,0.0000000000000000e+00,5.7505352057047787e-01
2.9991357431576739e+02,9.0872621035058432e+02,0.0000000000000000e+00,5.7585895906224494e-01
3.0183671024140540e+02,9.1206343906510847e+02,0.0000000000000000e+00,5.7667972416807345e-01
3.0376262857372251e+02,9.1540066777963273e+02,0.0000000000000000e+00,5.7752577372153269e-01
3.0569139237922349e+02,9.1873789649415698e+02,0.0000000000000000e+00,5.7838114786656547e-01
3.0762299235679245e+02,9.2207512520868113e+02,0.0000000000000000e+00,5.7922475798496009e-01
3.0955740393521154e+02,9.2541235392320539e+02,0.0000000000000000e+00,5.8006585140437039e-01
3.1149459287443671e+02,9.2874958263772953e+02,0.0000000000000000e+00,5.8088660945934123e-01
3.1343447812680438e+02,9.3208681135225379e+02,0.0000000000000000e+00,5.8168270037022296e-01
3.1537699644192423e+02,9.3542404006677793e+02,0.0000000000000000e+00,5.8246687860932411e-01
3.1732212727876049e+02,9.3876126878130219e+02,0.0000000000000000e+00,5.8324860537891254e-01
3.1926985528448006e+02,9.4209849749582634e+02,0.0000000000000000e+00,5.8402408364604241e-01
3.2122018304394589e+02,9.4543572621035059e+02,0.0000000000000000e+00,5.8480883864837097e-01
3.2317315155823940e+02,9.4877295492487474e+02,0.0000000000000000e+00,5.8560557085988307e-01
3.2512877931461776e+02,9.5211018363939900e+02,0.0000000000000000e+00,5.8640076283822395e-01
3.2708705432314571e+02,9.5544741235392326e+02,0.0000000000000000e+00,5.8719215986556605e-01
3.2904796348062791e+02,9.5878464106844740e+02,0.0000000000000000e+00,5.8797786119431805e-01
3.3101145714418220e+02,9.6212186978297166e+02,0.0000000000000000e+00,5.8873814140723368e-01
3.3297743781356775e+02,9.6545909849749580e+02,0.0000000000000000e+00,5.8946980747181499e-01
3.3494584372222880e+02,9.6879632721202006e+02,0.0000000000000000e+00,5.9019443718480602e-01
3.3691664988835498e+02,9.7213355592654420e+02,0.0000000000000000e+00,5.9090696171980994e-01
3.3888982618251850e+02,9.7547078464106846e+02,0.0000000000000000e+00,5.9161854627193122e-01
3.4086542045729874e+02,9.7880801335559261e+02,0.0000000000000000e+00,5.9236111606831798e-01
3.4284355733496506e+02,9.8214524207011686e+02,0.0000000000000000e+00,5.9314041497847825e-01
3.4482430144834962e+02,9.8548247078464112e+02,0.0000000000000000e+00,5.9391617813449216e-01
3.4680763989761772e+02,9.8881969949916527e+02,0.0000000000000000e+00,5.9470097805898092e-01
3.4879358790362198e+02,9.9215692821368953e+02,0.0000000000000000e+00,5.9547083073627505e-01
3.5078200367381470e+02,9.9549415692821367e+02,0.0000000000000000e+00,5.9617117756478422e-01
3.5277261836377284e+02,9.9883138564273793e+02,0.0000000000000000e+00,5.9679144999674349e-01
3.5476525107742935e+02,1.0021686143572621e+03,0.0000000000000000e+00,5.9739729266300401e-01
3.5675990292478434e+02,1.0055058430717863e+03,0.0000000000000000e+00,5.9798858586324855e-01
3.5875650640484253e+02,1.0088430717863105e+03,0.0000000000000000e+00,5.9858451281407099e-01
3.6075522396800307e+02,1.0121803005008347e+03,0.0000000000000000e+00,5.9926586481579136e-01
3.6275639608234127e+02,1.0155175292153589e+03,0.0000000000000000e+00,6.0004970035913630e-01
3.6476026916690148e+02,1.0188547579298831e+03,0.0000000000000000e+00,6.0086285499042447e-01
3.6676680403729716e+02,1.0221919866444074e+03,0.0000000000000000e+00,6.0165893229667233e-01
3.6877602818800460e+02,1.0255292153589317e+03,0.0000000000000000e+00,6.0245700898663301e-01
3.7078777734520031e+02,1.0288664440734558e+03,0.0000000000000000e+00,6.0316372545324271e-01
3.7280168913091131e+02,1.0322036727879799e+03,0.0000000000000000e+00,6.0375860341638088e-01
3.7481747254287018e+02,1.0355409015025041e+03,0.0000000000000000e+00,6.0430143879653997e-01
3.7683510903032573e+02,1.0388781302170285e+03,0.0000000000000000e+00,6.0486620251055001e-01
3.7885459885779892e+02,1.0422153589315526e+03,0.0000000000000000e+00,6.0541553227075440e-01
3.8087597948049853e+02,1.0455525876460767e+03,0.0000000000000000e+00,6.0600651614993239e-01
3.8289943252767773e+02,1.0488898163606009e+03,0.0000000000000000e+00,6.0665653659502539e-01
3.8492511651160532e+02,1.0522270450751253e+03,0.0000000000000000e+00,6.0733652400745086e-01
3.8695304388456213e+02,1.0555642737896494e+03,0.0000000000000000e+00,6.0799533372609460e-01
3.8898315442855238e+02,1.0589015025041735e+03,0.0000000000000000e+00,6.0864992183950051e-01
3.9101545075584880e+02,1.0622387312186979e+03,0.0000000000000000e+00,6.0930410583362971e-01
3.9304992603610037e+02,1.0655759599332221e+03,0.0000000000000000e+00,6.0995577588127503e-01
3.9508656658758650e+02,1.0689131886477462e+03,0.0000000000000000e+00,6.1060062595403508e-01
3.9712535724593602e+02,1.0722504173622704e+03,0.0000000000000000e+00,6.1124787758078014e-01
3.9916631792397783e+02,1.0755876460767947e+03,0.0000000000000000e+00,6.1189813450458530e-01
4.0120942086459297e+02,1.0789248747913189e+03,0.0000000000000000e+00,6.1252513851783874e-01
4.0325453915100252e+02,1.0822621035058430e+03,0.0000000000000000e+00,6.1310569865690923e-01
4.0530152843638848e+02,1.0855993322203674e+03,0.0000000000000000e+00,6.1365304925402597e-01
4.0735033797048436e+02,1.0889365609348915e+03,0.0000000000000000e+00,6.1419740828483782e-01
4.0940096063665419e+02,1.0922737896494157e+03,0.0000000000000000e+00,6.1473998021261878e-01
4.1145339755713565e+02,1.0956110183639398e+03,0.0000000000000000e+00,6.1528812387018661e-01
4.1350771154619065e+02,1.0989482470784642e+03,0.0000000000000000e+00,6.1586705423422927e-01
4.1556401019563032e+02,1.1022854757929883e+03,0.0000000000000000e+00,6.1647532865615062e-01
4.1762235116209195e+02,1.1056227045075125e+03,0.0000000000000000e+00,6.1708667532364814e-01
4.1968271150279338e+02,1.1089599332220366e+03,0.0000000000000000e+00,6.1768414616921063e-01
4.2174506342584266e+02,1.1122971619365610e+03,0.0000000000000000e+00,6.1828472778790911e-01
4.2380944438133690e+02,1.1156343906510851e+03,0.0000000000000000e+00,6.1890100195267905e-01
4.2587590802502598e+02,1.1189716193656093e+03,0.0000000000000000e+00,6.1953198062954584e-01
4.2794448517068440e+02,1.1223088480801337e+03,0.0000000000000000e+00,6.2016342500167809e-01
4.3001515847325544e+02,1.1256460767946578e+03,0.0000000000000000e+00,6.2079268341761917e-01
4.3208794278853509e+02,1.1289833055091819e+03,0.0000000000000000e+00,6.2142137732914193e-01
4.3416276646760411e+02,1.1323205342237061e+03,0.0000000000000000e+00,6.2201123145298709e-01
4.3623947060130297e+02,1.1356577629382305e+03,0.0000000000000000e+00,6.2254924453490901e-01
4.3831790371195206e+02,1.1389949916527546e+03,0.0000000000000000e+00,6.2305286931177761e-01
4.4039802173665197e+02,1.1423322203672788e+03,0.0000000000000000e+00,6.2356214695637391e-01
4.4247983590968408e+02,1.1456694490818029e+03,0.0000000000000000e+00,6.2406720201505550e-01
4.4456332931161154e+02,1.1490066777963273e+03,0.0000000000000000e+00,6.2456958569693199e-01
4.4664850105668967e+02,1.1523439065108514e+03,0.0000000000000000e+00,6.2507358615111741e-01
4.4873536225592846e+02,1.1556811352253756e+03,0.0000000000000000e+00,6.2558272988707131e-01
4.5082392106398385e+02,1.1590183639398999e+03,0.0000000000000000e+00,6.2608706426249228e-01
4.5291413628672490e+02,1.1623555926544241e+03,0.0000000000000000e+00,6.2657585093744217e-01
4.5500597576030088e+02,1.1656928213689482e+03,0.0000000000000000e+00,6.2706949934279521e-01
4.5709953916849599e+02,1.1690300500834724e+03,0.0000000000000000e+00,6.2761140358432499e-01
4.5919499886817994e+02,1.1723672787979967e+03,0.0000000000000000e+00,6.2820078813297187e-01
4.6129244230204188e+02,1.1757045075125209e+03,0.0000000000000000e+00,6.2879710481939810e-01
4.6339188889750477e+02,1.1790417362270450e+03,0.0000000000000000e+00,6.2940209524791157e-01
4.6549336770163166e+02,1.1823789649415694e+03,0.0000000000000000e+00,6.3001221245316685e-01
4.6759678665387520e+02,1.1857161936560935e+03,0.0000000000000000e+00,6.3054754682164571e-01
4.6970180408237508e+02,1.1890534223706177e+03,0.0000000000000000e+00,6.3096945786502090e-01
4.7180810505487153e+02,1.1923906510851418e+03,0.0000000000000000e+00,6.3133807614154591e-01
4.7391564224522426e+02,1.1957278797996662e+03,0.0000000000000000e+00,6.3170368912646779e-01
4.7602436303938362e+02,1.1990651085141903e+03,0.0000000000000000e+00,6.3205390570840336e-01
4.7813429957112078e+02,1.2024023372287145e+03,0.0000000000000000e+00,6.3244969048091093e-01
4.8024579754991555e+02,1.2057395659432386e+03,0.0000000000000000e+00,6.3299633557669210e-01
4.8235936824824546e+02,1.2090767946577630e+03,0.0000000000000000e+00,6.3368110135829170e-01
4.8447525640601640e+02,1.2124140233722871e+03,0.0000000000000000e+00,6.3436471055371157e-01
4.8659342684257899e+02,1.2157512520868113e+03,0.0000000000000000e+00,6.3505919923588294e-01
4.8871390666716320e+02,1.2190884808013357e+03,0.0000000000000000e+00,6.3573460528593273e-01
4.9083649321050245e+02,1.2224257095158598e+03,0.0000000000000000e+00,6.3630332233555009e-01
4.9296071361840779e+02,1.2257629382303840e+03,0.0000000000000000e+00,6.3671885543038798e-01
4.9508613485748828e+02,1.2291001669449081e+03,0.0000000000000000e+00,6.3704722450572149e-01
4.9721270211608743e+02,1.2324373956594325e+03,0.0000000000000000e+00,6.3740479658571303e-01
4.9934044780768295e+02,1.2357746243739566e+03,0.0000000000000000e+00,6.3775216748717867e-01
5.0146937749607866e+02,1.2391118530884808e+03,0.0000000000000000e+00,6.3812049774170987e-01
5.0359962145552890e+02,1.2424490818030049e+03,0.0000000000000000e+00,6.3854471397573320e-01
5.0573137529602508e+02,1.2457863105175293e+03,0.0000000000000000e+00,6.3902238062428296e-01
5.0786475533801774e+02,1.2491235392320534e+03,0.0000000000000000e+00,6.3950606587312109e-01
5.0999970266404347e+02,1.2524607679465776e+03,0.0000000000000000e+00,6.3996508451990053e-01
5.1213617167162670e+02,1.2557979966611019e+03,0.0000000000000000e+00,6.4042405726559082e-01
5.1427422193941311e+02,1.2591352253756261e+03,0.0000000000000000e+00,6.4091477256292251e-01
5.1641397172365600e+02,1.2624724540901502e+03,0.0000000000000000e+00,6.4144109282784711e-01
5.1855550648997462e+02,1.2658096828046744e+03,0.0000000000000000e+00,6.4198107573679408e-01
5.2069884537276255e+02,1.2691469115191987e+03,0.0000000000000000e+00,6.4252059953128082e-01
5.2284399143823907e+02,1.2724841402337229e+03,0.0000000000000000e+00,6.4306698158489439e-01
5.2499094040172452e+02,1.2758213689482470e+03,0.0000000000000000e+00,6.4358673763658203e-01
5.2713950046996160e+02,1.2791585976627714e+03,0.0000000000000000e+00,6.4403116621551248e-01
5.2928941798066205e+02,1.2824958263772955e+03,0.0000000000000000e+00,6.4440721406046464e-01
5.3144054560692507e+02,1.2858330550918197e+03,0.0000000000000000e+00,6.4476278864827918e-01
5.3359288084162858e+02,1.2891702838063438e+03,0.0000000000000000e+00,6.4513317303456574e-01
5.3574645168871098e+02,1.2925075125208682e+03,0.0000000000000000e+00,6.4549951686370832e-01
5.3790125300994021e+02,1.2958447412353923e+03,0.0000000000000000e+00,6.4587567081989050e-01
5.4005734432938732e+02,1.2991819699499165e+03,0.0000000000000000e+00,6.4627247975712976e-01
5.4221479099968030e+02,1.3025191986644406e+03,0.0000000000000000e+00,6.4668668073355207e-01
5.4437363183942762e+02,1.3058564273789650e+03,0.0000000000000000e+00,6.4710151982222897e-01
5.4653380549462668e+02,1.3091936560934892e+03,0.0000000000000000e+00,6.4748887644697106e-01
5.4869529368004510e+02,1.3125308848080133e+03,0.0000000000000000e+00,6.4789649287840234e-01
5.5085823469178013e+02,1.3158681135225377e+03,0.0000000000000000e+00,6.4836501395365076e-01
5.5302285041899074e+02,1.3192053422370618e+03,0.0000000000000000e+00,6.4889881568524288e-01
5.5518930269411817e+02,1.3225425709515860e+03,0.0000000000000000e+00,6.4945088419514718e-01
5.5735757306203470e+02,1.3258797996661101e+03,0.0000000000000000e+00,6.4999811272409147e-01
5.5952771515604445e+02,1.3292170283806345e+03,0.0000000000000000e+00,6.5056279425573393e-01
5.6169966661055992e+02,1.3325542570951586e+03,0.0000000000000000e+00,6.5107332496424419e-01
5.6387315226392525e+02,1.3358914858096828e+03,0.0000000000000000e+00,6.5147740513225472e-01
5.6604782157710713e+02,1.3392287145242069e+03,0.0000000000000000e+00,6.5178723635489177e-01
5.6822347090803339e+02,1.3425659432387313e+03,0.0000000000000000e+00,6.5208485483685763e-01
5.7040014549806642e+02,1.3459031719532554e+03,0.0000000000000000e+00,6.5239055002672330e-01
5.7257780609095664e+02,1.3492404006677796e+03,0.0000000000000000e+00,6.5268541741770036e-01
5.7475651320731663e+02,1.3525776293823039e+03,0.0000000000000000e+00,6.5302264234364316e-01
5.7693645408202769e+02,1.3559148580968281e+03,0.0000000000000000e+00,6.5342538080687973e-01
5.7911782241157698e+02,1.3592520868113522e+03,0.0000000000000000e+00,6.5387365531904607e-01
5.8130069308575196e+02,1.3625893155258764e+03,0.0000000000000000e+00,6.5431475190129618e-01
5.8348500705855577e+02,1.3659265442404007e+03,0.0000000000000000e+00,6.5474586679903268e-01
5.8567077173754910e+02,1.3692637729549249e+03,0.0000000000000000e+00,6.5517982496098170e-01
5.8785795745094629e+02,1.3726010016694490e+03,0.0000000000000000e+00,6.5559631822523556e-01
5.9004649666686123e+02,1.3759382303839732e+03,0.0000000000000000e+00,6.5599161910202497e-01
5.9223633616153575e+02,1.3792754590984975e+03,0.0000000000000000e+00,6.5637749368409004e-01
5.9442746192600293e+02,1.3826126878130217e+03,0.0000000000000000e+00,6.5676409596076724e-01
5.9661987812502525e+02,1.3859499165275458e+03,0.0000000000000000e+00,6.5714895493670156e-01
5.9881357406593133e+02,1.3892871452420702e+03,0.0000000000000000e+00,6.5753480921443952e-01
6.0100858585105914e+02,1.3926243739565944e+03,0.0000000000000000e+00,6.5793808393712538e-01
6.0320497399193277e+02,1.3959616026711185e+03,0.0000000000000000e+00,6.5835812586584552e-01
6.0540276406690577e+02,1.3992988313856426e+03,0.0000000000000000e+00,6.5877574804343908e-01
6.0760194895471830e+02,1.4026360601001670e+03,0.0000000000000000e+00,6.5919624768670815e-01
6.0980254115044409e+02,1.4059732888146912e+03,0.0000000000000000e+00,6.5961655671191011e-01
6.1200451022083712e+02,1.4093105175292153e+03,0.0000000000000000e+00,6.6001471019609426e-01
6.1420772258571424e+02,1.4126477462437397e+03,0.0000000000000000e+00,6.6036112546512982e-01
6.1641200807161022e+02,1.4159849749582638e+03,0.0000000000000000e+00,6.6066104422336025e-01
6.1861727742310404e+02,1.4193222036727880e+03,0.0000000000000000e+00,6.6095723521675609e-01
6.2082353375524724e+02,1.4226594323873121e+03,0.0000000000000000e+00,6.6124972888641764e-01
6.2303075994162509e+02,1.4259966611018365e+03,0.0000000000000000e+00,6.6154219913727275e-01
6.2523899100480719e+02,1.4293338898163606e+03,0.0000000000000000e+00,6.6185713710569871e-01
6.2744835207982464e+02,1.4326711185308848e+03,0.0000000000000000e+00,6.6221984215411567e-01
6.2965899560168566e+02,1.4360083472454089e+03,0.0000000000000000e+00,6.6262315447943365e-01
6.3187099836776349e+02,1.4393455759599333e+03,0.0000000000000000e+00,6.6302716618338309e-01
6.3408433769437681e+02,1.4426828046744574e+03,0.0000000000000000e+00,6.6342666637467573e-01
6.3629901214047027e+02,1.4460200333889816e+03,0.0000000000000000e+00,6.6382656527045469e-01
6.3851501548062470e+02,1.4493572621035059e+03,0.0000000000000000e+00,6.6422180000679987e-01
6.4073231784621464e+02,1.4526944908180301e+03,0.0000000000000000e+00,6.6460474640140887e-01
6.4295088089963861e+02,1.4560317195325542e+03,0.0000000000000000e+00,6.6497797077303744e-01
6.4517068606001123e+02,1.4593689482470784e+03,0.0000000000000000e+00,6.6535131318065055e-01
6.4739174091039911e+02,1.4627061769616028e+03,0.0000000000000000e+00,6.6572530265730734e-01
6.4961403727674588e+02,1.4660434056761269e+03,0.0000000000000000e+00,6.6609621298758270e-01
6.5183757376225651e+02,1.4693806343906510e+03,0.0000000000000000e+00,6.6646886761336077e-01
6.5406235919766402e+02,1.4727178631051752e+03,0.0000000000000000e+00,6.6684471376430565e-01
6.5628839913298702e+02,1.4760550918196996e+03,0.0000000000000000e+00,6.6721983146598518e-01
6.5851568565631146e+02,1.4793923205342237e+03,0.0000000000000000e+00,6.6759145307520384e-01
6.6074420595497770e+02,1.4827295492487478e+03,0.0000000000000000e+00,6.6795984138607878e-01
6.6297395294875196e+02,1.4860667779632722e+03,0.0000000000000000e+00,6.6832469355534840e-01
6.6520488741863164e+02,1.4894040066777964e+03,0.0000000000000000e+00,6.6866983837948624e-01
6.6743693545527663e+02,1.4927412353923205e+03,0.0000000000000000e+00,6.6899186546729084e-01
6.6967002613952798e+02,1.4960784641068446e+03,0.0000000000000000e+00,6.6929652516139981e-01
6.7190412039418720e+02,1.4994156928213690e+03,0.0000000000000000e+00,6.6959714580502805e-01
6.7413923624027166e+02,1.5027529215358932e+03,0.0000000000000000e+00,6.6990739977345015e-01
6.7637538439083505e+02,1.5060901502504173e+03,0.0000000000000000e+00,6.7021410865581288e-01
6.7861253414075941e+02,1.5094273789649417e+03,0.0000000000000000e+00,6.7050596102947679e-01
6.8085062735819474e+02,1.5127646076794658e+03,0.0000000000000000e+00,6.7077938958692584e-01
6.8308961218099387e+02,1.5161018363939900e+03,0.0000000000000000e+00,6.7104540654619882e-01
6.8532950211254206e+02,1.5194390651085141e+03,0.0000000000000000e+00,6.7131716253589957e-01
6.8757025375483352e+02,1.5227762938230385e+03,0.0000000000000000e+00,6.7156104841870956e-01
6.8981182483453733e+02,1.5261135225375626e+03,0.0000000000000000e+00,6.7181599407246040e-01
6.9205433616408720e+02,1.5294507512520868e+03,0.0000000000000000e+00,6.7213638919886876e-01
6.9429807497822367e+02,1.5327879799666109e+03,0.0000000000000000e+00,6.7254998454239967e-01
6.9654332675655905e+02,1.5361252086811353e+03,0.0000000000000000e+00,6.7303139392532785e-01
6.9879016413283966e+02,1.5394624373956594e+03,0.0000000000000000e+00,6.7349482279726658e-01
7.0103857996341537e+02,1.5427996661101836e+03,0.0000000000000000e+00,6.7398852192420122e-01
7.0328865833371947e+02,1.5461368948247080e+03,0.0000000000000000e+00,6.7447192014608959e-01
7.0554021998798999e+02,1.5494741235392321e+03,0.0000000000000000e+00,6.7486478668359950e-01
7.0779284906711018e+02,1.5528113522537562e+03,0.0000000000000000e+00,6.7511312382225697e-01
7.1004610791921107e+02,1.5561485809682804e+03,0.0000000000000000e+00,6.7524964690252887e-01
7.1229979596992439e+02,1.5594858096828048e+03,0.0000000000000000e+00,6.7539412486044625e-01
7.1455400088691692e+02,1.5628230383973289e+03,0.0000000000000000e+00,6.7554066872330054e-01
7.1680862928604415e+02,1.5661602671118530e+03,0.0000000000000000e+00,6.7566725965440355e-01
7.1906381342257157e+02,1.5694974958263772e+03,0.0000000000000000e+00,6.7588259335073531e-01
7.2131993613871862e+02,1.5728347245409016e+03,0.0000000000000000e+00,6.7623461611248104e-01
7.2357742551819877e+02,1.5761719532554257e+03,0.0000000000000000e+00,6.7669182411248130e-01
7.2583652379736759e+02,1.5795091819699499e+03,0.0000000000000000e+00,6.7717611591186255e-01
7.2809715653288208e+02,1.5828464106844742e+03,0.0000000000000000e+00,6.7762103186558420e-01
7.3035931016435734e+02,1.5861836393989984e+03,0.0000000000000000e+00,6.7808796014722361e-01
7.3262296426266448e+02,1.5895208681135225e+03,0.0000000000000000e+00,6.7850737433016661e-01
7.3488788750708181e+02,1.5928580968280467e+03,0.0000000000000000e+00,6.7884530722304248e-01
7.3715380177822203e+02,1.5961953255425710e+03,0.0000000000000000e+00,6.7910880628815562e-01
7.3942053208431332e+02,1.5995325542570952e+03,0.0000000000000000e+00,6.7934174595933428e-01
7.4168807477130781e+02,1.6028697829716193e+03,0.0000000000000000e+00,6.7960084204179338e-01
7.4395649558013645e+02,1.6062070116861435e+03,0.0000000000000000e+00,6.7986038375732960e-01
7.4622576549555924e+02,1.6095442404006678e+03,0.0000000000000000e+00,6.8011284956659779e-01
7.4849588385214588e+02,1.6128814691151920e+03,0.0000000000000000e+00,6.8036887265000701e-01
7.5076686250058140e+02,1.6162186978297161e+03,0.0000000000000000e+00,6.8062853228317977e-01
7.5303871615629782e+02,1.6195559265442405e+03,0.0000000000000000e+00,6.8089347081627238e-01
7.5531144529905362e+02,1.6228931552587646e+03,0.0000000000000000e+00,6.8114875665960994e-01
7.5758499836919714e+02,1.6262303839732888e+03,0.0000000000000000e+00,6.8139139753677114e-01
7.5985937309441147e+02,1.6295676126878129e+03,0.0000000000000000e+00,6.8164456220011971e-01
7.6213464997579854e+02,1.6329048414023373e+03,0.0000000000000000e+00,6.8193503344991768e-01
7.6441096497599108e+02,1.6362420701168614e+03,0.0000000000000000e+00,6.8226651558347839e-01
7.6668843418532435e+02,1.6395792988313856e+03,0.0000000000000000e+00,6.8261884267516848e-01
7.6896706814349022e+02,1.6429165275459100e+03,0.0000000000000000e+00,6.8296600490580772e-01
7.7124686898763537e+02,1.6462537562604341e+03,0.0000000000000000e+00,6.8331834630964750e-01
7.7352783753687345e+02,1.6495909849749582e+03,0.0000000000000000e+00,6.8366328889490546e-01
7.7580991830569963e+02,1.6529282136894824e+03,0.0000000000000000e+00,6.8397934316323017e-01
7.7809297935796326e+02,1.6562654424040068e+03,0.0000000000000000e+00,6.8425170082355180e-01
7.8037688608110761e+02,1.6596026711185309e+03,0.0000000000000000e+00,6.8448922219101860e-01
7.8266157872290353e+02,1.6629398998330551e+03,0.0000000000000000e+00,6.8472789651016797e-01
7.8494707843122387e+02,1.6662771285475792e+03,0.0000000000000000e+00,6.8497152835951169e-01
7.8723339283360997e+02,1.6696143572621036e+03,0.0000000000000000e+00,6.8521567332703626e-01
7.8952051984158243e+02,1.6729515859766277e+03,0.0000000000000000e+00,6.8545900738695309e-01
7.9180846516719203e+02,1.6762888146911519e+03,0.0000000000000000e+00,6.8570671770697800e-01
7.9409724641076468e+02,1.6796260434056762e+03,0.0000000000000000e+00,6.8596004124449905e-01
7.9638687951359623e+02,1.6829632721202004e+03,0.0000000000000000e+00,6.8621581441914259e-01
7.9867736016427568e+02,1.6863005008347245e+03,0.0000000000000000e+00,6.8646697954599745e-01
8.0096866049642347e+02,1.6896377295492487e+03,0.0000000000000000e+00,6.8670722153126462e-01
8.0326077783036362e+02,1.6929749582637730e+03,0.0000000000000000e+00,6.8696234242628407e-01
8.0555379486692561e+02,1.6963121869782972e+03,0.0000000000000000e+00,6.8724787280609689e-01
8.0784782164884928e+02,1.6996494156928213e+03,0.0000000000000000e+00,6.8756521867146603e-01
8.1014293582546748e+02,1.7029866444073455e+03,0.0000000000000000e+00,6.8789759429026276e-01
8.1243916134394237e+02,1.7063238731218698e+03,0.0000000000000000e+00,6.8822834615247075e-01
8.1473648895586643e+02,1.7096611018363940e+03,0.0000000000000000e+00,6.8856167337523289e-01
8.1703494502296189e+02,1.7129983305509181e+03,0.0000000000000000e+00,6.8889801684318286e-01
8.1933446273235018e+02,1.7163355592654425e+03,0.0000000000000000e+00,6.8919462875615523e-01
8.2163488985072013e+02,1.7196727879799666e+03,0.0000000000000000e+00,6.8944202359955398e-01
8.2393607863713328e+02,1.7230100166944908e+03,0.0000000000000000e+00,6.8965788973920894e-01
8.2623797319013795e+02,1.7263472454090149e+03,0.0000000000000000e+00,6.8986697861080870e-01
8.2854057268748988e+02,1.7296844741235393e+03,0.0000000000000000e+00,6.9008054940647412e-01
8.3084387997312967e+02,1.7330217028380634e+03,0.0000000000000000e+00,6.9028936201684132e-01
8.3314789989097858e+02,1.7363589315525876e+03,0.0000000000000000e+00,6.9051659538720855e-01
8.3545275465322561e+02,1.7396961602671120e+03,0.0000000000000000e+00,6.9078979172462596e-01
8.3775859790079107e+02,1.7430333889816361e+03,0.0000000000000000e+00,6.9110704253907329e-01
8.4006552569727751e+02,1.7463706176961603e+03,0.0000000000000000e+00,6.9143371538990550e-01
8.4237353913921720e+02,1.7497078464106844e+03,0.0000000000000000e+00,6.9175707902630279e-01
8.4468262359965524e+02,1.7530450751252088e+03,0.0000000000000000e+00,6.9207590572133881e-01
8.4699276703199803e+02,1.7563823038397329e+03,0.0000000000000000e+00,6.9239055966647811e-01
8.4930392138704599e+02,1.7597195325542571e+03,0.0000000000000000e+00,6.9267752060665089e-01
8.5161597583215212e+02,1.7630567612687812e+03,0.0000000000000000e+00,6.9293052031594016e-01
8.5392882566863886e+02,1.7663939899833056e+03,0.0000000000000000e+00,6.9315823654883957e-01
8.5624243293226368e+02,1.7697312186978297e+03,0.0000000000000000e+00,6.9338622592221100e-01
8.5855680549104193e+02,1.7730684474123539e+03,0.0000000000000000e+00,6.9361688575619951e-01
8.6087194897966424e+02,1.7764056761268782e+03,0.0000000000000000e+00,6.9384707598928230e-01
8.6318785423427607e+02,1.7797429048414024e+03,0.0000000000000000e+00,6.9407416771349517e-01
8.6550452024645517e+02,1.7830801335559265e+03,0.0000000000000000e+00,6.9430339685322906e-01
8.6782195501638523e+02,1.7864173622704507e+03,0.0000000000000000e+00,6.9453476721369611e-01
8.7014016325387661e+02,1.7897545909849750e+03,0.0000000000000000e+00,6.9476619626260572e-01
8.7245913963735416e+02,1.7930918196994992e+03,0.0000000000000000e+00,6.9499527557212559e-01
8.7477887868841469e+02,1.7964290484140233e+03,0.0000000000000000e+00,6.9522343005871790e-01
8.7709937960696197e+02,1.7997662771285475e+03,0.0000000000000000e+00,6.9545216145934319e-01
8.7942064590318523e+02,1.8031035058430718e+03,0.0000000000000000e+00,6.9568212540403351e-01
8.8174268187266989e+02,1.8064407345575960e+03,0.0000000000000000e+00,6.9591360567341098e-01
8.8406549535964029e+02,1.8097779632721201e+03,0.0000000000000000e+00,6.9614824711621281e-01
8.8638909348486914e+02,1.8131151919866445e+03,0.0000000000000000e+00,6.9638295251596105e-01
8.8871347158775018e+02,1.8164524207011686e+03,0.0000000000000000e+00,6.9661577199306635e-01
8.9103862417316441e+02,1.8197896494156928e+03,0.0000000000000000e+00,6.9684713550876154e-01
8.9336454686770298e+02,1.8231268781302169e+03,0.0000000000000000e+00,6.9707742481259061e-01
8.9569129696190487e+02,1.8264641068447413e+03,0.0000000000000000e+00,6.9735901990571847e-01
8.9801908379616611e+02,1.8298013355592655e+03,0.0000000000000000e+00,6.9765344142876984e-01
9.0034747300363790e+02,1.8331385642737896e+03,0.0000000000000000e+00,6.9771567058475625e-01
9.0267590977408690e+02,1.8364757929883140e+03,0.0000000000000000e+00,6.9771567058475625e-01
9.0500434654453591e+02,1.8398130217028381e+03,0.0000000000000000e+00,6.9771567058475625e-01
9.0733278331498479e+02,1.8431502504173623e+03,0.0000000000000000e+00,6.9771567058475625e-01
9.0966122008543368e+02,1.8464874791318864e+03,0.0000000000000000e+00,6.9771567058475625e-01
9.1198965685588280e+02,1.8498247078464108e+03,0.0000000000000000e+00,6.9771567058475625e-01
9.1431809362633169e+02,1.8531619365609349e+03,0.0000000000000000e+00,6.9771567058475625e-01
9.1664653039678058e+02,1.8564991652754591e+03,0.0000000000000000e+00,6.9771567058475625e-01
9.1897496716722947e+02,1.8598363939899832e+03,0.0000000000000000e+00,6.9771567058475625e-01
9.2130340393767858e+02,1.8631736227045076e+03,0.0000000000000000e+00,6.9771567058475625e-01
9.2363184070812747e+02,1.8665108514190317e+03,0.0000000000000000e+00,6.9771567058475625e-01
9.2596027747857647e+02,1.8698480801335559e+03,0.0000000000000000e+00,6.9771567058475625e-01
9.2828871424902547e+02,1.8731853088480802e+03,0.0000000000000000e+00,6.9771567058475625e-01
9.3061715101947448e+02,1.8765225375626044e+03,0.0000000000000000e+00,6.9771567058475625e-01
9.3294558778992337e+02,1.8798597662771285e+03,0.0000000000000000e+00,6.9771567058475625e-01
9.3527402456037225e+02,1.8831969949916527e+03,0.0000000000000000e+00,6.9771567058475625e-01
9.3760246133082137e+02,1.8865342237061770e+03,0.0000000000000000e+00,6.9771567058475625e-01
9.3993089810127026e+02,1.8898714524207012e+03,0.0000000000000000e+00,6.9771567058475625e-01
9.4225933487171915e+02,1.8932086811352253e+03,0.0000000000000000e+00,6.9771567058475625e-01
9.4458777164216804e+02,1.8965459098497495e+03,0.0000000000000000e+00,6.9771567058475625e-01
9.4691620841261715e+02,1.8998831385642738e+03,0.0000000000000000e+00,6.9771567058475625e-01
9.4924464518306604e+02,1.9032203672787980e+03,0.0000000000000000e+00,6.9771567058475625e-01
9.5157308195351504e+02,1.9065575959933221e+03,0.0000000000000000e+00,6.9771567058475625e-01
9.5390151872396405e+02,1.9098948247078465e+03,0.0000000000000000e+00,6.9771567058475625e-01
9.5622995549441293e+02,1.9132320534223707e+03,0.0000000000000000e+00,6.9771567058475625e-01
9.5855839226486194e+02,1.9165692821368948e+03,0.0000000000000000e+00,6.9771567058475625e-01
9.6088682903531083e+02,1.9199065108514189e+03,0.0000000000000000e+00,6.9771567058475625e-01
9.6321526580575994e+02,1.9232437395659433e+03,0.0000000000000000e+00,6.9771567058475625e-01
9.6554370257620883e+02,1.9265809682804675e+03,0.0000000000000000e+00,6.9771567058475625e-01
9.6787213934665772e+02,1.9299181969949916e+03,0.0000000000000000e+00,6.9771567058475625e-01
9.7020057611710661e+02,1.9332554257095157e+03,0.0000000000000000e+00,6.9771567058475625e-01
9.7252901288755572e+02,1.9365926544240401e+03,0.0000000000000000e+00,6.9771567058475625e-01
9.7485744965800461e+02,1.9399298831385643e+03,0.0000000000000000e+00,6.9771567058475625e-01
9.7718588642845361e+02,1.9432671118530884e+03,0.0000000000000000e+00,6.9771567058475625e-01
9.7951432319890262e+02,1.9466043405676128e+03,0.0000000000000000e+00,6.9771567058475625e-01
9.8184275996935162e+02,1.9499415692821369e+03,0.0000000000000000e+00,6.9771567058475625e-01
9.8417119673980051e+02,1.9532787979966611e+03,0.0000000000000000e+00,6.9771567058475625e-01
9.8649963351024940e+02,1.9566160267111852e+03,0.0000000000000000e+00,6.9771567058475625e-01
9.8882807028069851e+02,1.9599532554257096e+03,0.0000000000000000e+00,6.9771567058475625e-01
9.9115650705114740e+02,1.9632904841402337e+03,0.0000000000000000e+00,6.9771567058475625e-01
9.9348494382159629e+02,1.9666277128547579e+03,0.0000000000000000e+00,6.9771567058475625e-01
9.9581338059204541e+02,1.9699649415692822e+03,0.0000000000000000e+00,6.9771567058475625e-01
9.9814181736249429e+02,1.9733021702838064e+03,0.0000000000000000e+00,6.9771567058475625e-01
1.0004702541329432e+03,1.9766393989983305e+03,0.0000000000000000e+00,6.9771567058475625e-01
1.0027986909033921e+03,1.9799766277128547e+03,0.0000000000000000e+00,6.9771567058475625e-01
1.0051271276738412e+03,1.9833138564273791e+03,0.0000000000000000e+00,6.9771567058475625e-01
1.0074555644442901e+03,1.9866510851419032e+03,0.0000000000000000e+00,6.9771567058475625e-01
1.0097840012147391e+03,1.9899883138564273e+03,0.0000000000000000e+00,6.9771567058475625e-01
1.0121124379851880e+03,1.9933255425709515e+03,0.0000000000000000e+00,6.9771567058475625e-01
1.0144408747556371e+03,1.9966627712854759e+03,0.0000000000000000e+00,6.9771567058475625e-01
1.0167693115260860e+03,2.0000000000000000e+03,0.0000000000000000e+00,6.9771567058475625e-01
