-7.0218865614094455e-11,0.0000000000000000e+00,0.0000000000000000e+00,9.9890180108585147e-04
5.0222474882829550e-04,5.0167223114741977e-01,0.0000000000000000e+00,1.0055008744625626e-03
1.0110707125375830e-03,1.0033444622948395e+00,0.0000000000000000e+00,1.0252980983135563e-03
1.5331589665044496e-03,1.5050166934422593e+00,0.0000000000000000e+00,1.0582934726388329e-03
2.0751106563243488e-03,2.0066889245896791e+00,0.0000000000000000e+00,1.1044869974383925e-03
2.6447625120352009e-03,2.5083611557370986e+00,0.0000000000000000e+00,1.1711856908896492e-03
3.2548896982139918e-03,3.0100333868845186e+00,0.0000000000000000e+00,1.2658488484851489e-03
3.9195213090528680e-03,3.5117056180319381e+00,0.0000000000000000e+00,1.3884766680498689e-03
4.6526864389152128e-03,4.0133778491793581e+00,0.0000000000000000e+00,1.5390691495838103e-03
5.4652962408312435e-03,4.5150500803267777e+00,0.0000000000000000e+00,1.6986713912072507e-03
6.3551636341222821e-03,5.0167223114741972e+00,0.0000000000000000e+00,1.8470642501013904e-03
7.3166625749775584e-03,5.5183945426216177e+00,0.0000000000000000e+00,1.9842424996594824e-03
8.3441670053100055e-03,6.0200667737690372e+00,0.0000000000000000e+00,2.1102061398815242e-03
9.4318994882543385e-03,6.5217390049164568e+00,0.0000000000000000e+00,2.2240213117148125e-03
1.0573418740287562e-02,7.0234112360638763e+00,0.0000000000000000e+00,2.3246351494535297e-03
1.1762101555376481e-02,7.5250834672112967e+00,0.0000000000000000e+00,2.4120467200489451e-03
1.2991324722707110e-02,8.0267556983587163e+00,0.0000000000000000e+00,2.4862560235010597e-03
1.4255154426584470e-02,8.5284279295061367e+00,0.0000000000000000e+00,2.5515924687584679e-03
1.5550839965369483e-02,9.0301001606535554e+00,0.0000000000000000e+00,2.6132651708992965e-03
1.6876548720466004e-02,9.5317723918009758e+00,0.0000000000000000e+00,2.6712850267572898e-03
1.8230448160329284e-02,1.0033444622948394e+01,0.0000000000000000e+00,2.7256520363324495e-03
1.9610733903304714e-02,1.0535116854095815e+01,0.0000000000000000e+00,2.7765467115475600e-03
2.1015739494135169e-02,1.1036789085243235e+01,0.0000000000000000e+00,2.8242027335554712e-03
2.2443840653538754e-02,1.1538461316390654e+01,0.0000000000000000e+00,2.8686210466978782e-03
2.3893413112885120e-02,1.2040133547538074e+01,0.0000000000000000e+00,2.9098016509747793e-03
2.5363064675840291e-02,1.2541805778685493e+01,0.0000000000000000e+00,2.9492684635248380e-03
2.6852618211117112e-02,1.3043478009832914e+01,0.0000000000000000e+00,2.9891579708243212e-03
2.8362292909333609e-02,1.3545150240980334e+01,0.0000000000000000e+00,3.0294848346548789e-03
2.9892308180116529e-02,1.4046822472127753e+01,0.0000000000000000e+00,3.0702490550165093e-03
3.1442673603237888e-02,1.4548494703275173e+01,0.0000000000000000e+00,3.1100358162036781e-03
3.3012217388339982e-02,1.5050166934422593e+01,0.0000000000000000e+00,3.1466855148175842e-03
3.4599354648307309e-02,1.5551839165570012e+01,0.0000000000000000e+00,3.1801751373496633e-03
3.6202500060721308e-02,1.6053511396717433e+01,0.0000000000000000e+00,3.2105046837999154e-03
3.7820344272647757e-02,1.6555183627864853e+01,0.0000000000000000e+00,3.2395901754131776e-03
3.9453259114685613e-02,1.7056855859012273e+01,0.0000000000000000e+00,3.2706313457220651e-03
4.1102249464978251e-02,1.7558528090159690e+01,0.0000000000000000e+00,3.3036778695557691e-03
4.2768321353702746e-02,1.8060200321307111e+01,0.0000000000000000e+00,3.3387297469142964e-03
4.4452164144596039e-02,1.8561872552454531e+01,0.0000000000000000e+00,3.3735170859696684e-03
4.6152368085474779e-02,1.9063544783601952e+01,0.0000000000000000e+00,3.4038765019762177e-03
4.7866669344932528e-02,1.9565217014749372e+01,0.0000000000000000e+00,3.4297183971196341e-03
4.9592801608198608e-02,2.0066889245896789e+01,0.0000000000000000e+00,3.4510427713999245e-03
5.1328978867248846e-02,2.0568561477044209e+01,0.0000000000000000e+00,3.4714145584556592e-03
5.3076900727943105e-02,2.1070233708191630e+01,0.0000000000000000e+00,3.4980450729701490e-03
5.4839804303672704e-02,2.1571905939339050e+01,0.0000000000000000e+00,3.5311416635460703e-03
5.6620933445242140e-02,2.2073578170486471e+01,0.0000000000000000e+00,3.5707043301834232e-03
5.8422417034248178e-02,2.2575250401633888e+01,0.0000000000000000e+00,3.6081346993543581e-03
6.0237461336244372e-02,2.3076922632781308e+01,0.0000000000000000e+00,3.6241532372138230e-03
6.2054989958207296e-02,2.3578594863928728e+01,0.0000000000000000e+00,3.6180388551456943e-03
6.3863899428815069e-02,2.4080267095076149e+01,0.0000000000000000e+00,3.5897915531499652e-03
6.5656897417965432e-02,2.4581939326223569e+01,0.0000000000000000e+00,3.5700529199518341e-03
6.7460559960304034e-02,2.5083611557370986e+01,0.0000000000000000e+00,3.6353226422972049e-03
6.9319201759552113e-02,2.5585283788518407e+01,0.0000000000000000e+00,3.7892368950493971e-03
7.1277293315057874e-02,2.6086956019665827e+01,0.0000000000000000e+00,4.0317956782084108e-03
7.3376765755958834e-02,2.6588628250813247e+01,0.0000000000000000e+00,4.3416573930855490e-03
7.5634365981571111e-02,2.7090300481960668e+01,0.0000000000000000e+00,4.6593655015214688e-03
7.8052439903561990e-02,2.7591972713108088e+01,0.0000000000000000e+00,4.9814125416277749e-03
8.0633164243463340e-02,2.8093644944255505e+01,0.0000000000000000e+00,5.3077985134044672e-03
8.3376032639466677e-02,2.8595317175402926e+01,0.0000000000000000e+00,5.6149529557346783e-03
8.6250886355933365e-02,2.9096989406550346e+01,0.0000000000000000e+00,5.8298983378838112e-03
8.9209142153897525e-02,2.9598661637697766e+01,0.0000000000000000e+00,5.9474492603704202e-03
9.2201939937478813e-02,3.0100333868845187e+01,0.0000000000000000e+00,5.9676057231945051e-03
9.5182696380562232e-02,3.0602006099992604e+01,0.0000000000000000e+00,5.9112940425963129e-03
9.8132898390184353e-02,3.1103678331140024e+01,0.0000000000000000e+00,5.8504242401987636e-03
1.0105293401166709e-01,3.1605350562287445e+01,0.0000000000000000e+00,5.7910307062327346e-03
1.0394354384788829e-01,3.2107022793434865e+01,0.0000000000000000e+00,5.7331134406982259e-03
1.0680555219483956e-01,3.2608695024582282e+01,0.0000000000000000e+00,5.6774838919641593e-03
1.0964095605806456e-01,3.3110367255729706e+01,0.0000000000000000e+00,5.6272834547283490e-03
1.1245261614884017e-01,3.3612039486877123e+01,0.0000000000000000e+00,5.5828253839775924e-03
1.1524341325297309e-01,3.4113711718024547e+01,0.0000000000000000e+00,5.5441096797118686e-03
1.1801608696137783e-01,3.4615383949171964e+01,0.0000000000000000e+00,5.5096775535972073e-03
1.2077107604194663e-01,3.5117056180319381e+01,0.0000000000000000e+00,5.4730513594387839e-03
1.2350694664823077e-01,3.5618728411466805e+01,0.0000000000000000e+00,5.4334585679818789e-03
1.2622221052074450e-01,3.6120400642614221e+01,0.0000000000000000e+00,5.3908991792265062e-03
1.2891551642325552e-01,3.6622072873761645e+01,0.0000000000000000e+00,5.3468915540789697e-03
1.3158814708114641e-01,3.7123745104909062e+01,0.0000000000000000e+00,5.3092396264826647e-03
1.3424376017942347e-01,3.7625417336056479e+01,0.0000000000000000e+00,5.2790482151127138e-03
1.3688609845190750e-01,3.8127089567203903e+01,0.0000000000000000e+00,5.2563173199691310e-03
1.3951883360992198e-01,3.8628761798351320e+01,0.0000000000000000e+00,5.2401964990881345e-03
1.4214399927051158e-01,3.9130434029498744e+01,0.0000000000000000e+00,5.2255709267909900e-03
1.4476198840970977e-01,3.9632106260646161e+01,0.0000000000000000e+00,5.2115860999239205e-03
1.4737312247170617e-01,4.0133778491793578e+01,0.0000000000000000e+00,5.1982420184869260e-03
1.4997774385208440e-01,4.0635450722941002e+01,0.0000000000000000e+00,5.1858122433257325e-03
1.5257678706810904e-01,4.1137122954088419e+01,0.0000000000000000e+00,5.1762484242467016e-03
1.5517184736868816e-01,4.1638795185235843e+01,0.0000000000000000e+00,5.1699336867773310e-03
1.5776455472784204e-01,4.2140467416383260e+01,0.0000000000000000e+00,5.1668680309176207e-03
1.6035653442325865e-01,4.2642139647530676e+01,0.0000000000000000e+00,5.1669838628147502e-03
1.6294924481707446e-01,4.3143811878678100e+01,0.0000000000000000e+00,5.1696994320876155e-03
1.6554393608734524e-01,4.3645484109825517e+01,0.0000000000000000e+00,5.1748809571006554e-03
1.6814184533558910e-01,4.4147156340972941e+01,0.0000000000000000e+00,5.1825284378538700e-03
1.7074421014979943e-01,4.4648828572120358e+01,0.0000000000000000e+00,5.1926496943222183e-03
1.7335229057625756e-01,4.5150500803267775e+01,0.0000000000000000e+00,5.2053276337870741e-03
1.7596737807098314e-01,4.5652173034415199e+01,0.0000000000000000e+00,5.2205845403525131e-03
1.7859076643015545e-01,4.6153845265562616e+01,0.0000000000000000e+00,5.2384204140185214e-03
1.8122374934822277e-01,4.6655517496710040e+01,0.0000000000000000e+00,5.2588333982799274e-03
1.8386761416006672e-01,4.7157189727857457e+01,0.0000000000000000e+00,5.2817985858780170e-03
1.8652363819333706e-01,4.7658861959004874e+01,0.0000000000000000e+00,5.3073081619660761e-03
1.8919309789708449e-01,4.8160534190152298e+01,0.0000000000000000e+00,5.3353621265441048e-03
1.9187726962009011e-01,4.8662206421299715e+01,0.0000000000000000e+00,5.3659583560636825e-03
1.9457742071977704e-01,4.9163878652447139e+01,0.0000000000000000e+00,5.3990594217411675e-03
1.9729480256761317e-01,4.9665550883594555e+01,0.0000000000000000e+00,5.4346516066740291e-03
2.0003066488895346e-01,5.0167223114741972e+01,0.0000000000000000e+00,5.4727349108622675e-03
2.0278625736520481e-01,5.0668895345889396e+01,0.0000000000000000e+00,5.5133082211369783e-03
2.0556282354613115e-01,5.1170567577036813e+01,0.0000000000000000e+00,5.5563443626929498e-03
2.0836159460792411e-01,5.1672239808184237e+01,0.0000000000000000e+00,5.6018316812289359e-03
2.1118380023800817e-01,5.2173912039331654e+01,0.0000000000000000e+00,5.6497701767449365e-03
2.1403067010413271e-01,5.2675584270479071e+01,0.0000000000000000e+00,5.7001592265468748e-03
2.1690342905071675e-01,5.3177256501626495e+01,0.0000000000000000e+00,5.7529760431938998e-03
2.1980329082125838e-01,5.3678928732773912e+01,0.0000000000000000e+00,5.8082091534709807e-03
2.2273146760317422e-01,5.4180600963921336e+01,0.0000000000000000e+00,5.8658585573781175e-03
2.2568917157225812e-01,5.4682273195068753e+01,0.0000000000000000e+00,5.9259237621303584e-03
2.2867760879661236e-01,5.5183945426216177e+01,0.0000000000000000e+00,5.9883739930645524e-03
2.3169796923373975e-01,5.5685617657363593e+01,0.0000000000000000e+00,6.0531909728356176e-03
2.3475144021580990e-01,5.6187289888511010e+01,0.0000000000000000e+00,6.1203747014435539e-03
2.3783920907078088e-01,5.6688962119658434e+01,0.0000000000000000e+00,6.1899249058419981e-03
2.4096245615035139e-01,5.7190634350805851e+01,0.0000000000000000e+00,6.2618041179246936e-03
2.4412234060018578e-01,5.7692306581953275e+01,0.0000000000000000e+00,6.3359858914383560e-03
2.4732001755141442e-01,5.8193978813100692e+01,0.0000000000000000e+00,6.4124702263829852e-03
2.5055664213518752e-01,5.8695651044248109e+01,0.0000000000000000e+00,6.4912571255375667e-03
2.5383336977513005e-01,5.9197323275395533e+01,0.0000000000000000e+00,6.5723482588470744e-03
2.5715135692523211e-01,5.9698995506542950e+01,0.0000000000000000e+00,6.6557450425393655e-03
2.6051176026626555e-01,6.0200667737690374e+01,0.0000000000000000e+00,6.7414474766144400e-03
2.6391573647900202e-01,6.0702339968837791e+01,0.0000000000000000e+00,6.8294555610722979e-03
2.6736443909119867e-01,6.1204012199985208e+01,0.0000000000000000e+00,6.9197502837388958e-03
2.7085900870189505e-01,6.1705684431132632e+01,0.0000000000000000e+00,7.0123119972967662e-03
2.7440058259680872e-01,6.2207356662280048e+01,0.0000000000000000e+00,7.1071407004253129e-03
2.7799029806165571e-01,6.2709028893427472e+01,0.0000000000000000e+00,7.2042363931245079e-03
2.8162928312259400e-01,6.3210701124574889e+01,0.0000000000000000e+00,7.3035401764813268e-03
2.8531862146267817e-01,6.3712373355722306e+01,0.0000000000000000e+00,7.4049779071215238e-03
2.8905938350652971e-01,6.4214045586869730e+01,0.0000000000000000e+00,7.5085493461125308e-03
2.9285263967637742e-01,6.4715717818017154e+01,0.0000000000000000e+00,7.6142544934543199e-03
2.9669946538526243e-01,6.5217390049164564e+01,0.0000000000000000e+00,7.7221269769554290e-03
3.0060096409149506e-01,6.5719062280311988e+01,0.0000000000000000e+00,7.8322180134474950e-03
3.0455824904235479e-01,6.6220734511459412e+01,0.0000000000000000e+00,7.9445281431489434e-03
3.0857243349528285e-01,6.6722406742606822e+01,0.0000000000000000e+00,8.0590573660597464e-03
3.1264462766516443e-01,6.7224078973754246e+01,0.0000000000000000e+00,8.1757838642957659e-03
3.1677592157759438e-01,6.7725751204901670e+01,0.0000000000000000e+00,8.2946675747270215e-03
3.2096739703596355e-01,6.8227423436049094e+01,0.0000000000000000e+00,8.4157076320580393e-03
3.2522013581963227e-01,6.8729095667196503e+01,0.0000000000000000e+00,8.5389040362887914e-03
3.2953521569382171e-01,6.9230767898343927e+01,0.0000000000000000e+00,8.6642259871220484e-03
3.3391368270884692e-01,6.9732440129491351e+01,0.0000000000000000e+00,8.7916053371743519e-03
3.3835656785744206e-01,7.0234112360638761e+01,0.0000000000000000e+00,8.9210396178972806e-03
3.4286490204126180e-01,7.0735784591786185e+01,0.0000000000000000e+00,9.0525288292908901e-03
3.4743971506520216e-01,7.1237456822933609e+01,0.0000000000000000e+00,9.1860639101887798e-03
3.5208202630626800e-01,7.1739129054081019e+01,0.0000000000000000e+00,9.3216206504001531e-03
3.5679284937389721e-01,7.2240801285228443e+01,0.0000000000000000e+00,9.4591977306775765e-03
3.6157319781659819e-01,7.2742473516375867e+01,0.0000000000000000e+00,9.5987951510210223e-03
3.6642408331395621e-01,7.3244145747523291e+01,0.0000000000000000e+00,9.7403961642210934e-03
3.7134649587269852e-01,7.3745817978670701e+01,0.0000000000000000e+00,9.8839464694351897e-03
3.7634141154236833e-01,7.4247490209818125e+01,0.0000000000000000e+00,1.0029441905347408e-02
3.8140980614102249e-01,7.4749162440965549e+01,0.0000000000000000e+00,1.0176882471957749e-02
3.8655265822044160e-01,7.5250834672112958e+01,0.0000000000000000e+00,1.0326294980612188e-02
3.9177098570142765e-01,7.5752506903260382e+01,0.0000000000000000e+00,1.0477785871797624e-02
3.9706583604447632e-01,7.6254179134407806e+01,0.0000000000000000e+00,1.0631366129906283e-02
4.0243825742695338e-01,7.6755851365555216e+01,0.0000000000000000e+00,1.0787035754938196e-02
4.0788929459899143e-01,7.7257523596702640e+01,0.0000000000000000e+00,1.0944757538851185e-02
4.1341992953014595e-01,7.7759195827850064e+01,0.0000000000000000e+00,1.1104348159946459e-02
4.1903108920949184e-01,7.8260868058997488e+01,0.0000000000000000e+00,1.1265782874485680e-02
4.2472369876750127e-01,7.8762540290144898e+01,0.0000000000000000e+00,1.1429061682468850e-02
4.3049868297818239e-01,7.9264212521292322e+01,0.0000000000000000e+00,1.1594180241639052e-02
4.3635695805602498e-01,7.9765884752439746e+01,0.0000000000000000e+00,1.1761111527699986e-02
4.4229943145060846e-01,8.0267556983587156e+01,0.0000000000000000e+00,1.1929850870840003e-02
4.4832701021396182e-01,8.0769229214734580e+01,0.0000000000000000e+00,1.2100398271059104e-02
4.5444060250847929e-01,8.1270901445882004e+01,0.0000000000000000e+00,1.2272769178029441e-02
4.6064115293704222e-01,8.1772573677029413e+01,0.0000000000000000e+00,1.2447088229731895e-02
4.6692964988001895e-01,8.2274245908176837e+01,0.0000000000000000e+00,1.2623382622239776e-02
4.7330708431103857e-01,8.2775918139324261e+01,0.0000000000000000e+00,1.2801652355553111e-02
4.7977444613103898e-01,8.3277590370471685e+01,0.0000000000000000e+00,1.2981879963536808e-02
4.8633267418457532e-01,8.3779262601619095e+01,0.0000000000000000e+00,1.3163875772978090e-02
4.9298263500679357e-01,8.4280934832766519e+01,0.0000000000000000e+00,1.3347587941719585e-02
4.9972518964749302e-01,8.4782607063913943e+01,0.0000000000000000e+00,1.3533016469761239e-02
5.0656119910740804e-01,8.5284279295061353e+01,0.0000000000000000e+00,1.3720160390857078e-02
5.1349152070107285e-01,8.5785951526208777e+01,0.0000000000000000e+00,1.3909004794543739e-02
5.2051700555598857e-01,8.6287623757356201e+01,0.0000000000000000e+00,1.4099544599679797e-02
5.2763850420798331e-01,8.6789295988503625e+01,0.0000000000000000e+00,1.4291779806265198e-02
5.3485686729751236e-01,8.7290968219651035e+01,0.0000000000000000e+00,1.4485713034832259e-02
5.4217295965921641e-01,8.7792640450798459e+01,0.0000000000000000e+00,1.4681406965311838e-02
5.4958767456127289e-01,8.8294312681945883e+01,0.0000000000000000e+00,1.4878888236605159e-02
5.5710190866293585e-01,8.8795984913093292e+01,0.0000000000000000e+00,1.5078156848712221e-02
5.6471655855384539e-01,8.9297657144240716e+01,0.0000000000000000e+00,1.5279210386658693e-02
5.7243249920194206e-01,8.9799329375388140e+01,0.0000000000000000e+00,1.5481944388367586e-02
5.8025055342640108e-01,9.0301001606535550e+01,0.0000000000000000e+00,1.5686303185592665e-02
5.8817153634201480e-01,9.0802673837682974e+01,0.0000000000000000e+00,1.5892286778333986e-02
5.9619626305973783e-01,9.1304346068830398e+01,0.0000000000000000e+00,1.6099894947238347e-02
6.0432554418744355e-01,9.1806018299977822e+01,0.0000000000000000e+00,1.6309103888857146e-02
6.1256017713150723e-01,9.2307690531125232e+01,0.0000000000000000e+00,1.6519897529869432e-02
6.2090095689160962e-01,9.2809362762272656e+01,0.0000000000000000e+00,1.6732275870275204e-02
6.2934867846779907e-01,9.3311034993420080e+01,0.0000000000000000e+00,1.6946238972326388e-02
6.3790414610501378e-01,9.3812707224567490e+01,0.0000000000000000e+00,1.7161840054716271e-02
6.4656819731192661e-01,9.4314379455714914e+01,0.0000000000000000e+00,1.7379125478520219e-02
6.5534167707585267e-01,9.4816051686862338e+01,0.0000000000000000e+00,1.7598095243738177e-02
6.6422543038410686e-01,9.5317723918009747e+01,0.0000000000000000e+00,1.7818749350370144e-02
6.7322028272978685e-01,9.5819396149157171e+01,0.0000000000000000e+00,1.8040966940260306e-02
6.8232697287617783e-01,9.6321068380304595e+01,0.0000000000000000e+00,1.8264609231852857e-02
6.9154621547569572e-01,9.6822740611452019e+01,0.0000000000000000e+00,1.8489676062029115e-02
7.0087872517978989e-01,9.7324412842599429e+01,0.0000000000000000e+00,1.8716167430789021e-02
7.1032520743871452e-01,9.7826085073746853e+01,0.0000000000000000e+00,1.8944021677837652e-02
7.1988631675983195e-01,9.8327757304894277e+01,0.0000000000000000e+00,1.9173146494733118e-02
7.2956269011881347e-01,9.8829429536041687e+01,0.0000000000000000e+00,1.9403540984301304e-02
7.3935496447518234e-01,9.9331101767189111e+01,0.0000000000000000e+00,1.9635205146542156e-02
7.4926382516029444e-01,9.9832773998336535e+01,0.0000000000000000e+00,1.9868492459583054e-02
7.5929029468354103e-01,1.0033444622948394e+02,0.0000000000000000e+00,2.0104087700311468e-02
7.6943553907797135e-01,1.0083611846063137e+02,0.0000000000000000e+00,2.0342008288480984e-02
7.7970072490582409e-01,1.0133779069177879e+02,0.0000000000000000e+00,2.0582254224091601e-02
7.9008696290880365e-01,1.0183946292292622e+02,0.0000000000000000e+00,2.0824375873911116e-02
8.0059486546223402e-01,1.0234113515407363e+02,0.0000000000000000e+00,2.1067245402541790e-02
8.1122478292980982e-01,1.0284280738522105e+02,0.0000000000000000e+00,2.1310808674331494e-02
8.2197706334320897e-01,1.0334447961636847e+02,0.0000000000000000e+00,2.1555065689280117e-02
8.3285205495154346e-01,1.0384615184751588e+02,0.0000000000000000e+00,2.1800018399986298e-02
8.4385010853855458e-01,1.0434782407866331e+02,0.0000000000000000e+00,2.2045673169066637e-02
8.5497157652654088e-01,1.0484949630981073e+02,0.0000000000000000e+00,2.2292030488009540e-02
8.6621681136525885e-01,1.0535116854095814e+02,0.0000000000000000e+00,2.2539090356815117e-02
8.7758620352854821e-01,1.0585284077210557e+02,0.0000000000000000e+00,2.2787239937419601e-02
8.8908074205177567e-01,1.0635451300325299e+02,0.0000000000000000e+00,2.3038145757774298e-02
9.0070189237304121e-01,1.0685618523440041e+02,0.0000000000000000e+00,2.3291998981978812e-02
9.1245113312300963e-01,1.0735785746554782e+02,0.0000000000000000e+00,2.3548799610033144e-02
9.2432991559281918e-01,1.0785952969669525e+02,0.0000000000000000e+00,2.3808224389516019e-02
9.3633907897046686e-01,1.0836120192784267e+02,0.0000000000000000e+00,2.4068377867729529e-02
9.4847885948053512e-01,1.0886287415899008e+02,0.0000000000000000e+00,2.4328951367457385e-02
9.6074946783615556e-01,1.0936454639013751e+02,0.0000000000000000e+00,2.4589944888699533e-02
9.7315111705833124e-01,1.0986621862128493e+02,0.0000000000000000e+00,2.4851390991815159e-02
9.8568409842350890e-01,1.1036789085243235e+02,0.0000000000000000e+00,2.5113559427439480e-02
9.9834879868965032e-01,1.1086956308357976e+02,0.0000000000000000e+00,2.5376510353766035e-02
1.0111456104106129e+00,1.1137123531472719e+02,0.0000000000000000e+00,2.5640243770794824e-02
1.0240749293233422e+00,1.1187290754587461e+02,0.0000000000000000e+00,2.5904815657703917e-02
1.0371373332493308e+00,1.1237457977702202e+02,0.0000000000000000e+00,2.6170927461107329e-02
1.0503336772387561e+00,1.1287625200816944e+02,0.0000000000000000e+00,2.6438790054213401e-02
1.0636648396141941e+00,1.1337792423931687e+02,0.0000000000000000e+00,2.6708403437022243e-02
1.0771316978840271e+00,1.1387959647046428e+02,0.0000000000000000e+00,2.6979748380554947e-02
1.0907350341000299e+00,1.1438126870161170e+02,0.0000000000000000e+00,2.7252411534774867e-02
1.1044754465469468e+00,1.1488294093275913e+02,0.0000000000000000e+00,2.7526225631649526e-02
1.1183535126207471e+00,1.1538461316390655e+02,0.0000000000000000e+00,2.7801190671178810e-02
1.1323698098117310e+00,1.1588628539505396e+02,0.0000000000000000e+00,2.8077310078447160e-02
1.1465249485939490e+00,1.1638795762620138e+02,0.0000000000000000e+00,2.8354744866805337e-02
1.1608196207499883e+00,1.1688962985734881e+02,0.0000000000000000e+00,2.8633583139453855e-02
1.1752545303689439e+00,1.1739130208849622e+02,0.0000000000000000e+00,2.8913824896392715e-02
1.1898303814833673e+00,1.1789297431964364e+02,0.0000000000000000e+00,2.9195465603406356e-02
1.2045477091792731e+00,1.1839464655079107e+02,0.0000000000000000e+00,2.9477577418051681e-02
1.2194065075655800e+00,1.1889631878193848e+02,0.0000000000000000e+00,2.9759462099993694e-02
1.2344066626961183e+00,1.1939799101308590e+02,0.0000000000000000e+00,3.0041119649232617e-02
1.2495480606247176e+00,1.1989966324423332e+02,0.0000000000000000e+00,3.0322550065768228e-02
1.2648307690895213e+00,1.2040133547538075e+02,0.0000000000000000e+00,3.0604859049570110e-02
1.2802556214924756e+00,1.2090300770652816e+02,0.0000000000000000e+00,3.0889230919057376e-02
1.2958236528987690e+00,1.2140467993767558e+02,0.0000000000000000e+00,3.1175666020533566e-02
1.3115358983745968e+00,1.2190635216882301e+02,0.0000000000000000e+00,3.1464164353998902e-02
1.3273933725929112e+00,1.2240802439997042e+02,0.0000000000000000e+00,3.1754588543972062e-02
1.3433969757042212e+00,1.2290969663111784e+02,0.0000000000000000e+00,3.2046729518966033e-02
1.3595475679107480e+00,1.2341136886226526e+02,0.0000000000000000e+00,3.2340585081514717e-02
1.3758460093734550e+00,1.2391304109341267e+02,0.0000000000000000e+00,3.2636155231618114e-02
1.3922930521064032e+00,1.2441471332456010e+02,0.0000000000000000e+00,3.2932622124416500e-02
1.4088886247023269e+00,1.2491638555570752e+02,0.0000000000000000e+00,3.3228245021567293e-02
1.4256322770284220e+00,1.2541805778685494e+02,0.0000000000000000e+00,3.3522966660061937e-02
1.4425235569482475e+00,1.2591973001800235e+02,0.0000000000000000e+00,3.3816787039900209e-02
1.4595620949962360e+00,1.2642140224914978e+02,0.0000000000000000e+00,3.4110420409987685e-02
1.4767483990082049e+00,1.2692307448029720e+02,0.0000000000000000e+00,3.4405992985052869e-02
1.4940835054358863e+00,1.2742474671144461e+02,0.0000000000000000e+00,3.4703646052046344e-02
1.5115684580043081e+00,1.2792641894259204e+02,0.0000000000000000e+00,3.5003379610968222e-02
1.5292042910806096e+00,1.2842809117373946e+02,0.0000000000000000e+00,3.5305098910513366e-02
1.5469918936620113e+00,1.2892976340488687e+02,0.0000000000000000e+00,3.5608400946687491e-02
1.5649320400397029e+00,1.2943143563603431e+02,0.0000000000000000e+00,3.5913240190088458e-02
1.5830255013878609e+00,1.2993310786718172e+02,0.0000000000000000e+00,3.6219616640716157e-02
1.6012730235399488e+00,1.3043478009832913e+02,0.0000000000000000e+00,3.6527219116425869e-02
1.6196747322320566e+00,1.3093645232947657e+02,0.0000000000000000e+00,3.6834079745435178e-02
1.6382301116676348e+00,1.3143812456062398e+02,0.0000000000000000e+00,3.7139853158854819e-02
1.6569386164208131e+00,1.3193979679177139e+02,0.0000000000000000e+00,3.7444539356685014e-02
1.6757997160585232e+00,1.3244146902291882e+02,0.0000000000000000e+00,3.7748373225794940e-02
1.6948135313096317e+00,1.3294314125406623e+02,0.0000000000000000e+00,3.8053727885119293e-02
1.7139810705772462e+00,1.3344481348521364e+02,0.0000000000000000e+00,3.8361219650061118e-02
1.7333034059879111e+00,1.3394648571636108e+02,0.0000000000000000e+00,3.8670848520620305e-02
1.7527816086786083e+00,1.3444815794750849e+02,0.0000000000000000e+00,3.8982592856438014e-02
1.7724166538016335e+00,1.3494983017865590e+02,0.0000000000000000e+00,3.9296048256286076e-02
1.7922093416709384e+00,1.3545150240980334e+02,0.0000000000000000e+00,3.9611061950365123e-02
1.8121604540394649e+00,1.3595317464095075e+02,0.0000000000000000e+00,3.9927633938675267e-02
1.8322707713150623e+00,1.3645484687209819e+02,0.0000000000000000e+00,4.0245714947139133e-02
1.8525405925908462e+00,1.3695651910324560e+02,0.0000000000000000e+00,4.0562950796826480e-02
1.8729690255479010e+00,1.3745819133439301e+02,0.0000000000000000e+00,4.0878046861975159e-02
1.8935549967157439e+00,1.3795986356554045e+02,0.0000000000000000e+00,4.1191003142585170e-02
1.9142974326771069e+00,1.3846153579668785e+02,0.0000000000000000e+00,4.1501825838902828e-02
1.9351957171181868e+00,1.3896320802783526e+02,0.0000000000000000e+00,4.1813097586165249e-02
1.9562508018723195e+00,1.3946488025898270e+02,0.0000000000000000e+00,4.2126936432299700e-02
1.9774639747817215e+00,1.3996655249013011e+02,0.0000000000000000e+00,4.2443342377306403e-02
1.9988365236886128e+00,1.4046822472127752e+02,0.0000000000000000e+00,4.2762315421185026e-02
2.0203696521432852e+00,1.4096989695242496e+02,0.0000000000000000e+00,4.3083316646240877e-02
2.0420641541456339e+00,1.4147156918357237e+02,0.0000000000000000e+00,4.3405655511711161e-02
2.0639206994880959e+00,1.4197324141471978e+02,0.0000000000000000e+00,4.3729329441260290e-02
2.0859399579352473e+00,1.4247491364586722e+02,0.0000000000000000e+00,4.4054338434888041e-02
2.1081225194945836e+00,1.4297658587701463e+02,0.0000000000000000e+00,4.4380098629222875e-02
2.1304684156523868e+00,1.4347825810816204e+02,0.0000000000000000e+00,4.4705473288675135e-02
2.1529774391760226e+00,1.4397993033930948e+02,0.0000000000000000e+00,4.5030433073518283e-02
2.1756493819344160e+00,1.4448160257045689e+02,0.0000000000000000e+00,4.5354977983751876e-02
2.1984840486477530e+00,1.4498327480160430e+02,0.0000000000000000e+00,4.5679218285061829e-02
2.2214813781293099e+00,1.4548494703275173e+02,0.0000000000000000e+00,4.6003476867175763e-02
2.2446413889517833e+00,1.4598661926389914e+02,0.0000000000000000e+00,4.6327774576671255e-02
2.2679641007442970e+00,1.4648829149504658e+02,0.0000000000000000e+00,4.6652111413548525e-02
2.2914495273737896e+00,1.4698996372619399e+02,0.0000000000000000e+00,4.6976427392458220e-02
2.3150975871149706e+00,1.4749163595734140e+02,0.0000000000000000e+00,4.7300451849553449e-02
2.3389081195462698e+00,1.4799330818848884e+02,0.0000000000000000e+00,4.7624151862857511e-02
2.3628809619032438e+00,1.4849498041963625e+02,0.0000000000000000e+00,4.7947527432370407e-02
2.3870159824837245e+00,1.4899665265078366e+02,0.0000000000000000e+00,4.8270992803652435e-02
2.4113139721740469e+00,1.4949832488193110e+02,0.0000000000000000e+00,4.8597627278227362e-02
2.4357767774620132e+00,1.4999999711307851e+02,0.0000000000000000e+00,4.8928057665577285e-02
2.4357769187134775e+00,1.5000000000000000e+02,0.0000000000000000e+00,4.8928059577993066e-02
2.5673416559223692e+00,1.5351170568561872e+02,0.0000000000000000e+00,4.9555660000000001e-02
2.7027947403670036e+00,1.5702341137123747e+02,0.0000000000000000e+00,4.9555660000000001e-02
2.8421602746555150e+00,1.6053511705685619e+02,0.0000000000000000e+00,4.9555660000000001e-02
2.9854619726897917e+00,1.6404682274247492e+02,0.0000000000000000e+00,4.9555660000000001e-02
3.1327231742378063e+00,1.6755852842809364e+02,0.0000000000000000e+00,4.9555660000000001e-02
3.2839668586615050e+00,1.7107023411371239e+02,0.0000000000000000e+00,4.9555660000000001e-02
3.4392156578657391e+00,1.7458193979933111e+02,0.0000000000000000e+00,4.9555660000000001e-02
3.5984918685274385e+00,1.7809364548494983e+02,0.0000000000000000e+00,4.9555660000000001e-02
3.7618174636585962e+00,1.8160535117056855e+02,0.0000000000000000e+00,4.9555660000000001e-02
3.9292141035517254e+00,1.8511705685618730e+02,0.0000000000000000e+00,4.9555660000000001e-02
4.1007031461519707e+00,1.8862876254180603e+02,0.0000000000000000e+00,4.9555660000000001e-02
4.2763056568961852e+00,1.9214046822742475e+02,0.0000000000000000e+00,4.9555660000000001e-02
4.4560424180556986e+00,1.9565217391304347e+02,0.0000000000000000e+00,4.9555660000000001e-02
4.6399339376163731e+00,1.9916387959866222e+02,0.0000000000000000e+00,4.9555660000000001e-02
4.8280004577267306e+00,2.0267558528428094e+02,0.0000000000000000e+00,4.9555660000000001e-02
5.0202619627423521e+00,2.0618729096989966e+02,0.0000000000000000e+00,4.9555660000000001e-02
5.2167381868924618e+00,2.0969899665551839e+02,0.0000000000000000e+00,4.9555660000000001e-02
5.4174486215925546e+00,2.1321070234113714e+02,0.0000000000000000e+00,4.9555660000000001e-02
5.6224125224250061e+00,2.1672240802675586e+02,0.0000000000000000e+00,4.9555660000000001e-02
5.8316489158079650e+00,2.2023411371237458e+02,0.0000000000000000e+00,4.9555660000000001e-02
6.0451766053712275e+00,2.2374581939799330e+02,0.0000000000000000e+00,4.9555660000000001e-02
6.2630141780564044e+00,2.2725752508361205e+02,0.0000000000000000e+00,4.9555660000000001e-02
6.4932711370331857e+00,2.3076923076923077e+02,0.0000000000000000e+00,8.9025770000000004e-02
6.7285674295811804e+00,2.3428093645484950e+02,0.0000000000000000e+00,8.9025770000000004e-02
6.9686984920320061e+00,2.3779264214046822e+02,0.0000000000000000e+00,8.9025770000000004e-02
7.2136900663534487e+00,2.4130434782608697e+02,0.0000000000000000e+00,8.9025770000000004e-02
7.4635676511691598e+00,2.4481605351170569e+02,0.0000000000000000e+00,8.9025770000000004e-02
7.7183565075513112e+00,2.4832775919732441e+02,0.0000000000000000e+00,8.9025770000000004e-02
7.9780816645945691e+00,2.5183946488294313e+02,0.0000000000000000e+00,8.9025770000000004e-02
8.2427679247826440e+00,2.5535117056856188e+02,0.0000000000000000e+00,8.9025770000000004e-02
8.5124398691578858e+00,2.5886287625418061e+02,0.0000000000000000e+00,8.9025770000000004e-02
8.7871218623037706e+00,2.6237458193979933e+02,0.0000000000000000e+00,8.9025770000000004e-02
9.0668380571494769e+00,2.6588628762541805e+02,0.0000000000000000e+00,8.9025770000000004e-02
9.3516123996051732e+00,2.6939799331103677e+02,0.0000000000000000e+00,8.9025770000000004e-02
9.6414686330361832e+00,2.7290969899665549e+02,0.0000000000000000e+00,8.9025770000000004e-02
9.9364303025835863e+00,2.7642140468227427e+02,0.0000000000000000e+00,8.9025770000000004e-02
1.0236520759338449e+01,2.7993311036789299e+02,0.0000000000000000e+00,8.9025770000000004e-02
1.0541763164376484e+01,2.8344481605351172e+02,0.0000000000000000e+00,8.9025770000000004e-02
1.0852180492659402e+01,2.8695652173913044e+02,0.0000000000000000e+00,8.9025770000000004e-02
1.1167795536809008e+01,2.9046822742474916e+02,0.0000000000000000e+00,8.9025770000000004e-02
1.1488630910759694e+01,2.9397993311036788e+02,0.0000000000000000e+00,8.9025770000000004e-02
1.1814709053294642e+01,2.9749163879598660e+02,0.0000000000000000e+00,8.9025770000000004e-02
1.2146052231470794e+01,3.0100334448160532e+02,0.0000000000000000e+00,8.9025770000000004e-02
1.2482682543937345e+01,3.0451505016722410e+02,0.0000000000000000e+00,8.9025770000000004e-02
1.2824621924152275e+01,3.0802675585284283e+02,0.0000000000000000e+00,8.9025770000000004e-02
1.3171892143501220e+01,3.1153846153846155e+02,0.0000000000000000e+00,8.9025770000000004e-02
1.3524514814322629e+01,3.1505016722408027e+02,0.0000000000000000e+00,8.9025770000000004e-02
1.3882511392843176e+01,3.1856187290969899e+02,0.0000000000000000e+00,8.9025770000000004e-02
1.4245903182026932e+01,3.2207357859531771e+02,0.0000000000000000e+00,8.9025770000000004e-02
1.4614711334341845e+01,3.2558528428093643e+02,0.0000000000000000e+00,8.9025770000000004e-02
1.4988956854446732e+01,3.2909698996655516e+02,0.0000000000000000e+00,8.9025770000000004e-02
1.5368660601801956e+01,3.3260869565217394e+02,0.0000000000000000e+00,8.9025770000000004e-02
1.5753843293206673e+01,3.3612040133779266e+02,0.0000000000000000e+00,8.9025770000000004e-02
1.6144525505265566e+01,3.3963210702341138e+02,0.0000000000000000e+00,8.9025770000000004e-02
1.6540727676787629e+01,3.4314381270903010e+02,0.0000000000000000e+00,8.9025770000000004e-02
1.7211340875484833e+01,3.4665551839464882e+02,0.0000000000000000e+00,6.6332084000000002e-01
1.8104006849030629e+01,3.5016722408026754e+02,0.0000000000000000e+00,6.6332084000000002e-01
1.9033364750958015e+01,3.5367892976588627e+02,0.0000000000000000e+00,6.6332084000000002e-01
2.0000535865446242e+01,3.5719063545150499e+02,0.0000000000000000e+00,6.6332084000000002e-01
2.1006664155208078e+01,3.6070234113712377e+02,0.0000000000000000e+00,6.6332084000000002e-01
2.2052916490447021e+01,3.6421404682274249e+02,0.0000000000000000e+00,6.6332084000000002e-01
2.3140482877852232e+01,3.6772575250836121e+02,0.0000000000000000e+00,6.6332084000000002e-01
2.4270576689630591e+01,3.7123745819397993e+02,0.0000000000000000e+00,6.6332084000000002e-01
2.5444434892575718e+01,3.7474916387959865e+02,0.0000000000000000e+00,6.6332084000000002e-01
2.6663318277173509e+01,3.7826086956521738e+02,0.0000000000000000e+00,6.6332084000000002e-01
2.7928511686743899e+01,3.8177257525083610e+02,0.0000000000000000e+00,6.6332084000000002e-01
2.9241324246618532e+01,3.8528428093645488e+02,0.0000000000000000e+00,6.6332084000000002e-01
3.0603089593353818e+01,3.8879598662207360e+02,0.0000000000000000e+00,6.6332084000000002e-01
3.2015166103979475e+01,3.9230769230769232e+02,0.0000000000000000e+00,6.6332084000000002e-01
3.3478937125281760e+01,3.9581939799331104e+02,0.0000000000000000e+00,6.6332084000000002e-01
3.4995811203121406e+01,3.9933110367892976e+02,0.0000000000000000e+00,6.6332084000000002e-01
3.6567222311785770e+01,4.0284280936454849e+02,0.0000000000000000e+00,6.6332084000000002e-01
3.8194630083375117e+01,4.0635451505016721e+02,0.0000000000000000e+00,6.6332084000000002e-01
3.9879520037222449e+01,4.0986622073578593e+02,0.0000000000000000e+00,6.6332084000000002e-01
4.1623403809346861e+01,4.1337792642140471e+02,0.0000000000000000e+00,6.6332084000000002e-01
4.3427819381939877e+01,4.1688963210702343e+02,0.0000000000000000e+00,6.6332084000000002e-01
4.5294331312884879e+01,4.2040133779264215e+02,0.0000000000000000e+00,6.6332084000000002e-01
4.7224530965308908e+01,4.2391304347826087e+02,0.0000000000000000e+00,6.6332084000000002e-01
4.9220036737166794e+01,4.2742474916387960e+02,0.0000000000000000e+00,6.6332084000000002e-01
5.1282494290857386e+01,4.3093645484949832e+02,0.0000000000000000e+00,6.6332084000000002e-01
5.3413576782871544e+01,4.3444816053511704e+02,0.0000000000000000e+00,6.6332084000000002e-01
5.5614985093471653e+01,4.3795986622073576e+02,0.0000000000000000e+00,6.6332084000000002e-01
5.7888448056402389e+01,4.4147157190635454e+02,0.0000000000000000e+00,6.6332084000000002e-01
6.0235722688632414e+01,4.4498327759197326e+02,0.0000000000000000e+00,6.6332084000000002e-01
6.2658594420127109e+01,4.4849498327759198e+02,0.0000000000000000e+00,6.6332084000000002e-01
6.5158877323651609e+01,4.5200668896321071e+02,0.0000000000000000e+00,6.6332084000000002e-01
6.7738414344604152e+01,4.5551839464882943e+02,0.0000000000000000e+00,6.6332084000000002e-01
7.0399077530879623e+01,4.5903010033444815e+02,0.0000000000000000e+00,6.6332084000000002e-01
7.3142768262762800e+01,4.6254180602006687e+02,0.0000000000000000e+00,6.6332084000000002e-01
7.5971417482851265e+01,4.6605351170568559e+02,0.0000000000000000e+00,6.6332084000000002e-01
7.8886985926007839e+01,4.6956521739130437e+02,0.0000000000000000e+00,6.6332084000000002e-01
8.1891464349341675e+01,4.7307692307692309e+02,0.0000000000000000e+00,6.6332084000000002e-01
8.4986873762219176e+01,4.7658862876254182e+02,0.0000000000000000e+00,6.6332084000000002e-01
8.8175265656302713e+01,4.8010033444816054e+02,0.0000000000000000e+00,6.6332084000000002e-01
9.1458722235618609e+01,4.8361204013377926e+02,0.0000000000000000e+00,6.6332084000000002e-01
9.4839356646652902e+01,4.8712374581939798e+02,0.0000000000000000e+00,6.6332084000000002e-01
9.8319313208475620e+01,4.9063545150501670e+02,0.0000000000000000e+00,6.6332084000000002e-01
1.0190076764289272e+02,4.9414715719063543e+02,0.0000000000000000e+00,6.6332084000000002e-01
1.0558592730462598e+02,4.9765886287625420e+02,0.0000000000000000e+00,6.6332084000000002e-01
1.0937703141151998e+02,5.0117056856187293e+02,0.0000000000000000e+00,6.6332084000000002e-01
1.1327635127477703e+02,5.0468227424749165e+02,0.0000000000000000e+00,6.6332084000000002e-01
1.1728619052921877e+02,5.0819397993311037e+02,0.0000000000000000e+00,6.6332084000000002e-01
1.2140888536357490e+02,5.1170568561872909e+02,0.0000000000000000e+00,6.6332084000000002e-01
1.2564680475079865e+02,5.1521739130434787e+02,0.0000000000000000e+00,6.6332084000000002e-01
1.3000235067840867e+02,5.1872909698996659e+02,0.0000000000000000e+00,6.6332084000000002e-01
1.3447795837885786e+02,5.2224080267558531e+02,0.0000000000000000e+00,6.6332084000000002e-01
1.3590528265820288e+02,5.2575250836120404e+02,0.0000000000000000e+00,4.2695021999999999e-01
1.3725553248412538e+02,5.2926421404682276e+02,0.0000000000000000e+00,4.2695021999999999e-01
1.3861013483222268e+02,5.3277591973244148e+02,0.0000000000000000e+00,4.2695021999999999e-01
1.3996907490505419e+02,5.3628762541806020e+02,0.0000000000000000e+00,4.2695021999999999e-01
1.4133233805220968e+02,5.3979933110367892e+02,0.0000000000000000e+00,4.2695021999999999e-01
1.4269990976790004e+02,5.4331103678929765e+02,0.0000000000000000e+00,4.2695021999999999e-01
1.4407177568860249e+02,5.4682274247491637e+02,0.0000000000000000e+00,4.2695021999999999e-01
1.4544792159075917e+02,5.5033444816053509e+02,0.0000000000000000e+00,4.2695021999999999e-01
1.4682833338852743e+02,5.5384615384615381e+02,0.0000000000000000e+00,4.2695021999999999e-01
1.4821299713158044e+02,5.5735785953177253e+02,0.0000000000000000e+00,4.2695021999999999e-01
1.4960189900295634e+02,5.6086956521739125e+02,0.0000000000000000e+00,4.2695021999999999e-01
1.5099502531695504e+02,5.6438127090300998e+02,0.0000000000000000e+00,4.2695021999999999e-01
1.5239236251708095e+02,5.6789297658862881e+02,0.0000000000000000e+00,4.2695021999999999e-01
1.5379389717403049e+02,5.7140468227424753e+02,0.0000000000000000e+00,4.2695021999999999e-01
1.5519961598372325e+02,5.7491638795986626e+02,0.0000000000000000e+00,4.2695021999999999e-01
1.5660950576537547e+02,5.7842809364548498e+02,0.0000000000000000e+00,4.2695021999999999e-01
1.5802355345961450e+02,5.8193979933110370e+02,0.0000000000000000e+00,4.2695021999999999e-01
1.5944174612663360e+02,5.8545150501672242e+02,0.0000000000000000e+00,4.2695021999999999e-01
1.6086407094438550e+02,5.8896321070234114e+02,0.0000000000000000e+00,4.2695021999999999e-01
1.6229051520681389e+02,5.9247491638795987e+02,0.0000000000000000e+00,4.2695021999999999e-01
1.6372106632212191e+02,5.9598662207357859e+02,0.0000000000000000e+00,4.2695021999999999e-01
1.6515571181107654e+02,5.9949832775919731e+02,0.0000000000000000e+00,4.2695021999999999e-01
1.6659443930534781e+02,6.0301003344481603e+02,0.0000000000000000e+00,4.2695021999999999e-01
1.6803723654588217e+02,6.0652173913043475e+02,0.0000000000000000e+00,4.2695021999999999e-01
1.6948409138130916e+02,6.1003344481605347e+02,0.0000000000000000e+00,4.2695021999999999e-01
1.7093499176637999e+02,6.1354515050167220e+02,0.0000000000000000e+00,4.2695021999999999e-01
1.7238992576043790e+02,6.1705685618729092e+02,0.0000000000000000e+00,4.2695021999999999e-01
1.7384888152591907e+02,6.2056856187290975e+02,0.0000000000000000e+00,4.2695021999999999e-01
1.7531184732688325e+02,6.2408026755852848e+02,0.0000000000000000e+00,4.2695021999999999e-01
1.7677881152757382e+02,6.2759197324414720e+02,0.0000000000000000e+00,4.2695021999999999e-01
1.7824976259100580e+02,6.3110367892976592e+02,0.0000000000000000e+00,4.2695021999999999e-01
1.7972468907758193e+02,6.3461538461538464e+02,0.0000000000000000e+00,4.2695021999999999e-01
1.8120357964373522e+02,6.3812709030100336e+02,0.0000000000000000e+00,4.2695021999999999e-01
1.8268642304059838e+02,6.4163879598662209e+02,0.0000000000000000e+00,4.2695021999999999e-01
1.8417320811269835e+02,6.4515050167224081e+02,0.0000000000000000e+00,4.2695021999999999e-01
1.8566392379667616e+02,6.4866220735785953e+02,0.0000000000000000e+00,4.2695021999999999e-01
1.8715855912003099e+02,6.5217391304347825e+02,0.0000000000000000e+00,4.2695021999999999e-01
1.8865710319988830e+02,6.5568561872909697e+02,0.0000000000000000e+00,4.2695021999999999e-01
1.9015954524179079e+02,6.5919732441471569e+02,0.0000000000000000e+00,4.2695021999999999e-01
1.9166587453851247e+02,6.6270903010033442e+02,0.0000000000000000e+00,4.2695021999999999e-01
1.9317608046889444e+02,6.6622073578595314e+02,0.0000000000000000e+00,4.2695021999999999e-01
1.9469015249670255e+02,6.6973244147157186e+02,0.0000000000000000e+00,4.2695021999999999e-01
1.9620808016950608e+02,6.7324414715719058e+02,0.0000000000000000e+00,4.2695021999999999e-01
1.9772985311757685e+02,6.7675585284280942e+02,0.0000000000000000e+00,4.2695021999999999e-01
1.9925546105280856e+02,6.8026755852842814e+02,0.0000000000000000e+00,4.2695021999999999e-01
2.0078489376765592e+02,6.8377926421404686e+02,0.0000000000000000e+00,4.2695021999999999e-01
2.0231814113409268e+02,6.8729096989966558e+02,0.0000000000000000e+00,4.2695021999999999e-01
2.0385519310258852e+02,6.9080267558528431e+02,0.0000000000000000e+00,4.2695021999999999e-01
2.0539603970110417e+02,6.9431438127090303e+02,0.0000000000000000e+00,4.2695021999999999e-01
2.0694067103410472e+02,6.9782608695652175e+02,0.0000000000000000e+00,4.2695021999999999e-01
2.0848907728158974e+02,7.0133779264214047e+02,0.0000000000000000e+00,4.2695021999999999e-01
2.1004124869814149e+02,7.0484949832775919e+02,0.0000000000000000e+00,4.2695021999999999e-01
2.1159717561198869e+02,7.0836120401337791e+02,0.0000000000000000e+00,4.2695021999999999e-01
2.1315684842408754e+02,7.1187290969899664e+02,0.0000000000000000e+00,4.2695021999999999e-01
2.1472025760721812e+02,7.1538461538461536e+02,0.0000000000000000e+00,4.2695021999999999e-01
2.1628739370509689e+02,7.1889632107023408e+02,0.0000000000000000e+00,4.2695021999999999e-01
2.1785824733150386e+02,7.2240802675585280e+02,0.0000000000000000e+00,4.2695021999999999e-01
2.1943280916942516e+02,7.2591973244147152e+02,0.0000000000000000e+00,4.2695021999999999e-01
2.2101106997021009e+02,7.2943143812709025e+02,0.0000000000000000e+00,4.2695021999999999e-01
2.2259302055274236e+02,7.3294314381270908e+02,0.0000000000000000e+00,4.2695021999999999e-01
2.2417865180262524e+02,7.3645484949832780e+02,0.0000000000000000e+00,4.2695021999999999e-01
2.2576795467138069e+02,7.3996655518394653e+02,0.0000000000000000e+00,4.2695021999999999e-01
2.2736092017566162e+02,7.4347826086956525e+02,0.0000000000000000e+00,4.2695021999999999e-01
2.2895753939647730e+02,7.4698996655518397e+02,0.0000000000000000e+00,4.2695021999999999e-01
2.3055780347843140e+02,7.5050167224080269e+02,0.0000000000000000e+00,4.2695021999999999e-01
2.3216170362897310e+02,7.5401337792642141e+02,0.0000000000000000e+00,4.2695021999999999e-01
2.3376923111765987e+02,7.5752508361204013e+02,0.0000000000000000e+00,4.2695021999999999e-01
2.3538037727543255e+02,7.6103678929765886e+02,0.0000000000000000e+00,4.2695021999999999e-01
2.3699513349390244e+02,7.6454849498327758e+02,0.0000000000000000e+00,4.2695021999999999e-01
2.3861349122464929e+02,7.6806020066889630e+02,0.0000000000000000e+00,4.2695021999999999e-01
2.4023544197853127e+02,7.7157190635451502e+02,0.0000000000000000e+00,4.2695021999999999e-01
2.4186097732500551e+02,7.7508361204013374e+02,0.0000000000000000e+00,4.2695021999999999e-01
2.4349008889145975e+02,7.7859531772575247e+02,0.0000000000000000e+00,4.2695021999999999e-01
2.4512276836255430e+02,7.8210702341137119e+02,0.0000000000000000e+00,4.2695021999999999e-01
2.4675900747957496e+02,7.8561872909699002e+02,0.0000000000000000e+00,4.2695021999999999e-01
2.4839879803979517e+02,7.8913043478260875e+02,0.0000000000000000e+00,4.2695021999999999e-01
2.5005584012542801e+02,7.9264214046822747e+02,0.0000000000000000e+00,5.4443353000000005e-01
2.5175435408462249e+02,7.9615384615384619e+02,0.0000000000000000e+00,5.4443353000000005e-01
2.5345685368991457e+02,7.9966555183946491e+02,0.0000000000000000e+00,5.4443353000000005e-01
2.5516333072934873e+02,8.0317725752508363e+02,0.0000000000000000e+00,5.4443353000000005e-01
2.5687377704376223e+02,8.0668896321070235e+02,0.0000000000000000e+00,5.4443353000000005e-01
2.5858818452621716e+02,8.1020066889632108e+02,0.0000000000000000e+00,5.4443353000000005e-01
2.6030654512144082e+02,8.1371237458193980e+02,0.0000000000000000e+00,5.4443353000000005e-01
2.6202885082527479e+02,8.1722408026755852e+02,0.0000000000000000e+00,5.4443353000000005e-01
2.6375509368413196e+02,8.2073578595317724e+02,0.0000000000000000e+00,5.4443353000000005e-01
2.6548526579446195e+02,8.2424749163879596e+02,0.0000000000000000e+00,5.4443353000000005e-01
2.6721935930222401e+02,8.2775919732441469e+02,0.0000000000000000e+00,5.4443353000000005e-01
2.6895736640236811e+02,8.3127090301003341e+02,0.0000000000000000e+00,5.4443353000000005e-01
2.7069927933832321e+02,8.3478260869565213e+02,0.0000000000000000e+00,5.4443353000000005e-01
2.7244509040149359e+02,8.3829431438127085e+02,0.0000000000000000e+00,5.4443353000000005e-01
2.7419479193076182e+02,8.4180602006688969e+02,0.0000000000000000e+00,5.4443353000000005e-01
2.7594837631199937e+02,8.4531772575250841e+02,0.0000000000000000e+00,5.4443353000000005e-01
2.7770583597758440e+02,8.4882943143812713e+02,0.0000000000000000e+00,5.4443353000000005e-01
2.7946716340592593e+02,8.5234113712374585e+02,0.0000000000000000e+00,5.4443353000000005e-01
2.8123235112099530e+02,8.5585284280936457e+02,0.0000000000000000e+00,5.4443353000000005e-01
2.8300139169186434e+02,8.5936454849498330e+02,0.0000000000000000e+00,5.4443353000000005e-01
2.8477427773224952e+02,8.6287625418060202e+02,0.0000000000000000e+00,5.4443353000000005e-01
2.8655100190006306e+02,8.6638795986622074e+02,0.0000000000000000e+00,5.4443353000000005e-01
2.8833155689697048e+02,8.6989966555183946e+02,0.0000000000000000e+00,5.4443353000000005e-01
2.9011593546795382e+02,8.7341137123745818e+02,0.0000000000000000e+00,5.4443353000000005e-01
2.9190413040088129e+02,8.7692307692307691e+02,0.0000000000000000e+00,5.4443353000000005e-01
2.9369613452608280e+02,8.8043478260869563e+02,0.0000000000000000e+00,5.4443353000000005e-01
2.9549194071593172e+02,8.8394648829431435e+02,0.0000000000000000e+00,5.4443353000000005e-01
2.9729154188443164e+02,8.8745819397993307e+02,0.0000000000000000e+00,5.4443353000000005e-01
2.9909493098680963e+02,8.9096989966555179e+02,0.0000000000000000e+00,5.4443353000000005e-01
3.0090210101911453e+02,8.9448160535117051e+02,0.0000000000000000e+00,5.4443353000000005e-01
3.0271304501782112e+02,8.9799331103678935e+02,0.0000000000000000e+00,5.4443353000000005e-01
3.0452775605943907e+02,9.0150501672240807e+02,0.0000000000000000e+00,5.4443353000000005e-01
3.0634622726012788e+02,9.0501672240802679e+02,0.0000000000000000e+00,5.4443353000000005e-01
3.0816845177531650e+02,9.0852842809364552e+02,0.0000000000000000e+00,5.4443353000000005e-01
3.0999442279932856e+02,9.1204013377926424e+02,0.0000000000000000e+00,5.4443353000000005e-01
3.1182413356501166e+02,9.1555183946488296e+02,0.0000000000000000e+00,5.4443353000000005e-01
3.1365757734337279e+02,9.1906354515050168e+02,0.0000000000000000e+00,5.4443353000000005e-01
3.1549474744321788e+02,9.2257525083612040e+02,0.0000000000000000e+00,5.4443353000000005e-01
3.1733563721079611e+02,9.2608695652173913e+02,0.0000000000000000e+00,5.4443353000000005e-01
3.1918024002944901e+02,9.2959866220735785e+02,0.0000000000000000e+00,5.4443353000000005e-01
3.2102854931926458e+02,9.3311036789297657e+02,0.0000000000000000e+00,5.4443353000000005e-01
3.2288055853673512e+02,9.3662207357859529e+02,0.0000000000000000e+00,5.4443353000000005e-01
3.2473626117442018e+02,9.4013377926421401e+02,0.0000000000000000e+00,5.4443353000000005e-01
3.2659565076061358e+02,9.4364548494983273e+02,0.0000000000000000e+00,5.4443353000000005e-01
3.2845872085901476e+02,9.4715719063545146e+02,0.0000000000000000e+00,5.4443353000000005e-01
3.3032546506840447e+02,9.5066889632107018e+02,0.0000000000000000e+00,5.4443353000000005e-01
3.3219587702232457e+02,9.5418060200668901e+02,0.0000000000000000e+00,5.4443353000000005e-01
3.3406995038876170e+02,9.5769230769230774e+02,0.0000000000000000e+00,5.4443353000000005e-01
3.3594767886983544e+02,9.6120401337792646e+02,0.0000000000000000e+00,5.4443353000000005e-01
3.3782905620148995e+02,9.6471571906354518e+02,0.0000000000000000e+00,5.4443353000000005e-01
3.3971407615318998e+02,9.6822742474916390e+02,0.0000000000000000e+00,5.4443353000000005e-01
3.4160273252762011e+02,9.7173913043478262e+02,0.0000000000000000e+00,5.4443353000000005e-01
3.4349501916038838e+02,9.7525083612040135e+02,0.0000000000000000e+00,5.4443353000000005e-01
3.4539092991973314e+02,9.7876254180602007e+02,0.0000000000000000e+00,5.4443353000000005e-01
3.4729045870623401e+02,9.8227424749163879e+02,0.0000000000000000e+00,5.4443353000000005e-01
3.4919359945252597e+02,9.8578595317725751e+02,0.0000000000000000e+00,5.4443353000000005e-01
3.5110034612301706e+02,9.8929765886287623e+02,0.0000000000000000e+00,5.4443353000000005e-01
3.5301069271361018e+02,9.9280936454849495e+02,0.0000000000000000e+00,5.4443353000000005e-01
3.5492463325142734e+02,9.9632107023411368e+02,0.0000000000000000e+00,5.4443353000000005e-01
3.5684216179453796e+02,9.9983277591973240e+02,0.0000000000000000e+00,5.4443353000000005e-01
3.5876327243169027e+02,1.0033444816053511e+03,0.0000000000000000e+00,5.4443353000000005e-01
3.6068795928204611e+02,1.0068561872909700e+03,0.0000000000000000e+00,5.4443353000000005e-01
3.6261621649491855e+02,1.0103678929765887e+03,0.0000000000000000e+00,5.4443353000000005e-01
3.6454803824951301e+02,1.0138795986622074e+03,0.0000000000000000e+00,5.4443353000000005e-01
3.6648341875467173e+02,1.0173913043478261e+03,0.0000000000000000e+00,5.4443353000000005e-01
3.6842235224862071e+02,1.0209030100334448e+03,0.0000000000000000e+00,5.4443353000000005e-01
3.7036483299871998e+02,1.0244147157190635e+03,0.0000000000000000e+00,5.4443353000000005e-01
3.7231085530121720e+02,1.0279264214046823e+03,0.0000000000000000e+00,5.4443353000000005e-01
3.7426041348100290e+02,1.0314381270903009e+03,0.0000000000000000e+00,5.4443353000000005e-01
3.7621350189137075e+02,1.0349498327759197e+03,0.0000000000000000e+00,5.4443353000000005e-01
3.7817011491377832e+02,1.0384615384615386e+03,0.0000000000000000e+00,5.4443353000000005e-01
3.8013024695761248e+02,1.0419732441471572e+03,0.0000000000000000e+00,5.4443353000000005e-01
3.8209389245995663e+02,1.0454849498327760e+03,0.0000000000000000e+00,5.4443353000000005e-01
3.8406104588536050e+02,1.0489966555183946e+03,0.0000000000000000e+00,5.4443353000000005e-01
3.8603170172561374e+02,1.0525083612040135e+03,0.0000000000000000e+00,5.4443353000000005e-01
3.8800585449952013e+02,1.0560200668896321e+03,0.0000000000000000e+00,5.4443353000000005e-01
3.8998349875267712e+02,1.0595317725752509e+03,0.0000000000000000e+00,5.4443353000000005e-01
3.9196462905725491e+02,1.0630434782608695e+03,0.0000000000000000e+00,5.4443353000000005e-01
3.9394924001178094e+02,1.0665551839464883e+03,0.0000000000000000e+00,5.4443353000000005e-01
3.9593732624092428e+02,1.0700668896321069e+03,0.0000000000000000e+00,5.4443353000000005e-01
3.9792888239528457e+02,1.0735785953177258e+03,0.0000000000000000e+00,5.4443353000000005e-01
3.9992390315118172e+02,1.0770903010033444e+03,0.0000000000000000e+00,5.4443353000000005e-01
4.0192238321044931e+02,1.0806020066889632e+03,0.0000000000000000e+00,5.4443353000000005e-01
4.0392431730022935e+02,1.0841137123745818e+03,0.0000000000000000e+00,5.4443353000000005e-01
4.0592970017276997e+02,1.0876254180602007e+03,0.0000000000000000e+00,5.4443353000000005e-01
4.0793852660522492e+02,1.0911371237458195e+03,0.0000000000000000e+00,5.4443353000000005e-01
4.0995079139945551e+02,1.0946488294314381e+03,0.0000000000000000e+00,5.4443353000000005e-01
4.1196648938183517e+02,1.0981605351170570e+03,0.0000000000000000e+00,5.4443353000000005e-01
4.1398561540305514e+02,1.1016722408026756e+03,0.0000000000000000e+00,5.4443353000000005e-01
4.1600816433793369e+02,1.1051839464882944e+03,0.0000000000000000e+00,5.4443353000000005e-01
4.1803413108522591e+02,1.1086956521739130e+03,0.0000000000000000e+00,5.4443353000000005e-01
4.2006351056743716e+02,1.1122073578595318e+03,0.0000000000000000e+00,5.4443353000000005e-01
4.2209629773063705e+02,1.1157190635451504e+03,0.0000000000000000e+00,5.4443353000000005e-01
4.2413248754427696e+02,1.1192307692307693e+03,0.0000000000000000e+00,5.4443353000000005e-01
4.2617207500100801e+02,1.1227424749163879e+03,0.0000000000000000e+00,5.4443353000000005e-01
4.2821505511650253e+02,1.1262541806020067e+03,0.0000000000000000e+00,5.4443353000000005e-01
4.3026142292927591e+02,1.1297658862876253e+03,0.0000000000000000e+00,5.4443353000000005e-01
4.3231117350051187e+02,1.1332775919732442e+03,0.0000000000000000e+00,5.4443353000000005e-01
4.3436430191388860e+02,1.1367892976588628e+03,0.0000000000000000e+00,5.4443353000000005e-01
4.3642080327540714e+02,1.1403010033444816e+03,0.0000000000000000e+00,5.4443353000000005e-01
4.3848067271322128e+02,1.1438127090301002e+03,0.0000000000000000e+00,5.4443353000000005e-01
4.4054390537747008e+02,1.1473244147157191e+03,0.0000000000000000e+00,5.4443353000000005e-01
4.4261049644011115e+02,1.1508361204013379e+03,0.0000000000000000e+00,5.4443353000000005e-01
4.4468044109475591e+02,1.1543478260869565e+03,0.0000000000000000e+00,5.4443353000000005e-01
4.4675373455650799e+02,1.1578595317725753e+03,0.0000000000000000e+00,5.4443353000000005e-01
4.4883037206180063e+02,1.1613712374581939e+03,0.0000000000000000e+00,5.4443353000000005e-01
4.5091034886823877e+02,1.1648829431438128e+03,0.0000000000000000e+00,5.4443353000000005e-01
4.5299366025444010e+02,1.1683946488294314e+03,0.0000000000000000e+00,5.4443353000000005e-01
4.5508030151988021e+02,1.1719063545150502e+03,0.0000000000000000e+00,5.4443353000000005e-01
4.5717026798473711e+02,1.1754180602006688e+03,0.0000000000000000e+00,5.4443353000000005e-01
4.5926355498973942e+02,1.1789297658862877e+03,0.0000000000000000e+00,5.4443353000000005e-01
4.6136015789601396e+02,1.1824414715719063e+03,0.0000000000000000e+00,5.4443353000000005e-01
4.6346007208493745e+02,1.1859531772575251e+03,0.0000000000000000e+00,5.4443353000000005e-01
4.6556329295798707e+02,1.1894648829431437e+03,0.0000000000000000e+00,5.4443353000000005e-01
4.6766981593659489e+02,1.1929765886287626e+03,0.0000000000000000e+00,5.4443353000000005e-01
4.6977963646200186e+02,1.1964882943143812e+03,0.0000000000000000e+00,5.4443353000000005e-01
4.7189274999511514e+02,1.2000000000000000e+03,0.0000000000000000e+00,5.4443353000000005e-01
